*** t = 0
*** t = 1
0.0 2.0 0.0 1.0 0
*** t = 2
0.0 1.8841651505563541 0.0 1.0 0
0.0 0.0 0.0 1.0 1
0.0 2.0 0.0 1.0 2
1.0 2.0 1.0 1.0 3
*** t = 3
0.0 1.7683303011127083 0.0 1.0 0
0.0 0.13086511995619396 0.0 1.0 1
0.0 1.8767366140951545 0.0 1.0 2
1.0 1.888463002321908 1.0 1.0 3
0.0 2.0 0.0 1.0 4
-1.0 1.0 0.0 1.0 5
1.0 0.0 1.0 1.0 6
2.0 1.0 1.0 1.0 7
*** t = 4
0.0 1.6524954516690624 0.0 1.0 0
0.0 0.2617302399123879 0.0 1.0 1
0.0 1.753473228190309 0.0 1.0 2
1.0 1.776926004643816 1.0 1.0 3
0.0 1.8558670761000795 0.0 1.0 4
-0.9019480410682308 1.0 0.0 1.0 5
1.0 0.08838222090841642 1.0 1.0 6
1.8197613316682115 1.0 1.0 1.0 7
0.0 0.0 0.0 1.0 8
0.0 2.0 0.0 1.0 9
1.0 2.0 1.0 1.0 10
*** t = 5
0.0 1.5366606022254166 0.0 1.0 0
0.0 0.39259535986858185 0.0 1.0 1
0.0 1.6302098422854634 0.0 1.0 2
1.0 1.665389006965724 1.0 1.0 3
0.0 1.711734152200159 0.0 1.0 4
-0.8038960821364616 1.0 0.0 1.0 5
1.0 0.17676444181683285 1.0 1.0 6
1.639522663336423 1.0 1.0 1.0 7
0.0 0.15667300654723448 0.0 1.0 8
0.0 1.8860214523666463 0.0 1.0 9
1.0 1.9143362000388429 1.0 1.0 10
0.0 2.0 0.0 1.0 11
*** t = 6
0.0 1.4208257527817707 0.0 1.0 0
0.0 0.5234604798247758 0.0 1.0 1
0.0 1.5069464563806179 0.0 1.0 2
1.0 1.553852009287632 1.0 1.0 3
0.0 1.5676012283002385 0.0 1.0 4
-0.7058441232046924 1.0 0.0 1.0 5
1.0 0.2651466627252493 1.0 1.0 6
1.4592839950046346 1.0 1.0 1.0 7
0.0 0.31334601309446897 0.0 1.0 8
0.0 1.7720429047332926 0.0 1.0 9
1.0 1.8286724000776857 1.0 1.0 10
0.0 1.8994786831496246 0.0 1.0 11
0.0 0.0 0.0 1.0 12
0.0 2.0 0.0 1.0 13
-1.0 1.0 0.0 1.0 14
1.0 0.0 1.0 1.0 15
1.0 2.0 1.0 1.0 16
2.0 1.0 1.0 1.0 17
*** t = 7
0.0 1.3049909033381248 0.0 1.0 0
0.0 0.6543255997809698 0.0 1.0 1
0.0 1.3836830704757723 0.0 1.0 2
1.0 1.44231501160954 1.0 1.0 3
0.0 1.423468304400318 0.0 1.0 4
-0.6077921642729232 1.0 0.0 1.0 5
1.0 0.3535288836336657 1.0 1.0 6
1.279045326672846 1.0 1.0 1.0 7
0.0 0.47001901964170345 0.0 1.0 8
0.0 1.658064357099939 0.0 1.0 9
1.0 1.7430086001165286 1.0 1.0 10
0.0 1.7989573662992493 0.0 1.0 11
0.0 0.14439834372131016 0.0 1.0 12
0.0 1.8593265182552579 0.0 1.0 13
-0.8975283596602851 1.0 0.0 1.0 14
1.0 0.11703429697238661 1.0 1.0 15
1.0 1.8980943467820415 1.0 1.0 16
1.8541099075147707 1.0 1.0 1.0 17
0.0 2.0 0.0 1.0 18
*** t = 8
0.0 1.189156053894479 0.0 1.0 0
0.0 0.7851907197371638 0.0 1.0 1
0.0 1.2604196845709268 0.0 1.0 2
1.0 1.330778013931448 1.0 1.0 3
0.0 1.2793353805003975 0.0 1.0 4
-0.5097402053411539 1.0 0.0 1.0 5
1.0 0.4419111045420821 1.0 1.0 6
1.0988066583410576 1.0 1.0 1.0 7
0.0 0.6266920261889379 0.0 1.0 8
0.0 1.5440858094665852 0.0 1.0 9
1.0 1.6573448001553714 1.0 1.0 10
0.0 1.698436049448874 0.0 1.0 11
0.0 0.2887966874426203 0.0 1.0 12
0.0 1.7186530365105157 0.0 1.0 13
-0.7950567193205702 1.0 0.0 1.0 14
1.0 0.23406859394477322 1.0 1.0 15
1.0 1.796188693564083 1.0 1.0 16
1.7082198150295413 1.0 1.0 1.0 17
0.0 1.8626548217876266 0.0 1.0 18
0.0 0.0 0.0 1.0 19
0.0 2.0 0.0 1.0 20
1.0 2.0 1.0 1.0 21
*** t = 9
0.0 1.0733212044508331 0.0 1.0 0
0.0 0.9160558396933578 0.0 1.0 1
0.0 1.1371562986660813 0.0 1.0 2
1.0 1.219241016253356 1.0 1.0 3
0.0 1.135202456600477 0.0 1.0 4
-0.41168824640938473 1.0 0.0 1.0 5
1.0 0.5302933254504986 1.0 1.0 6
1.0 0.9185679900092691 1.0 0.0 7
0.0 0.7833650327361724 0.0 1.0 8
0.0 1.4301072618332316 0.0 1.0 9
1.0 1.5716810001942143 1.0 1.0 10
0.0 1.5979147325984986 0.0 1.0 11
0.0 0.4331950311639305 0.0 1.0 12
0.0 1.5779795547657736 0.0 1.0 13
-0.6925850789808553 1.0 0.0 1.0 14
1.0 0.35110289091715985 1.0 1.0 15
1.0 1.6942830403461244 1.0 1.0 16
1.562329722544312 1.0 1.0 1.0 17
0.0 1.7253096435752533 0.0 1.0 18
0.0 0.15399251619213536 0.0 1.0 19
0.0 1.8753471562871453 0.0 1.0 20
1.0 1.9130540258884567 1.0 1.0 21
0.0 2.0 0.0 1.0 22
-1.0 1.0 0.0 1.0 23
1.0 0.0 1.0 1.0 24
2.0 1.0 1.0 1.0 25
*** t = 10
-0.04251364499281271 1.0 -1.0 1.0 0
-0.04692095964955176 1.0 -1.0 1.0 1
0.0 1.0138929127612357 0.0 1.0 2
1.0 1.107704018575264 1.0 1.0 3
0.008930467299443412 1.0 1.0 1.0 4
-0.3136362874776155 1.0 0.0 1.0 5
1.0 0.618675546358915 1.0 1.0 6
1.0 0.7383293216774807 1.0 0.0 7
0.0 0.9400380392834069 0.0 1.0 8
0.0 1.3161287141998779 0.0 1.0 9
1.0 1.4860172002330572 1.0 1.0 10
0.0 1.4973934157481232 0.0 1.0 11
0.0 0.5775933748852407 0.0 1.0 12
0.0 1.4373060730210314 0.0 1.0 13
-0.5901134386411404 1.0 0.0 1.0 14
1.0 0.46813718788954645 1.0 1.0 15
1.0 1.592377387128166 1.0 1.0 16
1.4164396300590827 1.0 1.0 1.0 17
0.0 1.58796446536288 0.0 1.0 18
0.0 0.3079850323842707 0.0 1.0 19
0.0 1.7506943125742906 0.0 1.0 20
1.0 1.8261080517769135 1.0 1.0 21
0.0 1.9145855935236757 0.0 1.0 22
-0.8592883395110594 1.0 0.0 1.0 23
1.0 0.12998132780457358 1.0 1.0 24
1.8601491790122375 1.0 1.0 1.0 25
0.0 0.0 0.0 1.0 26
0.0 2.0 0.0 1.0 27
1.0 2.0 1.0 1.0 28
*** t = 11
-0.15834849443645854 1.0 -1.0 1.0 0
-0.17778607960574572 1.0 -1.0 1.0 1
0.10937047314360976 1.0 1.0 1.0 2
1.0 0.996167020897172 1.0 0.0 3
0.15306339119936385 1.0 1.0 1.0 4
-0.2155843285458463 1.0 0.0 1.0 5
1.0 0.7070577672673314 1.0 1.0 6
1.0 0.5580906533456922 1.0 0.0 7
0.09671104583064138 1.0 1.0 1.0 8
0.0 1.2021501665665242 0.0 1.0 9
1.0 1.4003534002719 1.0 1.0 10
0.0 1.3968720988977479 0.0 1.0 11
0.0 0.7219917186065508 0.0 1.0 12
0.0 1.2966325912762893 0.0 1.0 13
-0.4876417983014255 1.0 0.0 1.0 14
1.0 0.585171484861933 1.0 1.0 15
1.0 1.4904717339102074 1.0 1.0 16
1.2705495375738534 1.0 1.0 1.0 17
0.0 1.4506192871505066 0.0 1.0 18
0.0 0.46197754857640605 0.0 1.0 19
0.0 1.626041468861436 0.0 1.0 20
1.0 1.7391620776653702 1.0 1.0 21
0.0 1.8291711870473515 0.0 1.0 22
-0.7185766790221189 1.0 0.0 1.0 23
1.0 0.25996265560914716 1.0 1.0 24
1.720298358024475 1.0 1.0 1.0 25
0.0 0.14890458199701637 0.0 1.0 26
0.0 1.8525793967023296 0.0 1.0 27
1.0 1.885816892528811 1.0 1.0 28
0.0 2.0 0.0 1.0 29
*** t = 12
-0.27418334388010435 1.0 -1.0 1.0 0
-0.30865119956193965 1.0 -1.0 1.0 1
0.23263385904845524 1.0 1.0 1.0 2
1.0 0.88463002321908 1.0 0.0 3
0.2971963150992843 1.0 1.0 1.0 4
-0.1175323696140771 1.0 0.0 1.0 5
1.0 0.7954399881757478 1.0 1.0 6
1.0 0.3778519850139037 1.0 0.0 7
0.25338405237787587 1.0 1.0 1.0 8
0.0 1.0881716189331705 0.0 1.0 9
1.0 1.314689600310743 1.0 1.0 10
0.0 1.2963507820473725 0.0 1.0 11
0.0 0.8663900623278609 0.0 1.0 12
0.0 1.1559591095315471 0.0 1.0 13
-0.3851701579617106 1.0 0.0 1.0 14
1.0 0.7022057818343197 1.0 1.0 15
1.0 1.3885660806922488 1.0 1.0 16
1.124659445088624 1.0 1.0 1.0 17
0.0 1.3132741089381332 0.0 1.0 18
0.0 0.6159700647685414 0.0 1.0 19
0.0 1.5013886251485813 0.0 1.0 20
1.0 1.652216103553827 1.0 1.0 21
0.0 1.7437567805710272 0.0 1.0 22
-0.5778650185331783 1.0 0.0 1.0 23
1.0 0.3899439834137207 1.0 1.0 24
1.5804475370367126 1.0 1.0 1.0 25
0.0 0.29780916399403273 0.0 1.0 26
0.0 1.7051587934046593 0.0 1.0 27
1.0 1.771633785057622 1.0 1.0 28
0.0 1.8657957319708187 0.0 1.0 29
0.0 0.0 0.0 1.0 30
0.0 2.0 0.0 1.0 31
-1.0 1.0 0.0 1.0 32
1.0 0.0 1.0 1.0 33
1.0 2.0 1.0 1.0 34
2.0 1.0 1.0 1.0 35
*** t = 13
-0.3900181933237502 1.0 -1.0 1.0 0
-0.43951631951813364 1.0 -1.0 1.0 1
0.3558972449533007 1.0 1.0 1.0 2
1.0 0.773093025540988 1.0 0.0 3
0.44132923899920473 1.0 1.0 1.0 4
-0.019480410682307908 1.0 0.0 1.0 5
1.0 0.8838222090841642 1.0 1.0 6
1.0 0.19761331668211524 1.0 0.0 7
0.41005705892511035 1.0 1.0 1.0 8
-0.025806928700183196 1.0 -1.0 1.0 9
1.0 1.2290258003495858 1.0 1.0 10
0.0 1.1958294651969972 0.0 1.0 11
0.0 1.010788406049171 0.0 2.0 12
0.0 1.015285627786805 0.0 1.0 13
-0.2826985176219957 1.0 0.0 1.0 14
1.0 0.8192400788067064 1.0 1.0 15
1.0 1.2866604274742903 1.0 1.0 16
1.0 1.0212306473966053 1.0 2.0 17
0.0 1.1759289307257599 0.0 1.0 18
0.0 0.7699625809606768 0.0 1.0 19
0.0 1.3767357814357266 0.0 1.0 20
1.0 1.5652701294422837 1.0 1.0 21
0.0 1.658342374094703 0.0 1.0 22
-0.4371533580442377 1.0 0.0 1.0 23
1.0 0.5199253112182943 1.0 1.0 24
1.4405967160489501 1.0 1.0 1.0 25
0.0 0.44671374599104907 0.0 1.0 26
0.0 1.5577381901069889 0.0 1.0 27
1.0 1.657450677586433 1.0 1.0 28
0.0 1.7315914639416374 0.0 1.0 29
0.0 0.09791116429049403 0.0 1.0 30
0.0 1.8358337625576762 0.0 1.0 31
-0.8476169048815535 1.0 0.0 1.0 32
1.0 0.11400922153579071 1.0 1.0 33
1.0 1.8380805153646949 1.0 1.0 34
1.8881407646279658 1.0 1.0 1.0 35
0.0 2.0 0.0 1.0 36
*** t = 14
-0.5058530427673961 1.0 -1.0 1.0 0
-0.5703814394743276 1.0 -1.0 1.0 1
0.4791606308581462 1.0 1.0 1.0 2
1.0 0.661556027862896 1.0 0.0 3
0.5854621628991252 1.0 1.0 1.0 4
0.07857154824946129 1.0 1.0 1.0 5
1.0 0.9722044299925806 1.0 1.0 6
1.0 0.01737464835032676 1.0 0.0 7
0.5667300654723448 1.0 1.0 1.0 8
-0.13978547633353688 1.0 -1.0 1.0 9
1.0 1.1433620003884286 1.0 1.0 10
0.0 1.0953081483466218 0.0 1.0 11
0.0 1.155186749770481 0.0 2.0 12
0.1253878539579372 1.0 1.0 1.0 13
-0.1802268772822808 1.0 0.0 1.0 14
1.0 0.936274375779093 1.0 1.0 15
1.0 1.1847547742563318 1.0 1.0 16
1.0 1.1671207398818346 1.0 2.0 17
0.0 1.0385837525133865 0.0 1.0 18
0.0 0.9239550971528122 0.0 1.0 19
0.0 1.252082937722872 0.0 1.0 20
1.0 1.4783241553307405 1.0 1.0 21
0.0 1.5729279676183787 0.0 1.0 22
-0.29644169755529715 1.0 0.0 1.0 23
1.0 0.6499066390228679 1.0 1.0 24
1.3007458950611877 1.0 1.0 1.0 25
0.0 0.5956183279880655 0.0 1.0 26
0.0 1.4103175868093185 0.0 1.0 27
1.0 1.543267570115244 1.0 1.0 28
0.0 1.5973871959124561 0.0 1.0 29
0.0 0.19582232858098805 0.0 1.0 30
0.0 1.6716675251153523 0.0 1.0 31
-0.695233809763107 1.0 0.0 1.0 32
1.0 0.22801844307158142 1.0 1.0 33
1.0 1.6761610307293897 1.0 1.0 34
1.7762815292559315 1.0 1.0 1.0 35
0.0 1.8671945863074848 0.0 1.0 36
0.0 0.0 0.0 1.0 37
0.0 2.0 0.0 1.0 38
1.0 2.0 1.0 1.0 39
*** t = 15
-0.6216878922110419 1.0 -1.0 1.0 0
-0.7012465594305216 1.0 -1.0 1.0 1
0.6024240167629917 1.0 1.0 1.0 2
1.0 0.550019030184804 1.0 0.0 3
0.7295950867990457 1.0 1.0 1.0 4
0.1766235071812305 1.0 1.0 1.0 5
0.939413349099003 1.0 0.0 1.0 6
0.7234030720195793 1.0 1.0 1.0 8
-0.2537640239668906 1.0 -1.0 1.0 9
1.0 1.0576982004272715 1.0 1.0 10
0.0 0.9947868314962465 0.0 0.0 11
0.0 1.2995850934917912 0.0 2.0 12
0.26606133570267937 1.0 1.0 1.0 13
-0.07775523694256586 1.0 0.0 1.0 14
0.9466913272485203 1.0 0.0 1.0 15
1.0 1.0828491210383733 1.0 1.0 16
1.0 1.313010832367064 1.0 2.0 17
-0.09876142569898683 1.0 -1.0 1.0 18
0.0 1.0779476133449475 0.0 2.0 19
0.0 1.1274300940100173 0.0 1.0 20
1.0 1.3913781812191972 1.0 1.0 21
0.0 1.4875135611420545 0.0 1.0 22
-0.15573003706635657 1.0 0.0 1.0 23
1.0 0.7798879668274415 1.0 1.0 24
1.1608950740734252 1.0 1.0 1.0 25
0.0 0.7445229099850819 0.0 1.0 26
0.0 1.2628969835116481 0.0 1.0 27
1.0 1.429084462644055 1.0 1.0 28
0.0 1.4631829278832749 0.0 1.0 29
0.0 0.2937334928714821 0.0 1.0 30
0.0 1.5075012876730285 0.0 1.0 31
-0.5428507146446605 1.0 0.0 1.0 32
1.0 0.3420276646073721 1.0 1.0 33
1.0 1.5142415460940846 1.0 1.0 34
1.6644222938838973 1.0 1.0 1.0 35
0.0 1.7343891726149696 0.0 1.0 36
0.0 0.13291876578430878 0.0 1.0 37
0.0 1.9185633224480683 0.0 1.0 38
1.0 1.877497193460524 1.0 1.0 39
0.0 2.0 0.0 1.0 40
-1.0 1.0 0.0 1.0 41
1.0 0.0 1.0 1.0 42
2.0 1.0 1.0 1.0 43
*** t = 16
-0.7375227416546878 1.0 -1.0 1.0 0
-0.8321116793867156 1.0 -1.0 1.0 1
0.7256874026678373 1.0 1.0 1.0 2
1.0 0.4384820325067121 1.0 0.0 3
0.8737280106989662 1.0 1.0 1.0 4
0.2746754661129997 1.0 1.0 1.0 5
0.8510311281905866 1.0 0.0 1.0 6
0.8800760785668138 1.0 1.0 1.0 8
-0.36774257160024426 1.0 -1.0 1.0 9
1.0279655995338857 1.0 2.0 1.0 10
0.0 0.8942655146458711 0.0 0.0 11
0.0 1.4439834372131013 0.0 2.0 12
0.40673481744742157 1.0 1.0 1.0 13
0.0 1.024716403397149 0.0 2.0 14
0.8296570302761337 1.0 0.0 1.0 15
1.0 0.9809434678204149 1.0 0.0 16
1.0 1.4589009248522933 1.0 2.0 17
-0.23610660391136018 1.0 -1.0 1.0 18
0.0 1.2319401295370829 0.0 2.0 19
0.0 1.0027772502971626 0.0 1.0 20
1.0 1.304432207107654 1.0 1.0 21
0.0 1.4020991546657302 0.0 1.0 22
-0.015018376577416004 1.0 0.0 1.0 23
1.0 0.9098692946320152 1.0 1.0 24
1.0210442530856627 1.0 1.0 1.0 25
0.0 0.8934274919820983 0.0 1.0 26
0.0 1.1154763802139778 0.0 1.0 27
1.0 1.314901355172866 1.0 1.0 28
0.0 1.3289786598540936 0.0 1.0 29
0.0 0.3916446571619761 0.0 1.0 30
0.0 1.3433350502307047 0.0 1.0 31
-0.390467619526214 1.0 0.0 1.0 32
1.0 0.45603688614316285 1.0 1.0 33
1.0 1.3523220614587794 1.0 1.0 34
1.552563058511863 1.0 1.0 1.0 35
0.0 1.6015837589224544 0.0 1.0 36
0.0 0.26583753156861756 0.0 1.0 37
0.0 1.8371266448961365 0.0 1.0 38
1.0 1.754994386921048 1.0 1.0 39
0.0 1.8327246764123706 0.0 1.0 40
-0.8328309509290084 1.0 0.0 1.0 41
1.0 0.12565834191161365 1.0 1.0 42
1.8499066502407626 1.0 1.0 1.0 43
0.0 0.0 0.0 1.0 44
0.0 2.0 0.0 1.0 45
1.0 2.0 1.0 1.0 46
*** t = 17
-0.8533575910983336 1.0 -1.0 1.0 0
-0.9629767993429096 1.0 -1.0 1.0 1
0.8489507885726828 1.0 1.0 1.0 2
1.0 0.32694503482862014 1.0 0.0 3
1.0 1.0178609345988867 1.0 2.0 4
0.3727274250447689 1.0 1.0 1.0 5
0.7626489072821702 1.0 0.0 1.0 6
1.0 0.9632509148859517 1.0 0.0 8
-0.48172111923359795 1.0 -1.0 1.0 9
1.1136293994950428 1.0 2.0 1.0 10
0.0 0.7937441977954958 0.0 0.0 11
0.0 1.5883817809344114 0.0 2.0 12
0.5474082991921637 1.0 1.0 1.0 13
0.0 1.127188043736864 0.0 2.0 14
0.712622733303747 1.0 0.0 1.0 15
1.0 0.8790378146024564 1.0 0.0 16
1.0 1.6047910173375226 1.0 2.0 17
-0.37345178212373353 1.0 -1.0 1.0 18
0.0 1.3859326457292183 0.0 2.0 19
0.121875593415692 1.0 1.0 1.0 20
1.0 1.2174862329961107 1.0 1.0 21
0.0 1.316684748189406 0.0 1.0 22
0.0 1.1256932839115246 0.0 2.0 23
0.9601493775634112 1.0 0.0 1.0 24
0.8811934320979002 1.0 0.0 1.0 25
0.04233207397911462 1.0 1.0 1.0 26
0.031944223083692685 1.0 1.0 1.0 27
1.0 1.2007182477016771 1.0 1.0 28
0.0 1.1947743918249123 0.0 1.0 29
0.0 0.4895558214524701 0.0 1.0 30
0.0 1.1791688127883808 0.0 1.0 31
-0.2380845244077675 1.0 0.0 1.0 32
1.0 0.5700461076789536 1.0 1.0 33
1.0 1.1904025768234743 1.0 1.0 34
1.4407038231398288 1.0 1.0 1.0 35
0.0 1.4687783452299392 0.0 1.0 36
0.0 0.39875629735292634 0.0 1.0 37
0.0 1.7556899673442048 0.0 1.0 38
1.0 1.632491580381572 1.0 1.0 39
0.0 1.6654493528247412 0.0 1.0 40
-0.6656619018580168 1.0 0.0 1.0 41
1.0 0.2513166838232273 1.0 1.0 42
1.6998133004815252 1.0 1.0 1.0 43
0.0 0.08898619426311365 0.0 1.0 44
0.0 1.9165566983329887 0.0 1.0 45
1.0 1.8651031975372172 1.0 1.0 46
0.0 2.0 0.0 1.0 47
*** t = 18
-0.9691924405419795 1.0 -1.0 1.0 0
0.9722141744775283 1.0 1.0 1.0 2
1.0 0.2154080371505282 1.0 0.0 3
1.0 1.1619938584988072 1.0 2.0 4
0.4707793839765381 1.0 1.0 1.0 5
0.6742666863737538 1.0 0.0 1.0 6
1.0 0.8065779083387172 1.0 0.0 8
-0.5956996668669516 1.0 -1.0 1.0 9
1.1992931994562 1.0 2.0 1.0 10
0.0 0.6932228809451204 0.0 0.0 11
0.0 1.7327801246557215 0.0 2.0 12
0.6880817809369059 1.0 1.0 1.0 13
0.0 1.229659684076579 0.0 2.0 14
0.5955884363313604 1.0 0.0 1.0 15
1.0 0.777132161384498 1.0 0.0 16
1.0 1.750681109822752 1.0 2.0 17
-0.5107969603361069 1.0 -1.0 1.0 18
0.0 1.5399251619213536 0.0 2.0 19
0.24652843712854658 1.0 1.0 1.0 20
1.0 1.1305402588845674 1.0 1.0 21
0.0 1.2312703417130817 0.0 1.0 22
0.0 1.266404944400465 0.0 2.0 23
0.8301680497588376 1.0 0.0 1.0 24
0.7413426111101378 1.0 0.0 1.0 25
0.191236655976131 1.0 1.0 1.0 26
0.17936482638136314 1.0 1.0 1.0 27
1.0 1.0865351402304881 1.0 1.0 28
0.0 1.060570123795731 0.0 1.0 29
0.0 0.5874669857429642 0.0 1.0 30
0.0 1.015002575346057 0.0 1.0 31
-0.08570142928932101 1.0 0.0 1.0 32
1.0 0.6840553292147443 1.0 1.0 33
1.0 1.0284830921881691 1.0 1.0 34
1.3288445877677946 1.0 1.0 1.0 35
0.0 1.335972931537424 0.0 1.0 36
0.0 0.5316750631372351 0.0 1.0 37
0.0 1.674253289792273 0.0 1.0 38
1.0 1.509988773842096 1.0 1.0 39
0.0 1.4981740292371117 0.0 1.0 40
-0.49849285278702515 1.0 0.0 1.0 41
1.0 0.376975025734841 1.0 1.0 42
1.5497199507222879 1.0 1.0 1.0 43
0.0 0.1779723885262273 0.0 1.0 44
0.0 1.8331133966659774 0.0 1.0 45
1.0 1.7302063950744344 1.0 1.0 46
0.0 1.8890443388254532 0.0 1.0 47
0.0 0.0 0.0 1.0 48
0.0 2.0 0.0 1.0 49
-1.0 1.0 0.0 1.0 50
1.0 0.0 1.0 1.0 51
1.0 2.0 1.0 1.0 52
2.0 1.0 1.0 1.0 53
*** t = 19
1.0 1.0954775603823739 1.0 2.0 2
1.0 0.10387103947243624 1.0 0.0 3
1.0 1.3061267823987277 1.0 2.0 4
0.5688313429083073 1.0 1.0 1.0 5
0.5858844654653373 1.0 0.0 1.0 6
1.0 0.6499049017914827 1.0 0.0 8
-0.7096782145003053 1.0 -1.0 1.0 9
1.284956999417357 1.0 2.0 1.0 10
0.0 0.5927015640947451 0.0 0.0 11
0.0 1.8771784683770316 0.0 2.0 12
0.828755262681648 1.0 1.0 1.0 13
0.0 1.332131324416294 0.0 2.0 14
0.4785541393589738 1.0 0.0 1.0 15
1.0 0.6752265081665396 1.0 0.0 16
1.0 1.8965712023079813 1.0 2.0 17
-0.6481421385484802 1.0 -1.0 1.0 18
0.0 1.693917678113489 0.0 2.0 19
0.3711812808414012 1.0 1.0 1.0 20
1.0 1.0435942847730242 1.0 1.0 21
0.0 1.1458559352367574 0.0 1.0 22
0.0 1.4071166048894055 0.0 2.0 23
0.700186721954264 1.0 0.0 1.0 24
0.6014917901223753 1.0 0.0 1.0 25
0.3401412379731473 1.0 1.0 1.0 26
0.32678542967903357 1.0 1.0 1.0 27
1.0 0.9723520327592993 1.0 0.0 28
0.07363414423345035 1.0 1.0 1.0 29
0.0 0.6853781500334583 0.0 1.0 30
0.14916366209626697 1.0 1.0 1.0 31
0.06668166582912549 1.0 1.0 1.0 32
1.0 0.7980645507505351 1.0 1.0 33
1.0 0.866563607552864 1.0 0.0 34
1.2169853523957603 1.0 1.0 1.0 35
0.0 1.2031675178449088 0.0 1.0 36
0.0 0.6645938289215438 0.0 1.0 37
0.0 1.5928166122403413 0.0 1.0 38
1.0 1.38748596730262 1.0 1.0 39
0.0 1.3308987056494823 0.0 1.0 40
-0.33132380371603354 1.0 0.0 1.0 41
1.0 0.5026333676464546 1.0 1.0 42
1.3996266009630505 1.0 1.0 1.0 43
0.0 0.2669585827893409 0.0 1.0 44
0.0 1.749670094998966 0.0 1.0 45
1.0 1.5953095926116516 1.0 1.0 46
0.0 1.7780886776509064 0.0 1.0 47
0.0 0.11506087061656736 0.0 1.0 48
0.0 1.8572856762233088 0.0 1.0 49
-0.871684230598466 1.0 0.0 1.0 50
1.0 0.10827981856813955 1.0 1.0 51
1.0 1.8396605991130341 1.0 1.0 52
1.86956750117346 1.0 1.0 1.0 53
0.0 2.0 0.0 1.0 54
*** t = 20
1.0 1.2187409462872194 1.0 2.0 2
1.0 1.4502597062986482 1.0 2.0 4
0.6668833018400765 1.0 1.0 1.0 5
0.49750224455692094 1.0 0.0 1.0 6
1.0 0.49323189524424826 1.0 0.0 8
-0.823656762133659 1.0 -1.0 1.0 9
1.3706207993785142 1.0 2.0 1.0 10
0.0 0.4921802472443697 0.0 0.0 11
0.9694287444263902 1.0 1.0 1.0 13
0.0 1.434602964756009 0.0 2.0 14
0.3615198423865872 1.0 0.0 1.0 15
1.0 0.5733208549485812 1.0 0.0 16
-0.7854873167608536 1.0 -1.0 1.0 18
0.0 1.8479101943056244 0.0 2.0 19
0.49583412455425574 1.0 1.0 1.0 20
0.9566483106614809 1.0 0.0 1.0 21
0.0 1.0604415287604332 0.0 1.0 22
0.0 1.547828265378346 0.0 2.0 23
0.5702053941496904 1.0 0.0 1.0 24
0.46164096913461283 1.0 0.0 1.0 25
0.4890458199701637 1.0 1.0 1.0 26
0.47420603297670405 1.0 1.0 1.0 27
1.0 0.8581689252881104 1.0 0.0 28
0.20783841226263172 1.0 1.0 1.0 29
0.0 0.7832893143239523 0.0 1.0 30
0.3133298995385909 1.0 1.0 1.0 31
0.219064760947572 1.0 1.0 1.0 32
1.0 0.9120737722863258 1.0 1.0 33
1.0 0.7046441229175588 1.0 0.0 34
1.105126117023726 1.0 1.0 1.0 35
0.0 1.0703621041523936 0.0 1.0 36
0.0 0.7975125947058526 0.0 1.0 37
0.0 1.5113799346884096 0.0 1.0 38
1.0 1.264983160763144 1.0 1.0 39
0.0 1.163623382061853 0.0 1.0 40
-0.16415475464504195 1.0 0.0 1.0 41
1.0 0.6282917095580682 1.0 1.0 42
1.249533251203813 1.0 1.0 1.0 43
0.0 0.3559447770524546 0.0 1.0 44
0.0 1.6662267933319548 0.0 1.0 45
1.0 1.4604127901488688 1.0 1.0 46
0.0 1.6671330164763596 0.0 1.0 47
0.0 0.23012174123313472 0.0 1.0 48
0.0 1.7145713524466175 0.0 1.0 49
-0.743368461196932 1.0 0.0 1.0 50
1.0 0.2165596371362791 1.0 1.0 51
1.0 1.6793211982260683 1.0 1.0 52
1.73913500234692 1.0 1.0 1.0 53
0.0 1.9038760706642615 0.0 1.0 54
0.0 0.0 0.0 1.0 55
0.0 2.0 0.0 1.0 56
1.0 2.0 1.0 1.0 57
*** t = 21
1.0 1.342004332192065 1.0 2.0 2
1.0 1.5943926301985687 1.0 2.0 4
0.7649352607718457 1.0 1.0 1.0 5
0.4091200236485045 1.0 0.0 1.0 6
1.0 0.3365588886970138 1.0 0.0 8
-0.9376353097670127 1.0 -1.0 1.0 9
1.4562845993396714 1.0 2.0 1.0 10
0.0 0.39165893039399435 0.0 0.0 11
1.1101022261711324 1.0 2.0 1.0 13
0.0 1.537074605095724 0.0 2.0 14
0.2444855454142006 1.0 0.0 1.0 15
1.0 0.4714152017306228 1.0 0.0 16
-0.922832494973227 1.0 -1.0 1.0 18
0.6204869682671104 1.0 1.0 1.0 20
0.8697023365499377 1.0 0.0 1.0 21
0.024972877715891115 1.0 1.0 1.0 22
0.0 1.6885399258672864 0.0 2.0 23
0.4402240663451168 1.0 0.0 1.0 24
0.32179014814685036 1.0 0.0 1.0 25
0.6379504019671801 1.0 1.0 1.0 26
0.6216266362743745 1.0 1.0 1.0 27
1.0 0.7439858178169215 1.0 0.0 28
0.34204268029181306 1.0 1.0 1.0 29
0.0 0.8812004786144464 0.0 1.0 30
0.47749613698091486 1.0 1.0 1.0 31
0.3714478560660185 1.0 1.0 1.0 32
1.0260829938221165 1.0 2.0 1.0 33
1.0 0.5427246382822537 1.0 0.0 34
0.9932668816516917 1.0 0.0 1.0 35
0.062443309540121644 1.0 1.0 1.0 36
0.0 0.9304313604901613 0.0 1.0 37
0.0 1.4299432571364779 0.0 1.0 38
1.0 1.1424803542236681 1.0 1.0 39
0.0036519415257765253 1.0 1.0 1.0 40
0.0030142944259496374 1.0 1.0 1.0 41
1.0 0.7539500514696819 1.0 1.0 42
1.0994399014445757 1.0 1.0 1.0 43
0.0 0.44493097131556825 0.0 1.0 44
0.0 1.5827834916649435 0.0 1.0 45
1.0 1.325515987686086 1.0 1.0 46
0.0 1.5561773553018128 0.0 1.0 47
0.0 0.3451826118497021 0.0 1.0 48
0.0 1.5718570286699263 0.0 1.0 49
-0.615052691795398 1.0 0.0 1.0 50
1.0 0.32483945570441863 1.0 1.0 51
1.0 1.5189817973391024 1.0 1.0 52
1.6087025035203801 1.0 1.0 1.0 53
0.0 1.807752141328523 0.0 1.0 54
0.0 0.11977096286142652 0.0 1.0 55
0.0 1.9188203996304356 0.0 1.0 56
1.0 1.9072307662727654 1.0 1.0 57
0.0 2.0 0.0 1.0 58
-1.0 1.0 0.0 1.0 59
1.0 0.0 1.0 1.0 60
2.0 1.0 1.0 1.0 61
*** t = 22
1.0 1.4652677180969105 1.0 2.0 2
1.0 1.7385255540984892 1.0 2.0 4
0.8629872197036149 1.0 1.0 1.0 5
0.3207378027400881 1.0 0.0 1.0 6
1.0 0.1798858821497793 1.0 0.0 8
1.5419483993008285 1.0 2.0 1.0 10
0.0 0.291137613543619 0.0 0.0 11
1.2507757079158746 1.0 2.0 1.0 13
0.0 1.639546245435439 0.0 2.0 14
0.127451248441814 1.0 0.0 1.0 15
1.0 0.3695095485126644 1.0 0.0 16
0.7451398119799649 1.0 1.0 1.0 20
0.7827563624383944 1.0 0.0 1.0 21
0.11038728419221541 1.0 1.0 1.0 22
0.0 1.8292515863562269 0.0 2.0 23
0.3102427385405432 1.0 0.0 1.0 24
0.1819393271590879 1.0 0.0 1.0 25
0.7868549839641965 1.0 1.0 1.0 26
0.769047239572045 1.0 1.0 1.0 27
1.0 0.6298027103457327 1.0 0.0 28
0.47624694832099446 1.0 1.0 1.0 29
0.0 0.9791116429049405 0.0 1.0 30
0.6416623744232388 1.0 1.0 1.0 31
0.523830951184465 1.0 1.0 1.0 32
1.1400922153579072 1.0 2.0 1.0 33
1.0 0.38080515364694856 1.0 0.0 34
0.8814076462796574 1.0 0.0 1.0 35
0.19524872323263692 1.0 1.0 1.0 36
0.0 1.06335012627447 0.0 2.0 37
0.0 1.3485065795845461 0.0 1.0 38
1.0 1.0199775476841921 1.0 1.0 39
0.17092726511340595 1.0 1.0 1.0 40
0.17018334349694123 1.0 1.0 1.0 41
1.0 0.8796083933812955 1.0 1.0 42
0.9493465516853383 1.0 0.0 1.0 43
0.0 0.5339171655786819 0.0 1.0 44
0.0 1.4993401899979322 0.0 1.0 45
1.0 1.1906191852233032 1.0 1.0 46
0.0 1.445221694127266 0.0 1.0 47
0.0 0.46024348246626945 0.0 1.0 48
0.0 1.429142704893235 0.0 1.0 49
-0.486736922393864 1.0 0.0 1.0 50
1.0 0.4331192742725582 1.0 1.0 51
1.0 1.3586423964521366 1.0 1.0 52
1.4782700046938402 1.0 1.0 1.0 53
0.0 1.7116282119927844 0.0 1.0 54
0.0 0.23954192572285304 0.0 1.0 55
0.0 1.8376407992608712 0.0 1.0 56
1.0 1.8144615325455309 1.0 1.0 57
0.0 1.8778132866173718 0.0 1.0 58
-0.8558340756709397 1.0 0.0 1.0 59
1.0 0.13574661866548732 1.0 1.0 60
1.8783198849384015 1.0 1.0 1.0 61
0.0 0.0 0.0 1.0 62
0.0 2.0 0.0 1.0 63
1.0 2.0 1.0 1.0 64
*** t = 23
1.0 1.588531104001756 1.0 2.0 2
1.0 1.8826584779984097 1.0 2.0 4
0.9610391786353841 1.0 1.0 1.0 5
0.2323555818316717 1.0 0.0 1.0 6
1.0 0.023212875602544814 1.0 0.0 8
1.6276121992619856 1.0 2.0 1.0 10
0.0 0.19061629669324365 0.0 0.0 11
1.3914491896606167 1.0 2.0 1.0 13
0.0 1.742017885775154 0.0 2.0 14
0.01041695146942738 1.0 0.0 1.0 15
1.0 0.26760389529470596 1.0 0.0 16
0.8697926556928195 1.0 1.0 1.0 20
0.6958103883268512 1.0 0.0 1.0 21
0.1958016906685397 1.0 1.0 1.0 22
0.0 1.9699632468451673 0.0 2.0 23
0.1802614107359696 1.0 0.0 1.0 24
0.042088506171325424 1.0 0.0 1.0 25
0.9357595659612129 1.0 1.0 1.0 26
0.9164678428697155 1.0 1.0 1.0 27
1.0 0.5156196028745438 1.0 0.0 28
0.6104512163501759 1.0 1.0 1.0 29
-0.07702280719543449 1.0 -1.0 1.0 30
0.8058286118655628 1.0 1.0 1.0 31
0.6762140463029115 1.0 1.0 1.0 32
1.2541014368936978 1.0 2.0 1.0 33
1.0 0.2188856690116434 1.0 0.0 34
0.769548410907623 1.0 0.0 1.0 35
0.3280541369251522 1.0 1.0 1.0 36
0.0 1.1962688920587787 0.0 2.0 37
0.0 1.2670699020326144 0.0 1.0 38
1.0 0.8974747411447161 1.0 0.0 39
0.33820258870103537 1.0 1.0 1.0 40
0.3373523925679328 1.0 1.0 1.0 41
1.0 1.0052667352929092 1.0 2.0 42
0.7992532019261009 1.0 0.0 1.0 43
0.0 0.6229033598417955 0.0 1.0 44
0.0 1.4158968883309209 0.0 1.0 45
1.0 1.0557223827605204 1.0 1.0 46
0.0 1.3342660329527192 0.0 1.0 47
0.0 0.5753043530828368 0.0 1.0 48
0.0 1.2864283811165438 0.0 1.0 49
-0.35842115299233 1.0 0.0 1.0 50
1.0 0.5413990928406978 1.0 1.0 51
1.0 1.1983029955651707 1.0 1.0 52
1.3478375058673002 1.0 1.0 1.0 53
0.0 1.6155042826570458 0.0 1.0 54
0.0 0.35931288858427957 0.0 1.0 55
0.0 1.7564611988913068 0.0 1.0 56
1.0 1.7216922988182963 1.0 1.0 57
0.0 1.7556265732347436 0.0 1.0 58
-0.7116681513418794 1.0 0.0 1.0 59
1.0 0.27149323733097463 1.0 1.0 60
1.756639769876803 1.0 1.0 1.0 61
0.0 0.06989499295921622 0.0 1.0 62
0.0 1.8711799945522383 0.0 1.0 63
1.0 1.8361617108224328 1.0 1.0 64
0.0 2.0 0.0 1.0 65
*** t = 24
1.0 1.7117944899066015 1.0 2.0 2
1.0 0.9409088624328467 1.0 0.0 5
0.1439733609232553 1.0 0.0 1.0 6
1.7132759992231428 1.0 2.0 1.0 10
0.0 0.09009497984286831 0.0 0.0 11
1.5321226714053588 1.0 2.0 1.0 13
0.0 1.844489526114869 0.0 2.0 14
0.0 0.8933826544970408 0.0 0.0 15
1.0 0.16569824207674755 1.0 0.0 16
0.9944454994056741 1.0 1.0 1.0 20
0.6088644142153079 1.0 0.0 1.0 21
0.281216097144864 1.0 1.0 1.0 22
0.05028008293139602 1.0 0.0 1.0 24
0.0 0.902237685183563 0.0 0.0 25
1.0846641479582293 1.0 2.0 1.0 26
1.0 0.936111553832614 1.0 0.0 27
1.0 0.40143649540335485 1.0 0.0 28
0.7446554843793572 1.0 1.0 1.0 29
-0.1749339714859285 1.0 -1.0 1.0 30
0.9699948493078867 1.0 1.0 1.0 31
0.828597141421358 1.0 1.0 1.0 32
1.3681106584294884 1.0 2.0 1.0 33
1.0 0.05696618437633827 1.0 0.0 34
0.6576891755355887 1.0 0.0 1.0 35
0.4608595506176675 1.0 1.0 1.0 36
0.0 1.3291876578430875 0.0 2.0 37
0.0 1.1856332244806826 0.0 1.0 38
1.0 0.7749719346052402 1.0 0.0 39
0.5054779122886648 1.0 1.0 1.0 40
0.5045214416389244 1.0 1.0 1.0 41
1.0 1.130925077204523 1.0 2.0 42
0.6491598521668636 1.0 0.0 1.0 43
0.0 0.7118895541049091 0.0 1.0 44
0.0 1.3324535866639096 0.0 1.0 45
0.9208255802977376 1.0 0.0 1.0 46
0.0 1.2233103717781724 0.0 1.0 47
0.0 0.6903652236994041 0.0 1.0 48
0.0 1.1437140573398525 0.0 1.0 49
-0.23010538359079602 1.0 0.0 1.0 50
1.0 0.6496789114088373 1.0 1.0 51
1.0 1.0379635946782049 1.0 1.0 52
1.2174050070407603 1.0 1.0 1.0 53
0.0 1.5193803533213073 0.0 1.0 54
0.0 0.4790838514457061 0.0 1.0 55
0.0 1.6752815985217424 0.0 1.0 56
1.0 1.6289230650910618 1.0 1.0 57
0.0 1.6334398598521154 0.0 1.0 58
-0.5675022270128192 1.0 0.0 1.0 59
1.0 0.40723985599646195 1.0 1.0 60
1.6349596548152046 1.0 1.0 1.0 61
0.0 0.13978998591843245 0.0 1.0 62
0.0 1.7423599891044765 0.0 1.0 63
1.0 1.6723234216448657 1.0 1.0 64
0.0 1.876159278582342 0.0 1.0 65
0.0 0.0 0.0 1.0 66
0.0 2.0 0.0 1.0 67
-1.0 1.0 0.0 1.0 68
1.0 0.0 1.0 1.0 69
1.0 2.0 1.0 1.0 70
2.0 1.0 1.0 1.0 71
*** t = 25
1.0 1.835057875811447 1.0 2.0 2
1.0 0.8428569035010774 1.0 0.0 5
0.05559114001483888 1.0 0.0 1.0 6
1.7989397991843 1.0 2.0 1.0 10
1.672796153150101 1.0 2.0 1.0 13
0.0 1.946961166454584 0.0 2.0 14
0.0 0.7763483575246541 0.0 0.0 15
1.0 0.06379258885878912 1.0 0.0 16
1.1190983431185286 1.0 2.0 1.0 20
0.5219184401037646 1.0 0.0 1.0 21
0.3666305036211883 1.0 1.0 1.0 22
-0.07970124487317756 1.0 -1.0 1.0 24
0.0 0.7623868641958005 0.0 0.0 25
1.2335687299552456 1.0 2.0 1.0 26
1.0 0.7886909505349435 1.0 0.0 27
1.0 0.2872533879321659 1.0 0.0 28
0.8788597524085386 1.0 1.0 1.0 29
-0.27284513577642255 1.0 -1.0 1.0 30
1.1341610867502108 1.0 2.0 1.0 31
0.9809802365398045 1.0 1.0 1.0 32
1.482119879965279 1.0 2.0 1.0 33
0.5458299401635544 1.0 0.0 1.0 35
0.5936649643101828 1.0 1.0 1.0 36
0.0 1.4621064236273962 0.0 2.0 37
0.0 1.104196546928751 0.0 1.0 38
1.0 0.6524691280657642 1.0 0.0 39
0.6727532358762942 1.0 1.0 1.0 40
0.671690490709916 1.0 1.0 1.0 41
1.0 1.2565834191161367 1.0 2.0 42
0.4990665024076262 1.0 0.0 1.0 43
0.0 0.8008757483680227 0.0 1.0 44
0.0 1.2490102849968983 0.0 1.0 45
0.7859287778349549 1.0 0.0 1.0 46
0.0 1.1123547106036256 0.0 1.0 47
0.0 0.8054260943159715 0.0 1.0 48
0.0 1.0009997335631613 0.0 1.0 49
-0.10178961418926202 1.0 0.0 1.0 50
1.0 0.7579587299769768 1.0 1.0 51
0.877624193791239 1.0 0.0 1.0 52
1.0869725082142203 1.0 1.0 1.0 53
0.0 1.4232564239855687 0.0 1.0 54
0.0 0.5988548143071326 0.0 1.0 55
0.0 1.594101998152178 0.0 1.0 56
1.0 1.5361538313638272 1.0 1.0 57
0.0 1.5112531464694872 0.0 1.0 58
-0.4233363026837588 1.0 0.0 1.0 59
1.0 0.5429864746619493 1.0 1.0 60
1.513279539753606 1.0 1.0 1.0 61
0.0 0.20968497887764867 0.0 1.0 62
0.0 1.6135399836567148 0.0 1.0 63
1.0 1.5084851324672985 1.0 1.0 64
0.0 1.752318557164684 0.0 1.0 65
0.0 0.1734223522395776 0.0 1.0 66
0.0 1.8450013616071694 0.0 1.0 67
-0.8783787938501104 1.0 0.0 1.0 68
1.0 0.1413022672980723 1.0 1.0 69
1.0 1.9305995734409307 1.0 1.0 70
1.8725261291569946 1.0 1.0 1.0 71
0.0 2.0 0.0 1.0 72
*** t = 26
1.0 1.9583212617162926 1.0 2.0 2
1.0 0.7448049445693082 1.0 0.0 5
0.0 0.9672089191064225 0.0 0.0 6
1.884603599145457 1.0 2.0 1.0 10
1.8134696348948431 1.0 2.0 1.0 13
0.0 0.6593140605522675 0.0 0.0 15
1.2437511868313833 1.0 2.0 1.0 20
0.43497246599222145 1.0 0.0 1.0 21
0.45204491009751263 1.0 1.0 1.0 22
-0.20968257267775114 1.0 -1.0 1.0 24
0.0 0.622536043208038 0.0 0.0 25
1.3824733119522619 1.0 2.0 1.0 26
1.0 0.641270347237273 1.0 0.0 27
1.0 0.173070280460977 1.0 0.0 28
1.01306402043772 1.0 2.0 1.0 29
-0.37075630006691657 1.0 -1.0 1.0 30
1.2983273241925346 1.0 2.0 1.0 31
1.0 1.133363331658251 1.0 2.0 32
1.5961291015010697 1.0 2.0 1.0 33
0.43397070479152 1.0 0.0 1.0 35
0.7264703780026981 1.0 1.0 1.0 36
0.0 1.595025189411705 0.0 2.0 37
0.0 1.0227598693768192 0.0 1.0 38
1.0 0.5299663215262882 1.0 0.0 39
0.8400285594639236 1.0 1.0 1.0 40
0.8388595397809077 1.0 1.0 1.0 41
1.0 1.3822417610277504 1.0 2.0 42
0.3489731526483888 1.0 0.0 1.0 43
0.0 0.8898619426311363 0.0 1.0 44
0.0 1.165566983329887 0.0 1.0 45
0.6510319753721721 1.0 0.0 1.0 46
0.0 1.0013990494290788 0.0 1.0 47
0.0 0.9204869649325388 0.0 1.0 48
-0.14171459021353003 1.0 -1.0 1.0 49
0.0 1.026526155212272 0.0 2.0 50
1.0 0.8662385485451163 1.0 1.0 51
0.7172847929042732 1.0 0.0 1.0 52
1.0 0.9565400093876802 1.0 0.0 53
0.0 1.3271324946498302 0.0 1.0 54
0.0 0.7186257771685591 0.0 1.0 55
0.0 1.5129223977826136 0.0 1.0 56
1.0 1.4433845976365927 1.0 1.0 57
0.0 1.389066433086859 0.0 1.0 58
-0.2791703783546985 1.0 0.0 1.0 59
1.0 0.6787330933274366 1.0 1.0 60
1.3915994246920076 1.0 1.0 1.0 61
0.0 0.2795799718368649 0.0 1.0 62
0.0 1.484719978208953 0.0 1.0 63
1.0 1.3446468432897314 1.0 1.0 64
0.0 1.628477835747026 0.0 1.0 65
0.0 0.3468447044791552 0.0 1.0 66
0.0 1.6900027232143389 0.0 1.0 67
-0.7567575877002208 1.0 0.0 1.0 68
1.0 0.2826045345961446 1.0 1.0 69
1.0 1.8611991468818614 1.0 1.0 70
1.7450522583139891 1.0 1.0 1.0 71
0.0 1.9013586857339768 0.0 1.0 72
0.0 0.0 0.0 1.0 73
0.0 2.0 0.0 1.0 74
1.0 2.0 1.0 1.0 75
*** t = 27
1.0 0.646752985637539 1.0 0.0 5
0.0 0.8788266981980061 0.0 0.0 6
1.9702673991066142 1.0 2.0 1.0 10
1.9541431166395853 1.0 2.0 1.0 13
0.0 0.5422797635798808 0.0 0.0 15
1.368404030544238 1.0 2.0 1.0 20
0.34802649188067825 1.0 0.0 1.0 21
0.5374593165738369 1.0 1.0 1.0 22
-0.33966390048232475 1.0 -1.0 1.0 24
0.0 0.48268522222027554 0.0 0.0 25
1.5313778939492781 1.0 2.0 1.0 26
1.0 0.49384974393960257 1.0 0.0 27
1.0 0.058887172989788086 1.0 0.0 28
1.1472682884669012 1.0 2.0 1.0 29
-0.4686674643574106 1.0 -1.0 1.0 30
1.4624935616348584 1.0 2.0 1.0 31
1.0 1.2857464267766976 1.0 2.0 32
1.7101383230368603 1.0 2.0 1.0 33
0.32211146941948565 1.0 0.0 1.0 35
0.8592757916952134 1.0 1.0 1.0 36
0.0 1.7279439551960136 0.0 2.0 37
0.058676808175112616 1.0 1.0 1.0 38
1.0 0.40746351498681227 1.0 0.0 39
1.0 1.007303883051553 1.0 2.0 40
1.0 1.0060285888518992 1.0 2.0 41
1.0 1.5079001029393642 1.0 2.0 42
0.19887980288915144 1.0 0.0 1.0 43
0.0 0.9788481368942499 0.0 1.0 44
0.0 1.0821236816628756 0.0 1.0 45
0.5161351729093893 1.0 0.0 1.0 46
0.10955661174546805 1.0 1.0 1.0 47
0.03554783554910615 1.0 1.0 1.0 48
-0.28442891399022135 1.0 -1.0 1.0 49
0.0 1.154841924613806 0.0 2.0 50
1.0 0.9745183671132558 1.0 1.0 51
0.5569453920173073 1.0 0.0 1.0 52
1.0 0.8261075105611402 1.0 0.0 53
0.0 1.2310085653140916 0.0 1.0 54
0.0 0.8383967400299857 0.0 1.0 55
0.0 1.4317427974130492 0.0 1.0 56
1.0 1.350615363909358 1.0 1.0 57
0.0 1.2668797197042307 0.0 1.0 58
-0.13500445402563815 1.0 0.0 1.0 59
1.0 0.8144797119929239 1.0 1.0 60
1.269919309630409 1.0 1.0 1.0 61
0.0 0.3494749647960811 0.0 1.0 62
0.0 1.3558999727611913 0.0 1.0 63
1.0 1.1808085541121642 1.0 1.0 64
0.0 1.504637114329368 0.0 1.0 65
0.0 0.5202670567187329 0.0 1.0 66
0.0 1.5350040848215083 0.0 1.0 67
-0.6351363815503313 1.0 0.0 1.0 68
1.0 0.4239068018942169 1.0 1.0 69
1.0 1.791798720322792 1.0 1.0 70
1.6175783874709837 1.0 1.0 1.0 71
0.0 1.8027173714679536 0.0 1.0 72
0.0 0.11994515013958967 0.0 1.0 73
0.0 1.8571352568691222 0.0 1.0 74
1.0 1.8609822178671835 1.0 1.0 75
0.0 2.0 0.0 1.0 76
-1.0 1.0 0.0 1.0 77
1.0 0.0 1.0 1.0 78
2.0 1.0 1.0 1.0 79
*** t = 28
1.0 0.5487010267057698 1.0 0.0 5
0.0 0.7904444772895897 0.0 0.0 6
0.0 0.42524546660749424 0.0 0.0 15
1.4930568742570927 1.0 2.0 1.0 20
0.26108051776913505 1.0 0.0 1.0 21
0.6228737230501612 1.0 1.0 1.0 22
-0.46964522828689836 1.0 -1.0 1.0 24
0.0 0.3428344012325131 0.0 0.0 25
1.6802824759462944 1.0 2.0 1.0 26
1.0 0.3464291406419321 1.0 0.0 27
1.2814725564960825 1.0 2.0 1.0 29
-0.5665786286479046 1.0 -1.0 1.0 30
1.6266597990771823 1.0 2.0 1.0 31
1.0 1.438129521895144 1.0 2.0 32
1.824147544572651 1.0 2.0 1.0 33
0.2102522340474513 1.0 0.0 1.0 35
0.9920812053877287 1.0 1.0 1.0 36
0.0 1.8608627209803223 0.0 2.0 37
0.1401134857270444 1.0 1.0 1.0 38
1.0 0.28496070844733634 1.0 0.0 39
1.0 1.1745792066391825 1.0 2.0 40
1.0 1.1731976379228908 1.0 2.0 41
1.0 1.633558444850978 1.0 2.0 42
0.04878645312991409 1.0 0.0 1.0 43
0.06783433115736352 1.0 1.0 1.0 44
-0.0013196200041355743 1.0 -1.0 1.0 45
0.3812383704466064 1.0 0.0 1.0 46
0.22051227292001485 1.0 1.0 1.0 47
0.1506087061656735 1.0 1.0 1.0 48
-0.42714323776691265 1.0 -1.0 1.0 49
0.0 1.28315769401534 0.0 2.0 50
1.0827981856813953 1.0 2.0 1.0 51
0.39660599113034145 1.0 0.0 1.0 52
1.0 0.6956750117346001 1.0 0.0 53
0.0 1.134884635978353 0.0 1.0 54
0.0 0.9581677028914122 0.0 1.0 55
0.0 1.3505631970434848 0.0 1.0 56
1.0 1.2578461301821235 1.0 1.0 57
0.0 1.1446930063216025 0.0 1.0 58
0.009161470303422181 1.0 1.0 1.0 59
1.0 0.9502263306584112 1.0 1.0 60
1.1482391945688106 1.0 1.0 1.0 61
0.0 0.4193699577552973 0.0 1.0 62
0.0 1.2270799673134296 0.0 1.0 63
1.0 1.016970264934597 1.0 1.0 64
0.0 1.38079639291171 0.0 1.0 65
0.0 0.6936894089583104 0.0 1.0 66
0.0 1.3800054464286777 0.0 1.0 67
-0.5135151754004417 1.0 0.0 1.0 68
1.0 0.5652090691922892 1.0 1.0 69
1.0 1.7223982937637228 1.0 1.0 70
1.4901045166279783 1.0 1.0 1.0 71
0.0 1.7040760572019304 0.0 1.0 72
0.0 0.23989030027917935 0.0 1.0 73
0.0 1.7142705137382444 0.0 1.0 74
1.0 1.721964435734367 1.0 1.0 75
0.0 1.8595793194691366 0.0 1.0 76
-0.8768290366299066 1.0 0.0 1.0 77
1.0 0.139580876519919 1.0 1.0 78
1.9132155014487962 1.0 1.0 1.0 79
0.0 0.0 0.0 1.0 80
0.0 2.0 0.0 1.0 81
1.0 2.0 1.0 1.0 82
*** t = 29
1.0 0.4506490677740006 1.0 0.0 5
0.0 0.7020622563811733 0.0 0.0 6
0.0 0.30821116963510764 0.0 0.0 15
1.6177097179699473 1.0 2.0 1.0 20
0.17413454365759184 1.0 0.0 1.0 21
0.7082881295264855 1.0 1.0 1.0 22
-0.599626556091472 1.0 -1.0 1.0 24
0.0 0.2029835802447506 0.0 0.0 25
1.8291870579433107 1.0 2.0 1.0 26
1.0 0.19900853734426163 1.0 0.0 27
1.4156768245252638 1.0 2.0 1.0 29
-0.6644897929383987 1.0 -1.0 1.0 30
1.7908260365195061 1.0 2.0 1.0 31
1.0 1.5905126170135904 1.0 2.0 32
1.9381567661084416 1.0 2.0 1.0 33
0.09839299867541695 1.0 0.0 1.0 35
1.0 1.124886619080244 1.0 2.0 36
0.0 1.993781486764631 0.0 2.0 37
0.2215501632789762 1.0 1.0 1.0 38
1.0 0.1624579019078604 1.0 0.0 39
1.0 1.341854530226812 1.0 2.0 40
1.0 1.3403666869938824 1.0 2.0 41
1.0 1.7592167867625916 1.0 2.0 42
0.0 1.1013068966293234 0.0 2.0 43
0.15682052542047717 1.0 1.0 1.0 44
-0.0847629216711468 1.0 -1.0 1.0 45
0.24634156798382356 1.0 0.0 1.0 46
0.33146793409456166 1.0 1.0 1.0 47
0.2656695767822409 1.0 1.0 1.0 48
-0.569857561543604 1.0 -1.0 1.0 49
0.0 1.411473463416874 0.0 2.0 50
1.1910780042495348 1.0 2.0 1.0 51
0.23626659024337557 1.0 0.0 1.0 52
1.0 0.56524251290806 1.0 0.0 53
0.0 1.0387607066426146 0.0 1.0 54
-0.0779386657528387 1.0 -1.0 1.0 55
0.0 1.2693835966739204 0.0 1.0 56
1.0 1.165076896454889 1.0 1.0 57
0.0 1.0225062929389743 0.0 1.0 58
0.15332739463248252 1.0 1.0 1.0 59
1.0859729493238985 1.0 2.0 1.0 60
1.0265590795072121 1.0 1.0 1.0 61
0.0 0.4892649507145135 0.0 1.0 62
0.0 1.0982599618656679 0.0 1.0 63
1.14686802424297 1.0 2.0 1.0 64
0.0 1.256955671494052 0.0 1.0 65
0.0 0.867111761197888 0.0 1.0 66
0.0 1.2250068080358472 0.0 1.0 67
-0.39189396925055203 1.0 0.0 1.0 68
1.0 0.7065113364903615 1.0 1.0 69
1.0 1.6529978672046535 1.0 1.0 70
1.3626306457849728 1.0 1.0 1.0 71
0.0 1.6054347429359073 0.0 1.0 72
0.0 0.359835450418769 0.0 1.0 73
0.0 1.5714057706073665 0.0 1.0 74
1.0 1.5829466536015506 1.0 1.0 75
0.0 1.7191586389382731 0.0 1.0 76
-0.7536580732598133 1.0 0.0 1.0 77
1.0 0.279161753039838 1.0 1.0 78
1.8264310028975923 1.0 1.0 1.0 79
0.0 0.11608920175461775 0.0 1.0 80
0.0 1.8905880842425842 0.0 1.0 81
1.0 1.893249142275181 1.0 1.0 82
0.0 2.0 0.0 1.0 83
*** t = 30
1.0 0.3525971088422314 1.0 0.0 5
0.0 0.6136800354727568 0.0 0.0 6
0.0 0.19117687266272104 0.0 0.0 15
1.742362561682802 1.0 2.0 1.0 20
0.08718856954604864 1.0 0.0 1.0 21
0.7937025360028097 1.0 1.0 1.0 22
-0.7296078838960456 1.0 -1.0 1.0 24
0.0 0.06313275925698814 0.0 0.0 25
1.978091639940327 1.0 2.0 1.0 26
1.0 0.05158793404659118 1.0 0.0 27
1.549881092554445 1.0 2.0 1.0 29
-0.7624009572288928 1.0 -1.0 1.0 30
1.95499227396183 1.0 2.0 1.0 31
1.0 1.7428957121320368 1.0 2.0 32
-0.013466236696617395 1.0 -1.0 1.0 35
1.0 1.2576920327727592 1.0 2.0 36
0.302986840830908 1.0 1.0 1.0 38
1.0 0.03995509536838447 1.0 0.0 39
1.0 1.5091298538144413 1.0 2.0 40
1.0 1.507535736064874 1.0 2.0 41
1.0 1.8848751286742054 1.0 2.0 42
0.0 1.2514002463885607 0.0 2.0 43
0.2458067196835908 1.0 1.0 1.0 44
-0.16820622333815802 1.0 -1.0 1.0 45
0.11144476552104071 1.0 0.0 1.0 46
0.44242359526910846 1.0 1.0 1.0 47
0.38073044739880824 1.0 1.0 1.0 48
-0.7125718853202954 1.0 -1.0 1.0 49
0.0 1.539789232818408 0.0 2.0 50
1.2993578228176743 1.0 2.0 1.0 51
0.07592718935640969 1.0 0.0 1.0 52
1.0 0.43481001408152 1.0 0.0 53
-0.057363222693124064 1.0 -1.0 1.0 54
-0.19770962861426522 1.0 -1.0 1.0 55
0.0 1.188203996304356 0.0 1.0 56
1.0 1.0723076627276544 1.0 1.0 57
-0.09968042044365384 1.0 -1.0 1.0 58
0.29749331896154285 1.0 1.0 1.0 59
1.221719567989386 1.0 2.0 1.0 60
1.0 1.0951210355543863 1.0 2.0 61
0.0 0.5591599436737297 0.0 1.0 62
0.0 0.9694399564179061 0.0 0.0 63
1.3107063134205372 1.0 2.0 1.0 64
0.0 1.133114950076394 0.0 1.0 65
0.04053411343746563 1.0 1.0 1.0 66
0.0 1.0700081696430166 0.0 1.0 67
-0.2702727631006624 1.0 0.0 1.0 68
1.0 0.8478136037884337 1.0 1.0 69
1.0 1.5835974406455842 1.0 1.0 70
1.2351567749419674 1.0 1.0 1.0 71
0.0 1.506793428669884 0.0 1.0 72
0.0 0.4797806005583587 0.0 1.0 73
0.0 1.4285410274764887 0.0 1.0 74
1.0 1.4439288714687342 1.0 1.0 75
0.0 1.5787379584074097 0.0 1.0 76
-0.6304871098897199 1.0 0.0 1.0 77
1.0 0.41874262955975694 1.0 1.0 78
1.7396465043463885 1.0 1.0 1.0 79
0.0 0.2321784035092355 0.0 1.0 80
0.0 1.7811761684851684 0.0 1.0 81
1.0 1.7864982845503619 1.0 1.0 82
0.0 1.8683512654880396 0.0 1.0 83
0.0 0.0 0.0 1.0 84
0.0 2.0 0.0 1.0 85
-1.0 1.0 0.0 1.0 86
1.0 0.0 1.0 1.0 87
1.0 2.0 1.0 1.0 88
2.0 1.0 1.0 1.0 89
*** t = 31
1.0 0.2545451499104622 1.0 0.0 5
0.0 0.5252978145643404 0.0 0.0 6
0.0 0.07414257569033443 0.0 0.0 15
1.8670154053956567 1.0 2.0 1.0 20
2.4259543450544374E-4 1.0 0.0 1.0 21
0.879116942479134 1.0 1.0 1.0 22
-0.8595892117006192 1.0 -1.0 1.0 24
1.6840853605836263 1.0 2.0 1.0 29
-0.8603121215193869 1.0 -1.0 1.0 30
1.0 1.8952788072504831 1.0 2.0 32
-0.12532547206865174 1.0 -1.0 1.0 35
1.0 1.3904974464652744 1.0 2.0 36
0.3844235183828398 1.0 1.0 1.0 38
1.0 1.6764051774020707 1.0 2.0 40
1.0 1.6747047851358656 1.0 2.0 41
0.0 1.4014935961477981 0.0 2.0 43
0.33479291394670446 1.0 1.0 1.0 44
-0.25164952500516924 1.0 -1.0 1.0 45
-0.023452036941742138 1.0 -1.0 1.0 46
0.5533792564436553 1.0 1.0 1.0 47
0.49579131801537557 1.0 1.0 1.0 48
-0.8552862090969867 1.0 -1.0 1.0 49
0.0 1.668105002219942 0.0 2.0 50
1.4076376413858138 1.0 2.0 1.0 51
0.0 0.9155877884694438 0.0 0.0 52
1.0 0.3043775152549799 1.0 0.0 53
-0.15348715202886268 1.0 -1.0 1.0 54
-0.31748059147569174 1.0 -1.0 1.0 55
0.0 1.1070243959347916 0.0 1.0 56
0.9795384290004198 1.0 0.0 1.0 57
-0.221867133826282 1.0 -1.0 1.0 58
0.4416592432906032 1.0 1.0 1.0 59
1.3574661866548734 1.0 2.0 1.0 60
1.0 1.2168011506159848 1.0 2.0 61
0.0 0.6290549366329459 0.0 1.0 62
0.0 0.8406199509701444 0.0 0.0 63
1.4745446025981044 1.0 2.0 1.0 64
0.0 1.009274228658736 0.0 1.0 65
0.21395646567704324 1.0 1.0 1.0 66
-0.08499046874981395 1.0 -1.0 1.0 67
-0.14865155695077276 1.0 0.0 1.0 68
1.0 0.989115871086506 1.0 1.0 69
1.0 1.5141970140865149 1.0 1.0 70
1.107682904098962 1.0 1.0 1.0 71
0.0 1.408152114403861 0.0 1.0 72
0.0 0.5997257506979483 0.0 1.0 73
0.0 1.2856762843456109 0.0 1.0 74
1.0 1.3049110893359177 1.0 1.0 75
0.0 1.4383172778765463 0.0 1.0 76
-0.5073161465196265 1.0 0.0 1.0 77
1.0 0.558323506079676 1.0 1.0 78
1.6528620057951846 1.0 1.0 1.0 79
0.0 0.34826760526385325 0.0 1.0 80
0.0 1.6717642527277525 0.0 1.0 81
1.0 1.6797474268255428 1.0 1.0 82
0.0 1.7367025309760793 0.0 1.0 83
0.0 0.09512592731981277 0.0 1.0 84
0.0 1.8532580533339018 0.0 1.0 85
-0.8575291330468398 1.0 0.0 1.0 86
1.0 0.07959928734232197 1.0 1.0 87
1.0 1.9035061383966576 1.0 1.0 88
1.8712965074197578 1.0 1.0 1.0 89
0.0 2.0 0.0 1.0 90
*** t = 32
1.0 0.15649319097869296 1.0 0.0 5
0.0 0.43691559365592403 0.0 0.0 6
1.9916682491085114 1.0 2.0 1.0 20
-0.08670337867703776 1.0 -1.0 1.0 21
0.9645313489554582 1.0 1.0 1.0 22
-0.9895705395051928 1.0 -1.0 1.0 24
1.8182896286128076 1.0 2.0 1.0 29
-0.9582232858098809 1.0 -1.0 1.0 30
-0.2371847074406861 1.0 -1.0 1.0 35
1.0 1.5233028601577896 1.0 2.0 36
0.46586019593477157 1.0 1.0 1.0 38
1.0 1.8436805009897002 1.0 2.0 40
1.0 1.8418738342068572 1.0 2.0 41
0.0 1.5515869459070355 0.0 2.0 43
0.4237791082098181 1.0 1.0 1.0 44
-0.33509282667218043 1.0 -1.0 1.0 45
-0.158348839404525 1.0 -1.0 1.0 46
0.6643349176182021 1.0 1.0 1.0 47
0.6108521886319429 1.0 1.0 1.0 48
-0.9980005328736781 1.0 -1.0 1.0 49
0.0 1.796420771621476 0.0 2.0 50
1.5159174599539533 1.0 2.0 1.0 51
0.0 0.7552483875824779 0.0 0.0 52
1.0 0.17394501642843985 1.0 0.0 53
-0.2496110813646013 1.0 -1.0 1.0 54
-0.43725155433711826 1.0 -1.0 1.0 55
0.0 1.0258447955652272 0.0 1.0 56
0.8867691952731851 1.0 0.0 1.0 57
-0.3440538472089102 1.0 -1.0 1.0 58
0.5858251676196635 1.0 1.0 1.0 59
1.4932128053203608 1.0 2.0 1.0 60
1.0 1.3384812656775833 1.0 2.0 61
0.0 0.6989499295921621 0.0 1.0 62
0.0 0.7117999455223827 0.0 0.0 63
1.6383828917756715 1.0 2.0 1.0 64
0.114566492758922 1.0 1.0 1.0 65
0.3873788179166209 1.0 1.0 1.0 66
-0.2399891071426445 1.0 -1.0 1.0 67
-0.02703035080088312 1.0 0.0 1.0 68
1.0 1.1304181383845784 1.0 2.0 69
1.0 1.4447965875274456 1.0 1.0 70
1.0 0.9802090332559564 1.0 0.0 71
0.0 1.3095108001378377 0.0 1.0 72
0.0 0.7196709008375379 0.0 1.0 73
0.0 1.142811541214733 0.0 1.0 74
1.0 1.1658933072031012 1.0 1.0 75
0.0 1.2978965973456829 0.0 1.0 76
-0.38414518314953316 1.0 0.0 1.0 77
1.0 0.697904382599595 1.0 1.0 78
1.5660775072439808 1.0 1.0 1.0 79
0.0 0.464356807018471 0.0 1.0 80
0.0 1.5623523369703367 0.0 1.0 81
1.0 1.5729965691007237 1.0 1.0 82
0.0 1.605053796464119 0.0 1.0 83
0.0 0.19025185463962554 0.0 1.0 84
0.0 1.7065161066678036 0.0 1.0 85
-0.7150582660936795 1.0 0.0 1.0 86
1.0 0.15919857468464393 1.0 1.0 87
1.0 1.8070122767933152 1.0 1.0 88
1.7425930148395157 1.0 1.0 1.0 89
0.0 1.8820610728442224 0.0 1.0 90
0.0 0.0 0.0 1.0 91
0.0 2.0 0.0 1.0 92
1.0 2.0 1.0 1.0 93
*** t = 33
1.0 0.058441232046923766 1.0 0.0 5
0.0 0.3485333727475076 0.0 0.0 6
-0.17364935278858096 1.0 -1.0 1.0 21
1.0 0.9500542445682175 1.0 0.0 22
1.952493896641989 1.0 2.0 1.0 29
-0.34904394281272044 1.0 -1.0 1.0 35
1.0 1.6561082738503048 1.0 2.0 36
0.5472968734867034 1.0 1.0 1.0 38
0.0 1.7016802956662729 0.0 2.0 43
0.5127653024729317 1.0 1.0 1.0 44
-0.4185361283391916 1.0 -1.0 1.0 45
-0.29324564186730784 1.0 -1.0 1.0 46
0.7752905787927489 1.0 1.0 1.0 47
0.7259130592485102 1.0 1.0 1.0 48
0.0 1.92473654102301 0.0 2.0 50
1.6241972785220928 1.0 2.0 1.0 51
0.0 0.5949089866955121 0.0 0.0 52
1.0 0.04351251760189978 1.0 0.0 53
-0.3457350107003399 1.0 -1.0 1.0 54
-0.5570225171985448 1.0 -1.0 1.0 55
0.05533480480433722 1.0 1.0 1.0 56
0.7939999615459504 1.0 0.0 1.0 57
-0.46624056059153834 1.0 -1.0 1.0 58
0.7299910919487238 1.0 1.0 1.0 59
1.6289594239858483 1.0 2.0 1.0 60
1.0 1.4601613807391818 1.0 2.0 61
0.0 0.7688449225513783 0.0 1.0 62
0.0 0.582979940074621 0.0 0.0 63
1.8022211809532387 1.0 2.0 1.0 64
0.23840721417657995 1.0 1.0 1.0 65
0.5608011701561985 1.0 1.0 1.0 66
-0.394987745535475 1.0 -1.0 1.0 67
0.09459085534900652 1.0 1.0 1.0 68
1.0 1.2717204056826508 1.0 2.0 69
1.0 1.3753961609683762 1.0 1.0 70
1.0 0.8527351624129509 1.0 0.0 71
0.0 1.2108694858718145 0.0 1.0 72
0.0 0.8396160509771275 0.0 1.0 73
0.0 0.9999467980838552 0.0 0.0 74
1.0 1.0268755250702848 1.0 1.0 75
0.0 1.1574759168148194 0.0 1.0 76
-0.2609742197794398 1.0 0.0 1.0 77
1.0 0.837485259119514 1.0 1.0 78
1.479293008692777 1.0 1.0 1.0 79
0.0 0.5804460087730887 0.0 1.0 80
0.0 1.4529404212129209 0.0 1.0 81
1.0 1.4662457113759046 1.0 1.0 82
0.0 1.4734050619521586 0.0 1.0 83
0.0 0.2853777819594383 0.0 1.0 84
0.0 1.5597741600017054 0.0 1.0 85
-0.5725873991405193 1.0 0.0 1.0 86
1.0 0.2387978620269659 1.0 1.0 87
1.0 1.7105184151899728 1.0 1.0 88
1.6138895222592735 1.0 1.0 1.0 89
0.0 1.7641221456884448 0.0 1.0 90
0.0 0.08796337819152356 0.0 1.0 91
0.0 1.9043852417288984 0.0 1.0 92
1.0 1.8727937030872308 1.0 1.0 93
0.0 2.0 0.0 1.0 94
-1.0 1.0 0.0 1.0 95
1.0 0.0 1.0 1.0 96
2.0 1.0 1.0 1.0 97
*** t = 34
0.0 0.2601511518390912 0.0 0.0 6
-0.26059532690012416 1.0 -1.0 1.0 21
1.0 0.8646398380918933 1.0 0.0 22
-0.4609031781847548 1.0 -1.0 1.0 35
1.0 1.78891368754282 1.0 2.0 36
0.6287335510386352 1.0 1.0 1.0 38
0.0 1.8517736454255103 0.0 2.0 43
0.6017514967360453 1.0 1.0 1.0 44
-0.5019794300062028 1.0 -1.0 1.0 45
-0.4281424443300907 1.0 -1.0 1.0 46
0.8862462399672957 1.0 1.0 1.0 47
0.8409739298650776 1.0 1.0 1.0 48
1.7324770970902323 1.0 2.0 1.0 51
0.0 0.4345695858085462 0.0 0.0 52
-0.4418589400360785 1.0 -1.0 1.0 54
-0.6767934800599713 1.0 -1.0 1.0 55
0.13651440517390168 1.0 1.0 1.0 56
0.7012307278187158 1.0 0.0 1.0 57
-0.5884272739741665 1.0 -1.0 1.0 58
0.8741570162777841 1.0 1.0 1.0 59
1.7647060426513357 1.0 2.0 1.0 60
1.0 1.5818414958007803 1.0 2.0 61
0.0 0.8387399155105945 0.0 1.0 62
0.0 0.4541599346268592 0.0 0.0 63
1.9660594701308058 1.0 2.0 1.0 64
0.3622479355942379 1.0 1.0 1.0 65
0.734223522395776 1.0 1.0 1.0 66
-0.5499863839283056 1.0 -1.0 1.0 67
0.21621206149889616 1.0 1.0 1.0 68
1.0 1.4130226729807231 1.0 2.0 69
1.0 1.305995734409307 1.0 1.0 70
1.0 0.7252612915699453 1.0 0.0 71
0.0 1.1122281716057913 0.0 1.0 72
0.0 0.9595612011167172 0.0 1.0 73
0.0 0.8570820549529774 0.0 0.0 74
1.0 0.8878577429374684 1.0 0.0 75
0.0 1.017055236283956 0.0 1.0 76
-0.13780325640934646 1.0 0.0 1.0 77
1.0 0.977066135639433 1.0 1.0 78
1.392508510141573 1.0 1.0 1.0 79
0.0 0.6965352105277065 0.0 1.0 80
0.0 1.343528505455505 0.0 1.0 81
1.0 1.3594948536510856 1.0 1.0 82
0.0 1.3417563274401982 0.0 1.0 83
0.0 0.3805037092792511 0.0 1.0 84
0.0 1.4130322133356072 0.0 1.0 85
-0.430116532187359 1.0 0.0 1.0 86
1.0 0.31839714936928787 1.0 1.0 87
1.0 1.6140245535866304 1.0 1.0 88
1.4851860296790313 1.0 1.0 1.0 89
0.0 1.6461832185326672 0.0 1.0 90
0.0 0.1759267563830471 0.0 1.0 91
0.0 1.808770483457797 0.0 1.0 92
1.0 1.7455874061744616 1.0 1.0 93
0.0 1.884286762648961 0.0 1.0 94
-0.8640555388725832 1.0 0.0 1.0 95
1.0 0.16802798918046988 1.0 1.0 96
1.8774702707130595 1.0 1.0 1.0 97
0.0 0.0 0.0 1.0 98
0.0 2.0 0.0 1.0 99
1.0 2.0 1.0 1.0 100
*** t = 35
0.0 0.1717689309306748 0.0 0.0 6
-0.34754130101166736 1.0 -1.0 1.0 21
1.0 0.779225431615569 1.0 0.0 22
-0.5727624135567891 1.0 -1.0 1.0 35
1.0 1.9217191012353352 1.0 2.0 36
0.7101702285905669 1.0 1.0 1.0 38
0.6907376909991589 1.0 1.0 1.0 44
-0.585422731673214 1.0 -1.0 1.0 45
-0.5630392467928735 1.0 -1.0 1.0 46
0.9972019011418425 1.0 1.0 1.0 47
0.9560348004816449 1.0 1.0 1.0 48
1.8407569156583719 1.0 2.0 1.0 51
0.0 0.27423018492158036 0.0 0.0 52
-0.5379828693718172 1.0 -1.0 1.0 54
-0.7965644429213978 1.0 -1.0 1.0 55
0.21769400554346613 1.0 1.0 1.0 56
0.6084614940914811 1.0 0.0 1.0 57
-0.7106139873567947 1.0 -1.0 1.0 58
1.0 1.0183229406068444 1.0 2.0 59
1.900452661316823 1.0 2.0 1.0 60
1.0 1.7035216108623787 1.0 2.0 61
0.0 0.9086349084698107 0.0 1.0 62
0.0 0.3253399291790975 0.0 0.0 63
0.48608865701189585 1.0 1.0 1.0 65
0.9076458746353536 1.0 1.0 1.0 66
-0.7049850223211361 1.0 -1.0 1.0 67
0.3378332676487858 1.0 1.0 1.0 68
1.0 1.5543249402787955 1.0 2.0 69
1.0 1.2365953078502376 1.0 1.0 70
1.0 0.5977874207269398 1.0 0.0 71
0.0 1.0135868573397682 0.0 1.0 72
0.07950635125630684 1.0 1.0 1.0 73
0.0 0.7142173118220996 0.0 0.0 74
1.0 0.7488399608046521 1.0 0.0 75
0.12336544424690749 1.0 1.0 1.0 76
-0.01463229303925312 1.0 0.0 1.0 77
1.116647012159352 1.0 2.0 1.0 78
1.3057240115903692 1.0 1.0 1.0 79
0.0 0.8126244122823243 0.0 1.0 80
0.0 1.2341165896980892 0.0 1.0 81
1.0 1.2527439959262665 1.0 1.0 82
0.0 1.2101075929282379 0.0 1.0 83
0.0 0.4756296365990639 0.0 1.0 84
0.0 1.266290266669509 0.0 1.0 85
-0.28764566523419877 1.0 0.0 1.0 86
1.0 0.39799643671160984 1.0 1.0 87
1.0 1.517530691983288 1.0 1.0 88
1.3564825370987892 1.0 1.0 1.0 89
0.0 1.5282442913768897 0.0 1.0 90
0.0 0.26389013457457067 0.0 1.0 91
0.0 1.7131557251866953 0.0 1.0 92
1.0 1.6183811092616924 1.0 1.0 93
0.0 1.768573525297922 0.0 1.0 94
-0.7281110777451665 1.0 0.0 1.0 95
1.0 0.33605597836093976 1.0 1.0 96
1.754940541426119 1.0 1.0 1.0 97
0.0 0.08924324570414538 0.0 1.0 98
0.0 1.9130795927233024 0.0 1.0 99
1.0 1.8762667552537189 1.0 1.0 100
0.0 2.0 0.0 1.0 101
*** t = 36
0.0 0.08338671002225838 0.0 0.0 6
-0.43448727512321056 1.0 -1.0 1.0 21
1.0 0.6938110251392448 1.0 0.0 22
-0.6846216489288235 1.0 -1.0 1.0 35
0.7916069061424986 1.0 1.0 1.0 38
0.7797238852622725 1.0 1.0 1.0 44
-0.6688660333402252 1.0 -1.0 1.0 45
-0.6979360492556563 1.0 -1.0 1.0 46
1.1081575623163893 1.0 2.0 1.0 47
1.0710956710982122 1.0 2.0 1.0 48
1.9490367342265114 1.0 2.0 1.0 51
0.0 0.11389078403461447 0.0 0.0 52
-0.6341067987075558 1.0 -1.0 1.0 54
-0.9163354057828244 1.0 -1.0 1.0 55
0.2988736059130306 1.0 1.0 1.0 56
0.5156922603642464 1.0 0.0 1.0 57
-0.8328007007394229 1.0 -1.0 1.0 58
1.0 1.1624888649359046 1.0 2.0 59
1.0 1.8252017259239772 1.0 2.0 61
0.0 0.9785299014290268 0.0 1.0 62
0.0 0.19651992373133578 0.0 0.0 63
0.6099293784295539 1.0 1.0 1.0 65
1.0 1.0810682268749312 1.0 2.0 66
-0.8599836607139667 1.0 -1.0 1.0 67
0.45945447379867543 1.0 1.0 1.0 68
1.0 1.695627207576868 1.0 2.0 69
1.0 1.1671948812911683 1.0 1.0 70
1.0 0.47031354988393426 1.0 0.0 71
0.08505445692625495 1.0 1.0 1.0 72
0.1994515013958965 1.0 1.0 1.0 73
0.0 0.5713525686912218 0.0 0.0 74
1.0 0.6098221786718357 1.0 0.0 75
0.26378612477777097 1.0 1.0 1.0 76
0.10853867033084022 1.0 1.0 1.0 77
1.2562278886792708 1.0 2.0 1.0 78
1.2189395130391654 1.0 1.0 1.0 79
0.0 0.9287136140369421 0.0 1.0 80
0.0 1.1247046739406734 0.0 1.0 81
1.0 1.1459931382014474 1.0 1.0 82
0.0 1.0784588584162775 0.0 1.0 83
0.0 0.5707555639188766 0.0 1.0 84
0.0 1.1195483200034109 0.0 1.0 85
-0.1451747982810385 1.0 0.0 1.0 86
1.0 0.4775957240539318 1.0 1.0 87
1.0 1.4210368303799457 1.0 1.0 88
1.227779044518547 1.0 1.0 1.0 89
0.0 1.410305364221112 0.0 1.0 90
0.0 0.3518535127660942 0.0 1.0 91
0.0 1.6175409669155938 0.0 1.0 92
1.0 1.4911748123489232 1.0 1.0 93
0.0 1.652860287946883 0.0 1.0 94
-0.5921666166177497 1.0 0.0 1.0 95
1.0 0.5040839675414096 1.0 1.0 96
1.6324108121391785 1.0 1.0 1.0 97
0.0 0.17848649140829076 0.0 1.0 98
0.0 1.8261591854466048 0.0 1.0 99
1.0 1.7525335105074378 1.0 1.0 100
0.0 1.8191160630618448 0.0 1.0 101
0.0 0.0 0.0 1.0 102
0.0 2.0 0.0 1.0 103
-1.0 1.0 0.0 1.0 104
1.0 0.0 1.0 1.0 105
1.0 2.0 1.0 1.0 106
2.0 1.0 1.0 1.0 107
*** t = 37
-0.5214332492347538 1.0 -1.0 1.0 21
1.0 0.6083966186629205 1.0 0.0 22
-0.7964808843008578 1.0 -1.0 1.0 35
0.8730435836944304 1.0 1.0 1.0 38
0.8687100795253861 1.0 1.0 1.0 44
-0.7523093350072364 1.0 -1.0 1.0 45
-0.8328328517184391 1.0 -1.0 1.0 46
1.219113223490936 1.0 2.0 1.0 47
1.1861565417147797 1.0 2.0 1.0 48
-0.7302307280432945 1.0 -1.0 1.0 54
0.38005320628259504 1.0 1.0 1.0 56
0.42292302663701176 1.0 0.0 1.0 57
-0.9549874141220511 1.0 -1.0 1.0 58
1.0 1.306654789264965 1.0 2.0 59
1.0 1.9468818409855757 1.0 2.0 61
0.04842489438824307 1.0 1.0 1.0 62
0.0 0.06769991828357408 0.0 0.0 63
0.7337700998472119 1.0 1.0 1.0 65
1.0 1.254490579114509 1.0 2.0 66
0.581075679948565 1.0 1.0 1.0 68
1.0 1.8369294748749403 1.0 2.0 69
1.0 1.097794454732099 1.0 1.0 70
1.0 0.3428396790409287 1.0 0.0 71
0.18369577119227806 1.0 1.0 1.0 72
0.3193966515354862 1.0 1.0 1.0 73
0.0 0.4284878255603439 0.0 0.0 74
1.0 0.4708043965390194 1.0 0.0 75
0.40420680530863445 1.0 1.0 1.0 76
0.23170963370093356 1.0 1.0 1.0 77
1.3958087651991897 1.0 2.0 1.0 78
1.1321550144879615 1.0 1.0 1.0 79
-0.04480281579155983 1.0 -1.0 1.0 80
0.0 1.0152927581832576 0.0 1.0 81
1.0 1.0392422804766284 1.0 1.0 82
0.0 0.9468101239043171 0.0 0.0 83
0.0 0.6658814912386893 0.0 1.0 84
-0.027193626662687376 1.0 -1.0 1.0 85
-0.0027039313278782173 1.0 0.0 1.0 86
1.0 0.5571950113962538 1.0 1.0 87
1.0 1.3245429687766033 1.0 1.0 88
1.0990755519383049 1.0 1.0 1.0 89
0.0 1.2923664370653345 0.0 1.0 90
0.0 0.4398168909576178 0.0 1.0 91
0.0 1.5219262086444922 0.0 1.0 92
1.0 1.363968515436154 1.0 1.0 93
0.0 1.537147050595844 0.0 1.0 94
-0.45622215549033296 1.0 0.0 1.0 95
1.0 0.6721119567218795 1.0 1.0 96
1.509881082852238 1.0 1.0 1.0 97
0.0 0.26772973711243614 0.0 1.0 98
0.0 1.7392387781699072 0.0 1.0 99
1.0 1.6288002657611567 1.0 1.0 100
0.0 1.6382321261236896 0.0 1.0 101
0.0 0.09527864130592131 0.0 1.0 102
0.0 1.878282467095077 0.0 1.0 103
-0.8277670640863751 1.0 0.0 1.0 104
1.0 0.13114589784531586 1.0 1.0 105
1.0 1.9007751160333115 1.0 1.0 106
1.886129368930688 1.0 1.0 1.0 107
0.0 2.0 0.0 1.0 108
*** t = 38
-0.608379223346297 1.0 -1.0 1.0 21
1.0 0.5229822121865962 1.0 0.0 22
-0.9083401196728922 1.0 -1.0 1.0 35
0.9544802612463621 1.0 1.0 1.0 38
0.9576962737884998 1.0 1.0 1.0 44
-0.8357526366742476 1.0 -1.0 1.0 45
-0.9677296541812219 1.0 -1.0 1.0 46
1.330068884665483 1.0 2.0 1.0 47
1.3012174123313471 1.0 2.0 1.0 48
-0.8263546573790331 1.0 -1.0 1.0 54
0.4612328066521595 1.0 1.0 1.0 56
0.3301537929097771 1.0 0.0 1.0 57
1.0 1.4508207135940252 1.0 2.0 59
0.1183198873474593 1.0 1.0 1.0 62
0.8576108212648699 1.0 1.0 1.0 65
1.0 1.4279129313540866 1.0 2.0 66
0.7026968860984546 1.0 1.0 1.0 68
1.0 1.9782317421730127 1.0 2.0 69
1.0 1.0283940281730297 1.0 1.0 70
1.0 0.2153658081979232 1.0 0.0 71
0.28233708545830116 1.0 1.0 1.0 72
0.43934180167507586 1.0 1.0 1.0 73
0.0 0.2856230824294661 0.0 0.0 74
1.0 0.33178661440620305 1.0 0.0 75
0.5446274858394979 1.0 1.0 1.0 76
0.3548805970710269 1.0 1.0 1.0 77
1.5353896417191086 1.0 2.0 1.0 78
1.0453705159367577 1.0 1.0 1.0 79
-0.16089201754617757 1.0 -1.0 1.0 80
-0.09411915757415824 1.0 -1.0 1.0 81
0.9324914227518094 1.0 0.0 1.0 82
0.0 0.8151613893923566 0.0 0.0 83
0.0 0.7610074185585021 0.0 1.0 84
-0.17393557332878562 1.0 -1.0 1.0 85
0.0 0.8602330643747179 0.0 0.0 86
1.0 0.6367942987385757 1.0 1.0 87
1.0 1.2280491071732609 1.0 1.0 88
0.9703720593580628 1.0 0.0 1.0 89
0.0 1.174427509909557 0.0 1.0 90
0.0 0.5277802691491413 0.0 1.0 91
0.0 1.4263114503733907 0.0 1.0 92
1.0 1.2367622185233849 1.0 1.0 93
0.0 1.421433813244805 0.0 1.0 94
-0.3202776943629162 1.0 0.0 1.0 95
1.0 0.8401399459023494 1.0 1.0 96
1.3873513535652975 1.0 1.0 1.0 97
0.0 0.3569729828165815 0.0 1.0 98
0.0 1.6523183708932097 0.0 1.0 99
1.0 1.5050670210148756 1.0 1.0 100
0.0 1.4573481891855344 0.0 1.0 101
0.0 0.19055728261184263 0.0 1.0 102
0.0 1.7565649341901541 0.0 1.0 103
-0.6555341281727503 1.0 0.0 1.0 104
1.0 0.2622917956906317 1.0 1.0 105
1.0 1.801550232066623 1.0 1.0 106
1.7722587378613759 1.0 1.0 1.0 107
0.0 1.860417038567707 0.0 1.0 108
0.0 0.0 0.0 1.0 109
0.0 2.0 0.0 1.0 110
1.0 2.0 1.0 1.0 111
*** t = 39
-0.6953251974578403 1.0 -1.0 1.0 21
1.0 0.43756780571027193 1.0 0.0 22
1.0 0.9640830612017062 1.0 0.0 38
1.0 0.9533175319483866 1.0 0.0 44
-0.9191959383412588 1.0 -1.0 1.0 45
1.4410245458400297 1.0 2.0 1.0 47
1.4162782829479146 1.0 2.0 1.0 48
-0.9224785867147718 1.0 -1.0 1.0 54
0.542412407021724 1.0 1.0 1.0 56
0.23738455918254242 1.0 0.0 1.0 57
1.0 1.5949866379230855 1.0 2.0 59
0.18821488030667552 1.0 1.0 1.0 62
0.9814515426825279 1.0 1.0 1.0 65
1.0 1.6013352835936643 1.0 2.0 66
0.8243180922483442 1.0 1.0 1.0 68
0.9589936016139604 1.0 0.0 1.0 70
1.0 0.08789193735491768 1.0 0.0 71
0.3809783997243243 1.0 1.0 1.0 72
0.5592869518146655 1.0 1.0 1.0 73
0.0 0.14275833929858828 0.0 0.0 74
1.0 0.19276883227338668 1.0 0.0 75
0.6850481663703614 1.0 1.0 1.0 76
0.4780515604411203 1.0 1.0 1.0 77
1.6749705182390275 1.0 2.0 1.0 78
0.9585860173855537 1.0 0.0 1.0 79
-0.27698121930079533 1.0 -1.0 1.0 80
-0.20353107333157408 1.0 -1.0 1.0 81
0.8257405650269904 1.0 0.0 1.0 82
0.0 0.6835126548803961 0.0 0.0 83
0.0 0.8561333458783148 0.0 1.0 84
-0.32067751999488386 1.0 -1.0 1.0 85
0.0 0.7177621974215577 0.0 0.0 86
1.0 0.7163935860808976 1.0 1.0 87
1.0 1.1315552455699185 1.0 1.0 88
0.8416685667778208 1.0 0.0 1.0 89
0.0 1.0564885827537793 0.0 1.0 90
0.0 0.6157436473406649 0.0 1.0 91
0.0 1.3306966921022891 0.0 1.0 92
1.0 1.1095559216106157 1.0 1.0 93
0.0 1.305720575893766 0.0 1.0 94
-0.1843332332354994 1.0 0.0 1.0 95
0.9918320649171807 1.0 0.0 1.0 96
1.264821624278357 1.0 1.0 1.0 97
0.0 0.4462162285207269 0.0 1.0 98
0.0 1.565397963616512 0.0 1.0 99
1.0 1.3813337762685944 1.0 1.0 100
0.0 1.2764642522473792 0.0 1.0 101
0.0 0.2858359239177639 0.0 1.0 102
0.0 1.6348474012852312 0.0 1.0 103
-0.4833011922591254 1.0 0.0 1.0 104
1.0 0.3934376935359476 1.0 1.0 105
1.0 1.7023253480999345 1.0 1.0 106
1.6583881067920638 1.0 1.0 1.0 107
0.0 1.720834077135414 0.0 1.0 108
0.0 0.18202909869792208 0.0 1.0 109
0.0 1.8900086669151144 0.0 1.0 110
1.0 1.922732433650984 1.0 1.0 111
0.0 2.0 0.0 1.0 112
-1.0 1.0 0.0 1.0 113
1.0 0.0 1.0 1.0 114
2.0 1.0 1.0 1.0 115
*** t = 40
-0.7822711715693835 1.0 -1.0 1.0 21
1.0 0.3521533992339476 1.0 0.0 22
1.0 0.8826463836497744 1.0 0.0 38
1.0 0.864331337685273 1.0 0.0 44
1.5519802070145765 1.0 2.0 1.0 47
1.531339153564482 1.0 2.0 1.0 48
0.6235920073912884 1.0 1.0 1.0 56
0.14461532545530775 1.0 0.0 1.0 57
1.0 1.7391525622521458 1.0 2.0 59
0.25810987326589174 1.0 1.0 1.0 62
1.1052922641001859 1.0 2.0 1.0 65
1.0 1.774757635833242 1.0 2.0 66
0.9459392983982338 1.0 1.0 1.0 68
0.8895931750548911 1.0 0.0 1.0 70
0.4796197139903474 1.0 1.0 1.0 72
0.6792321019542551 1.0 1.0 1.0 73
1.0 0.0537510501405703 1.0 0.0 75
0.8254688469012248 1.0 1.0 1.0 76
0.6012225238112137 1.0 1.0 1.0 77
1.8145513947589464 1.0 2.0 1.0 78
0.8718015188343498 1.0 0.0 1.0 79
-0.39307042105541307 1.0 -1.0 1.0 80
-0.31294298908898993 1.0 -1.0 1.0 81
0.7189897073021715 1.0 0.0 1.0 82
0.0 0.5518639203684357 0.0 0.0 83
0.0 0.9512592731981275 0.0 1.0 84
-0.4674194666609821 1.0 -1.0 1.0 85
0.0 0.5752913304683974 0.0 0.0 86
1.0 0.7959928734232196 1.0 1.0 87
1.0 1.035061383966576 1.0 1.0 88
0.7129650741975787 1.0 0.0 1.0 89
0.0 0.9385496555980017 0.0 0.0 90
0.0 0.7037070255321884 0.0 1.0 91
0.0 1.2350819338311876 0.0 1.0 92
1.0 0.9823496246978465 1.0 0.0 93
0.0 1.190007338542727 0.0 1.0 94
-0.04838877210808262 1.0 0.0 1.0 95
0.8238040757367108 1.0 0.0 1.0 96
1.1422918949914165 1.0 1.0 1.0 97
0.0 0.5354594742248723 0.0 1.0 98
0.0 1.4784775563398145 0.0 1.0 99
1.0 1.2576005315223133 1.0 1.0 100
0.0 1.095580315309224 0.0 1.0 101
0.0 0.38111456522368525 0.0 1.0 102
0.0 1.5131298683803083 0.0 1.0 103
-0.3110682563455005 1.0 0.0 1.0 104
1.0 0.5245835913812634 1.0 1.0 105
1.0 1.603100464133246 1.0 1.0 106
1.5445174757227518 1.0 1.0 1.0 107
0.0 1.581251115703121 0.0 1.0 108
0.0 0.36405819739584416 0.0 1.0 109
0.0 1.7800173338302288 0.0 1.0 110
1.0 1.8454648673019678 1.0 1.0 111
0.0 1.9234575113860972 0.0 1.0 112
-0.8397697467918493 1.0 0.0 1.0 113
1.0 0.14487134077523026 1.0 1.0 114
1.8991641881873138 1.0 1.0 1.0 115
0.0 0.0 0.0 1.0 116
0.0 2.0 0.0 1.0 117
1.0 2.0 1.0 1.0 118
*** t = 41
-0.8692171456809268 1.0 -1.0 1.0 21
1.0 0.2667389927576233 1.0 0.0 22
1.0 0.8012097060978427 1.0 0.0 38
1.0 0.7753451434221594 1.0 0.0 44
1.6629358681891233 1.0 2.0 1.0 47
1.6464000241810495 1.0 2.0 1.0 48
0.7047716077608528 1.0 1.0 1.0 56
0.051846091728073085 1.0 0.0 1.0 57
1.0 1.883318486581206 1.0 2.0 59
0.32800486622510794 1.0 1.0 1.0 62
1.229132985517844 1.0 2.0 1.0 65
1.0 1.9481799880728197 1.0 2.0 66
1.0 0.9324394954518767 1.0 0.0 68
0.8201927484958218 1.0 0.0 1.0 70
0.5782610282563705 1.0 1.0 1.0 72
0.7991772520938447 1.0 1.0 1.0 73
0.9658895274320882 1.0 1.0 1.0 76
0.724393487181307 1.0 1.0 1.0 77
1.9541322712788654 1.0 2.0 1.0 78
0.7850170202831458 1.0 0.0 1.0 79
-0.5091596228100308 1.0 -1.0 1.0 80
-0.42235490484640575 1.0 -1.0 1.0 81
0.6122388495773525 1.0 0.0 1.0 82
0.0 0.4202151858564752 0.0 0.0 83
0.0463852005179403 1.0 1.0 1.0 84
-0.6141614133270803 1.0 -1.0 1.0 85
0.0 0.4328204635152372 0.0 0.0 86
1.0 0.8755921607655415 1.0 1.0 87
0.9385675223632337 1.0 0.0 1.0 88
0.5842615816173367 1.0 0.0 1.0 89
0.0 0.8206107284422242 0.0 0.0 90
0.0 0.791670403723712 0.0 1.0 91
0.0 1.139467175560086 0.0 1.0 92
1.0 0.8551433277850773 1.0 0.0 93
0.0 1.074294101191688 0.0 1.0 94
0.0 1.087555689019334 0.0 2.0 95
0.6557760865562409 1.0 0.0 1.0 96
1.019762165704476 1.0 1.0 1.0 97
0.0 0.6247027199290176 0.0 1.0 98
0.0 1.391557149063117 0.0 1.0 99
1.0 1.1338672867760322 1.0 1.0 100
0.08530362162893113 1.0 1.0 1.0 101
0.0 0.4763932065296066 0.0 1.0 102
0.0 1.3914123354753853 0.0 1.0 103
-0.1388353204318756 1.0 0.0 1.0 104
1.0 0.6557294892265793 1.0 1.0 105
1.0 1.5038755801665575 1.0 1.0 106
1.4306468446534397 1.0 1.0 1.0 107
0.0 1.441668154270828 0.0 1.0 108
0.0 0.5460872960937663 0.0 1.0 109
0.0 1.6700260007453431 0.0 1.0 110
1.0 1.7681973009529517 1.0 1.0 111
0.0 1.8469150227721944 0.0 1.0 112
-0.6795394935836987 1.0 0.0 1.0 113
1.0 0.2897426815504605 1.0 1.0 114
1.7983283763746276 1.0 1.0 1.0 115
0.0 0.18379667092932334 0.0 1.0 116
0.0 1.8777306779888434 0.0 1.0 117
1.0 1.9372585535850517 1.0 1.0 118
0.0 2.0 0.0 1.0 119
*** t = 42
-0.95616311979247 1.0 -1.0 1.0 21
1.0 0.181324586281299 1.0 0.0 22
1.0 0.719773028545911 1.0 0.0 38
1.0 0.6863589491590458 1.0 0.0 44
1.7738915293636701 1.0 2.0 1.0 47
1.761460894797617 1.0 2.0 1.0 48
0.7859512081304172 1.0 1.0 1.0 56
-0.04092314199916158 1.0 -1.0 1.0 57
0.39789985918432413 1.0 1.0 1.0 62
1.352973706935502 1.0 2.0 1.0 65
1.0 0.8108182893019871 1.0 0.0 68
0.7507923219367525 1.0 0.0 1.0 70
0.6769023425223936 1.0 1.0 1.0 72
0.9191224022334343 1.0 1.0 1.0 73
1.1063102079629517 1.0 2.0 1.0 76
0.8475644505514004 1.0 1.0 1.0 77
0.6982325217319418 1.0 0.0 1.0 79
-0.6252488245646486 1.0 -1.0 1.0 80
-0.5317668206038216 1.0 -1.0 1.0 81
0.5054879918525336 1.0 0.0 1.0 82
0.0 0.28856645134451475 0.0 0.0 83
0.14151112783775308 1.0 1.0 1.0 84
-0.7609033599931785 1.0 -1.0 1.0 85
0.0 0.29034959656207693 0.0 0.0 86
1.0 0.9551914481078634 1.0 1.0 87
0.8420736607598913 1.0 0.0 1.0 88
0.4555580890370946 1.0 0.0 1.0 89
0.0 0.7026718012864466 0.0 0.0 90
0.0 0.8796337819152356 0.0 1.0 91
0.0 1.0438524172889845 0.0 1.0 92
1.0 0.7279370308723081 1.0 0.0 93
0.0 0.958580863840649 0.0 0.0 94
0.0 1.2235001501467508 0.0 2.0 95
0.48774809737577096 1.0 0.0 1.0 96
1.0 0.8972324364175355 1.0 0.0 97
0.0 0.713945965633163 0.0 1.0 98
0.0 1.3046367417864193 0.0 1.0 99
1.0 1.010134042029751 1.0 1.0 100
0.2661875585670863 1.0 1.0 1.0 101
0.0 0.5716718478355279 0.0 1.0 102
0.0 1.2696948025704624 0.0 1.0 103
0.0333976154817493 1.0 1.0 1.0 104
1.0 0.7868753870718951 1.0 1.0 105
1.0 1.404650696199869 1.0 1.0 106
1.3167762135841277 1.0 1.0 1.0 107
0.0 1.302085192838535 0.0 1.0 108
0.0 0.7281163947916883 0.0 1.0 109
0.0 1.5600346676604575 0.0 1.0 110
1.0 1.6909297346039356 1.0 1.0 111
0.0 1.7703725341582917 0.0 1.0 112
-0.519309240375548 1.0 0.0 1.0 113
1.0 0.4346140223256908 1.0 1.0 114
1.6974925645619414 1.0 1.0 1.0 115
0.0 0.36759334185864667 0.0 1.0 116
0.0 1.7554613559776868 0.0 1.0 117
1.0 1.8745171071701034 1.0 1.0 118
0.0 1.9464280475375542 0.0 1.0 119
0.0 0.0 0.0 1.0 120
0.0 2.0 0.0 1.0 121
-1.0 1.0 0.0 1.0 122
1.0 0.0 1.0 1.0 123
1.0 2.0 1.0 1.0 124
2.0 1.0 1.0 1.0 125
*** t = 43
1.0 0.0959101798049747 1.0 0.0 22
1.0 0.6383363509939792 1.0 0.0 38
1.0 0.5973727548959322 1.0 0.0 44
1.884847190538217 1.0 2.0 1.0 47
1.8765217654141844 1.0 2.0 1.0 48
0.8671308084999816 1.0 1.0 1.0 56
-0.13369237572639625 1.0 -1.0 1.0 57
0.46779485214354033 1.0 1.0 1.0 62
1.47681442835316 1.0 2.0 1.0 65
1.0 0.6891970831520975 1.0 0.0 68
0.6813918953776832 1.0 0.0 1.0 70
0.7755436567884166 1.0 1.0 1.0 72
1.0 0.960932447626976 1.0 0.0 73
1.246730888493815 1.0 2.0 1.0 76
0.9707354139214938 1.0 1.0 1.0 77
0.6114480231807379 1.0 0.0 1.0 79
-0.7413380263192664 1.0 -1.0 1.0 80
-0.6411787363612375 1.0 -1.0 1.0 81
0.3987371341277146 1.0 0.0 1.0 82
0.0 0.15691771683255432 0.0 0.0 83
0.23663705515756583 1.0 1.0 1.0 84
-0.9076453066592767 1.0 -1.0 1.0 85
0.0 0.14787872960891665 0.0 0.0 86
0.9652092645498147 1.0 0.0 1.0 87
0.7455797991565489 1.0 0.0 1.0 88
0.32685459645685255 1.0 0.0 1.0 89
0.0 0.584732874130669 0.0 0.0 90
0.0 0.9675971601067591 0.0 1.0 91
0.05176234098211699 1.0 1.0 1.0 92
1.0 0.6007307339595389 1.0 0.0 93
0.0 0.84286762648961 0.0 0.0 94
0.0 1.3594446112741676 0.0 2.0 95
0.31972010819530106 1.0 0.0 1.0 96
1.0 0.774702707130595 1.0 0.0 97
0.0 0.8031892113373085 0.0 1.0 98
0.0 1.2177163345097217 0.0 1.0 99
1.0 0.88640079728347 1.0 0.0 100
0.4470714955052415 1.0 1.0 1.0 101
0.0 0.6669504891414493 0.0 1.0 102
0.0 1.1479772696655395 0.0 1.0 103
0.2056305513953742 1.0 1.0 1.0 104
1.0 0.9180212849172109 1.0 1.0 105
1.0 1.3054258122331805 1.0 1.0 106
1.2029055825148156 1.0 1.0 1.0 107
0.0 1.162502231406242 0.0 1.0 108
0.0 0.9101454934896104 0.0 1.0 109
0.0 1.4500433345755719 0.0 1.0 110
1.0 1.6136621682549195 1.0 1.0 111
0.0 1.6938300455443889 0.0 1.0 112
-0.3590789871673974 1.0 0.0 1.0 113
1.0 0.579485363100921 1.0 1.0 114
1.5966567527492552 1.0 1.0 1.0 115
0.0 0.5513900127879701 0.0 1.0 116
0.0 1.6331920339665302 0.0 1.0 117
1.0 1.8117756607551552 1.0 1.0 118
0.0 1.8928560950751083 0.0 1.0 119
0.0 0.10941824584589897 0.0 1.0 120
0.0 1.8369814738426995 0.0 1.0 121
-0.8386758545959141 1.0 0.0 1.0 122
1.0 0.09695443976427091 1.0 1.0 123
1.0 1.8633643915329663 1.0 1.0 124
1.8733243899406262 1.0 1.0 1.0 125
0.0 2.0 0.0 1.0 126
*** t = 44
0.0 2.0 0.0 1.0 128
1.0 2.0 1.0 1.0 129
1.0 0.010495773328650398 1.0 0.0 22
1.0 0.5568996734420475 1.0 0.0 38
1.0 0.5083865606328186 1.0 0.0 44
1.9958028517127637 1.0 2.0 1.0 47
1.9915826360307518 1.0 2.0 1.0 48
0.948310408869546 1.0 1.0 1.0 56
-0.22646160945363092 1.0 -1.0 1.0 57
0.5376898451027565 1.0 1.0 1.0 62
1.600655149770818 1.0 2.0 1.0 65
1.0 0.5675758770022079 1.0 0.0 68
0.6119914688186139 1.0 0.0 1.0 70
0.8741849710544397 1.0 1.0 1.0 72
1.0 0.8409872974873864 1.0 0.0 73
1.3871515690246785 1.0 2.0 1.0 76
1.0939063772915871 1.0 2.0 1.0 77
0.5246635246295339 1.0 0.0 1.0 79
-0.8574272280738842 1.0 -1.0 1.0 80
-0.7505906521186533 1.0 -1.0 1.0 81
0.29198627640289565 1.0 0.0 1.0 82
0.0 0.02526898232059388 0.0 0.0 83
0.3317629824773786 1.0 1.0 1.0 84
0.0 0.005407862655756379 0.0 0.0 86
0.8856099772074928 1.0 0.0 1.0 87
0.6490859375532065 1.0 0.0 1.0 88
0.1981511038766105 1.0 0.0 1.0 89
0.0 0.46679394697489146 0.0 0.0 90
0.0 1.0555605382982827 0.0 2.0 91
0.14737709925321846 1.0 1.0 1.0 92
1.0 0.4735244370467697 1.0 0.0 93
0.0 0.727154389138571 0.0 0.0 94
0.0 1.4953890724015844 0.0 2.0 95
0.15169211901483118 1.0 0.0 1.0 96
1.0 0.6521729778436545 1.0 0.0 97
0.0 0.8924324570414539 0.0 1.0 98
0.0 1.1307959272330241 0.0 1.0 99
1.0 0.7626675525371889 1.0 0.0 100
0.6279554324433967 1.0 1.0 1.0 101
0.0 0.7622291304473706 0.0 1.0 102
0.0 1.0262597367606165 0.0 1.0 103
0.3778634873089991 1.0 1.0 1.0 104
0.9508328172374733 1.0 0.0 1.0 105
1.0 1.206200928266492 1.0 1.0 106
1.0890349514455036 1.0 1.0 1.0 107
0.0 1.022919269973949 0.0 1.0 108
0.09217459218753246 1.0 1.0 1.0 109
0.0 1.3400520014906863 0.0 1.0 110
1.0 1.5363946019059034 1.0 1.0 111
0.0 1.617287556930486 0.0 1.0 112
-0.19884873395924677 1.0 0.0 1.0 113
1.0 0.7243567038761513 1.0 1.0 114
1.495820940936569 1.0 1.0 1.0 115
0.0 0.7351866837172933 0.0 1.0 116
0.0 1.5109227119553736 0.0 1.0 117
1.0 1.749034214340207 1.0 1.0 118
0.0 1.8392841426126625 0.0 1.0 119
0.0 0.21883649169179795 0.0 1.0 120
0.0 1.673962947685399 0.0 1.0 121
-0.6773517091918282 1.0 0.0 1.0 122
1.0 0.19390887952854183 1.0 1.0 123
1.0 1.7267287830659326 1.0 1.0 124
1.7466487798812524 1.0 1.0 1.0 125
0.0 1.8516936962714403 0.0 1.0 126
0.0 0.0 0.0 1.0 127
*** t = 45
0.0 1.857542243825321 0.0 1.0 128
1.0 1.8512941377209289 1.0 1.0 129
0.0 2.0 0.0 1.0 130
-1.0 1.0 0.0 1.0 131
1.0 0.0 1.0 1.0 132
2.0 1.0 1.0 1.0 133
1.0 0.4754629958901157 1.0 0.0 38
1.0 0.41940036636970496 1.0 0.0 44
1.0294900092391104 1.0 2.0 1.0 56
-0.3192308431808656 1.0 -1.0 1.0 57
0.6075848380619727 1.0 1.0 1.0 62
1.724495871188476 1.0 2.0 1.0 65
1.0 0.44595467085231827 1.0 0.0 68
0.5425910422595446 1.0 0.0 1.0 70
0.9728262853204628 1.0 1.0 1.0 72
1.0 0.7210421473477968 1.0 0.0 73
1.527572249555542 1.0 2.0 1.0 76
1.2170773406616804 1.0 2.0 1.0 77
0.43787902607832996 1.0 0.0 1.0 79
-0.973516429828502 1.0 -1.0 1.0 80
-0.8600025678760691 1.0 -1.0 1.0 81
0.18523541867807666 1.0 0.0 1.0 82
0.4268889097971914 1.0 1.0 1.0 84
0.8060106898651709 1.0 0.0 1.0 87
0.5525920759498641 1.0 0.0 1.0 88
0.06944761129636845 1.0 0.0 1.0 89
0.0 0.34885501981911393 0.0 0.0 90
0.0 1.1435239164898063 0.0 2.0 91
0.24299185752431993 1.0 1.0 1.0 92
1.0 0.34631814013400053 1.0 0.0 93
0.0 0.611441151787532 0.0 0.0 94
0.0 1.6313335335290011 0.0 2.0 95
-0.0163358701656387 1.0 -1.0 1.0 96
1.0 0.529643248556714 1.0 0.0 97
0.0 0.9816757027455993 0.0 1.0 98
0.0 1.0438755199563265 0.0 1.0 99
1.0 0.6389343077909078 1.0 0.0 100
0.8088393693815519 1.0 1.0 1.0 101
0.0 0.857507771753292 0.0 1.0 102
0.0 0.9045422038556935 0.0 0.0 103
0.550096423222624 1.0 1.0 1.0 104
0.8196869193921574 1.0 0.0 1.0 105
1.0 1.1069760442998036 1.0 1.0 106
0.9751643203761914 1.0 0.0 1.0 107
0.0 0.8833363085416561 0.0 0.0 108
0.27420369088545454 1.0 1.0 1.0 109
0.0 1.2300606684058006 0.0 1.0 110
1.0 1.4591270355568873 1.0 1.0 111
0.0 1.5407450683165833 0.0 1.0 112
-0.03861848075109614 1.0 0.0 1.0 113
1.0 0.8692280446513815 1.0 1.0 114
1.3949851291238828 1.0 1.0 1.0 115
0.0 0.9189833546466166 0.0 1.0 116
0.0 1.388653389944217 0.0 1.0 117
1.0 1.6862927679252586 1.0 1.0 118
0.0 1.7857121901502166 0.0 1.0 119
0.0 0.3282547375376969 0.0 1.0 120
0.0 1.5109444215280985 0.0 1.0 121
-0.5160275637877423 1.0 0.0 1.0 122
1.0 0.2908633192928127 1.0 1.0 123
1.0 1.5900931745988989 1.0 1.0 124
1.6199731698218787 1.0 1.0 1.0 125
0.0 1.7033873925428806 0.0 1.0 126
0.0 0.13054936642956524 0.0 1.0 127
*** t = 46
0.0 1.7150844876506421 0.0 1.0 128
1.0 1.7025882754418578 1.0 1.0 129
0.0 1.8919797699604743 0.0 1.0 130
-0.8397147737006188 1.0 0.0 1.0 131
1.0 0.12073199699813564 1.0 1.0 132
1.8517857078907154 1.0 1.0 1.0 133
0.0 0.0 0.0 1.0 134
0.0 2.0 0.0 1.0 135
1.0 2.0 1.0 1.0 136
1.0 0.3940263183381839 1.0 0.0 38
1.0 0.3304141721065913 1.0 0.0 44
1.1106696096086748 1.0 2.0 1.0 56
-0.41200007690810025 1.0 -1.0 1.0 57
0.6774798310211889 1.0 1.0 1.0 62
1.848336592606134 1.0 2.0 1.0 65
1.0 0.32433346470242863 1.0 0.0 68
0.47319061570047527 1.0 0.0 1.0 70
1.071467599586486 1.0 2.0 1.0 72
1.0 0.6010969972082072 1.0 0.0 73
1.6679929300864054 1.0 2.0 1.0 76
1.3402483040317736 1.0 2.0 1.0 77
0.351094527527126 1.0 0.0 1.0 79
-0.9694144836334849 1.0 -1.0 1.0 81
0.07848456095325768 1.0 0.0 1.0 82
0.5220148371170041 1.0 1.0 1.0 84
0.726411402522849 1.0 0.0 1.0 87
0.4560982143465218 1.0 0.0 1.0 88
-0.0592558812838736 1.0 -1.0 1.0 89
0.0 0.2309160926633364 0.0 0.0 90
0.0 1.23148729468133 0.0 2.0 91
0.3386066157954214 1.0 1.0 1.0 92
1.0 0.21911184322123137 1.0 0.0 93
0.0 0.49572791443649294 0.0 0.0 94
0.0 1.7672779946564179 0.0 2.0 95
-0.18436385934610858 1.0 -1.0 1.0 96
1.0 0.4071135192697735 1.0 0.0 97
0.07091894844974472 1.0 1.0 1.0 98
0.04304488732037108 1.0 1.0 1.0 99
1.0 0.5152010630446267 1.0 0.0 100
0.9897233063197071 1.0 1.0 1.0 101
0.0 0.9527864130592133 0.0 1.0 102
0.0 0.7828246709507705 0.0 0.0 103
0.7223293591362488 1.0 1.0 1.0 104
0.6885410215468416 1.0 0.0 1.0 105
1.0 1.007751160333115 1.0 1.0 106
0.8612936893068792 1.0 0.0 1.0 107
0.0 0.7437533471093631 0.0 0.0 108
0.45623278958337665 1.0 1.0 1.0 109
0.0 1.120069335320915 0.0 1.0 110
1.0 1.3818594692078712 1.0 1.0 111
0.0 1.4642025797026805 0.0 1.0 112
0.12161177245705448 1.0 1.0 1.0 113
0.9859006145733883 1.0 0.0 1.0 114
1.2941493173111966 1.0 1.0 1.0 115
0.0 1.10278002557594 0.0 2.0 116
0.0 1.2663840679330605 0.0 1.0 117
1.0 1.6235513215103103 1.0 1.0 118
0.0 1.7321402376877708 0.0 1.0 119
0.0 0.4376729833835959 0.0 1.0 120
0.0 1.347925895370798 0.0 1.0 121
-0.3547034183836563 1.0 0.0 1.0 122
1.0 0.38781775905708366 1.0 1.0 123
1.0 1.4534575661318652 1.0 1.0 124
1.493297559762505 1.0 1.0 1.0 125
0.0 1.555081088814321 0.0 1.0 126
0.0 0.2610987328591305 0.0 1.0 127
*** t = 47
0.0 1.5726267314759632 0.0 1.0 128
1.0 1.5538824131627866 1.0 1.0 129
0.0 1.7839595399209487 0.0 1.0 130
-0.6794295474012375 1.0 0.0 1.0 131
1.0 0.24146399399627128 1.0 1.0 132
1.7035714157814308 1.0 1.0 1.0 133
0.0 0.09559001224838076 0.0 1.0 134
0.0 1.8567281474502437 0.0 1.0 135
1.0 1.8317256774096884 1.0 1.0 136
0.0 2.0 0.0 1.0 137
1.0 0.3125896407862521 1.0 0.0 38
1.0 0.24142797784347764 1.0 0.0 44
1.1918492099782392 1.0 2.0 1.0 56
-0.5047693106353349 1.0 -1.0 1.0 57
0.7473748239804051 1.0 1.0 1.0 62
1.972177314023792 1.0 2.0 1.0 65
1.0 0.202712258552539 1.0 0.0 68
0.40379018914140596 1.0 0.0 1.0 70
1.1701089138525091 1.0 2.0 1.0 72
1.0 0.4811518470686175 1.0 0.0 73
1.8084136106172688 1.0 2.0 1.0 76
1.463419267401867 1.0 2.0 1.0 77
0.26431002897592204 1.0 0.0 1.0 79
0.0 0.9717337032284387 0.0 0.0 82
0.6171407644368169 1.0 1.0 1.0 84
0.6468121151805271 1.0 0.0 1.0 87
0.3596043527431795 1.0 0.0 1.0 88
-0.18795937386411565 1.0 -1.0 1.0 89
0.0 0.11297716550755886 0.0 0.0 90
0.0 1.3194506728728537 0.0 2.0 91
0.43422137406652284 1.0 1.0 1.0 92
1.0 0.0919055463084622 1.0 0.0 93
0.0 0.3800146770854539 0.0 0.0 94
0.0 1.9032224557838346 0.0 2.0 95
-0.35239184852657846 1.0 -1.0 1.0 96
1.0 0.28458378998283307 1.0 0.0 97
0.1601621941538901 1.0 1.0 1.0 98
0.1299652945970687 1.0 1.0 1.0 99
1.0 0.3914678182983456 1.0 0.0 100
1.0 1.1706072432578623 1.0 2.0 101
0.04806505436513461 1.0 1.0 1.0 102
0.0 0.6611071380458474 0.0 0.0 103
0.8945622950498737 1.0 1.0 1.0 104
0.5573951237015258 1.0 0.0 1.0 105
1.0914737236335734 1.0 2.0 1.0 106
0.747423058237567 1.0 0.0 1.0 107
0.0 0.6041703856770702 0.0 0.0 108
0.6382618882812987 1.0 1.0 1.0 109
0.0 1.0100780022360294 0.0 1.0 110
1.0 1.304591902858855 1.0 1.0 111
0.0 1.3876600910887777 0.0 1.0 112
0.2818420256652051 1.0 1.0 1.0 113
0.8410292737981581 1.0 0.0 1.0 114
1.1933135054985105 1.0 1.0 1.0 115
0.0 1.2865766965052632 0.0 2.0 116
0.0 1.1441147459219039 0.0 1.0 117
1.0 1.560809875095362 1.0 1.0 118
0.0 1.678568285225325 0.0 1.0 119
0.0 0.5470912292294948 0.0 1.0 120
0.0 1.1849073692134975 0.0 1.0 121
-0.19337927297957036 1.0 0.0 1.0 122
1.0 0.4847721988213546 1.0 1.0 123
1.0 1.3168219576648315 1.0 1.0 124
1.3666219497031311 1.0 1.0 1.0 125
0.0 1.4067747850857613 0.0 1.0 126
0.0 0.3916480992886957 0.0 1.0 127
*** t = 48
0.0 1.4301689753012843 0.0 1.0 128
1.0 1.4051765508837155 1.0 1.0 129
0.0 1.675939309881423 0.0 1.0 130
-0.5191443211018563 1.0 0.0 1.0 131
1.0 0.3621959909944069 1.0 1.0 132
1.5553571236721462 1.0 1.0 1.0 133
0.0 0.19118002449676152 0.0 1.0 134
0.0 1.7134562949004875 0.0 1.0 135
1.0 1.6634513548193768 1.0 1.0 136
0.0 1.9213308376251912 0.0 1.0 137
0.0 0.0 0.0 1.0 138
0.0 2.0 0.0 1.0 139
-1.0 1.0 0.0 1.0 140
1.0 0.0 1.0 1.0 141
1.0 2.0 1.0 1.0 142
2.0 1.0 1.0 1.0 143
1.0 0.23115296323432033 1.0 0.0 38
1.0 0.15244178358036398 1.0 0.0 44
1.2730288103478036 1.0 2.0 1.0 56
-0.5975385443625696 1.0 -1.0 1.0 57
0.8172698169396213 1.0 1.0 1.0 62
1.0 0.08109105240264936 1.0 0.0 68
0.33438976258233666 1.0 0.0 1.0 70
1.2687502281185323 1.0 2.0 1.0 72
1.0 0.36120669692902785 1.0 0.0 73
1.9488342911481322 1.0 2.0 1.0 76
1.5865902307719602 1.0 2.0 1.0 77
0.1775255304247181 1.0 0.0 1.0 79
0.0 0.8649828455036197 0.0 0.0 82
0.7122666917566296 1.0 1.0 1.0 84
0.5672128278382051 1.0 0.0 1.0 87
0.26311049113983714 1.0 0.0 1.0 88
-0.3166628664443577 1.0 -1.0 1.0 89
0.0 1.4074140510643773 0.0 2.0 91
0.5298361323376243 1.0 1.0 1.0 92
0.0 0.26430143973441483 0.0 0.0 94
-0.5204198377070484 1.0 -1.0 1.0 96
1.0 0.16205406069589262 1.0 0.0 97
0.24940543985803548 1.0 1.0 1.0 98
0.21688570187376632 1.0 1.0 1.0 99
1.0 0.26773457355206454 1.0 0.0 100
1.0 1.3514911801960174 1.0 2.0 101
0.14334369567105593 1.0 1.0 1.0 102
0.0 0.5393896051409244 0.0 0.0 103
1.0 1.0667952309634987 1.0 2.0 104
0.42624922585620995 1.0 0.0 1.0 105
1.190698607600262 1.0 2.0 1.0 106
0.6335524271682549 1.0 0.0 1.0 107
0.0 0.4645874242447772 0.0 0.0 108
0.8202909869792208 1.0 1.0 1.0 109
-0.09991333084885615 1.0 -1.0 1.0 110
1.0 1.227324336509839 1.0 1.0 111
0.0 1.311117602474875 0.0 1.0 112
0.44207227887335576 1.0 1.0 1.0 113
0.6961579330229278 1.0 0.0 1.0 114
1.0924776936858243 1.0 1.0 1.0 115
0.0 1.4703733674345865 0.0 2.0 116
0.0 1.0218454239107473 0.0 1.0 117
1.0 1.4980684286804138 1.0 1.0 118
0.0 1.6249963327628791 0.0 1.0 119
0.0 0.6565094750753938 0.0 1.0 120
0.0 1.021888843056197 0.0 1.0 121
-0.0320551275754844 1.0 0.0 1.0 122
1.0 0.5817266385856255 1.0 1.0 123
1.0 1.1801863491977977 1.0 1.0 124
1.2399463396437573 1.0 1.0 1.0 125
0.0 1.2584684813572016 0.0 1.0 126
0.0 0.522197465718261 0.0 1.0 127
*** t = 49
0.0 1.2877112191266054 0.0 1.0 128
1.0 1.2564706886046444 1.0 1.0 129
0.0 1.5679190798418974 0.0 1.0 130
-0.358859094802475 1.0 0.0 1.0 131
1.0 0.48292798799254255 1.0 1.0 132
1.4071428315628616 1.0 1.0 1.0 133
0.0 0.2867700367451423 0.0 1.0 134
0.0 1.5701844423507312 0.0 1.0 135
1.0 1.4951770322290652 1.0 1.0 136
0.0 1.8426616752503824 0.0 1.0 137
0.0 0.05248220877237118 0.0 1.0 138
0.0 1.9190065664313025 0.0 1.0 139
-0.8275078824580202 1.0 0.0 1.0 140
1.0 0.08635808601035165 1.0 1.0 141
1.0 1.849519022993396 1.0 1.0 142
1.8936444808884443 1.0 1.0 1.0 143
0.0 2.0 0.0 1.0 144
1.0 0.14971628568238854 1.0 0.0 38
1.0 0.06345558931725033 1.0 0.0 44
1.354208410717368 1.0 2.0 1.0 56
-0.6903077780898043 1.0 -1.0 1.0 57
0.8871648098988375 1.0 1.0 1.0 62
0.26498933602326735 1.0 0.0 1.0 70
1.3673915423845555 1.0 2.0 1.0 72
1.0 0.24126154678943817 1.0 0.0 73
1.7097611941420534 1.0 2.0 1.0 77
0.09074103187351418 1.0 0.0 1.0 79
0.0 0.7582319877788007 0.0 0.0 82
0.8073926190764423 1.0 1.0 1.0 84
0.4876135404958832 1.0 0.0 1.0 87
0.1666166295364948 1.0 0.0 1.0 88
-0.44536635902459976 1.0 -1.0 1.0 89
0.0 1.495377429255901 0.0 2.0 91
0.6254508906087257 1.0 1.0 1.0 92
0.0 0.14858820238337578 0.0 0.0 94
-0.6884478268875183 1.0 -1.0 1.0 96
1.0 0.039524331408952174 1.0 0.0 97
0.33864868556218086 1.0 1.0 1.0 98
0.30380610915046397 1.0 1.0 1.0 99
1.0 0.14400132880578348 1.0 0.0 100
1.0 1.5323751171341726 1.0 2.0 101
0.23862233697697724 1.0 1.0 1.0 102
0.0 0.41767207223600133 0.0 0.0 103
1.0 1.2390281668771237 1.0 2.0 104
0.2951033280108941 1.0 0.0 1.0 105
1.2899234915669504 1.0 2.0 1.0 106
0.5196817960989427 1.0 0.0 1.0 107
0.0 0.3250044628124843 0.0 0.0 108
1.0023200856771428 1.0 2.0 1.0 109
-0.2099046639337417 1.0 -1.0 1.0 110
1.0 1.1500567701608229 1.0 1.0 111
0.0 1.2345751138609722 0.0 1.0 112
0.6023025320815064 1.0 1.0 1.0 113
0.5512865922476976 1.0 0.0 1.0 114
0.9916418818731381 1.0 0.0 1.0 115
0.0 1.6541700383639097 0.0 2.0 116
-0.10042389810040941 1.0 -1.0 1.0 117
1.0 1.4353269822654655 1.0 1.0 118
0.0 1.5714243803004333 0.0 1.0 119
0.0 0.7659277209212928 0.0 1.0 120
-0.14112968310110355 1.0 -1.0 1.0 121
0.12926901782860156 1.0 1.0 1.0 122
1.0 0.6786810783498963 1.0 1.0 123
1.0 1.043550740730764 1.0 1.0 124
1.1132707295843836 1.0 1.0 1.0 125
0.0 1.1101621776286419 0.0 1.0 126
0.0 0.6527468321478263 0.0 1.0 127
*** t = 50
0.0 1.1452534629519264 0.0 1.0 128
1.0 1.1077648263255733 1.0 1.0 129
0.0 1.4598988498023717 0.0 1.0 130
-0.19857386850309378 1.0 0.0 1.0 131
1.0 0.6036599849906782 1.0 1.0 132
1.258928539453577 1.0 1.0 1.0 133
0.0 0.38236004899352305 0.0 1.0 134
0.0 1.426912589800975 0.0 1.0 135
1.0 1.3269027096387536 1.0 1.0 136
0.0 1.7639925128755736 0.0 1.0 137
0.0 0.10496441754474237 0.0 1.0 138
0.0 1.838013132862605 0.0 1.0 139
-0.6550157649160404 1.0 0.0 1.0 140
1.0 0.1727161720207033 1.0 1.0 141
1.0 1.699038045986792 1.0 1.0 142
1.7872889617768886 1.0 1.0 1.0 143
0.0 1.862258797136076 0.0 1.0 144
0.0 0.0 0.0 1.0 145
0.0 2.0 0.0 1.0 146
1.0 2.0 1.0 1.0 147
1.0 0.06827960813045675 1.0 0.0 38
1.4353880110869324 1.0 2.0 1.0 56
-0.7830770118170389 1.0 -1.0 1.0 57
0.9570598028580537 1.0 1.0 1.0 62
0.19558890946419805 1.0 0.0 1.0 70
1.4660328566505787 1.0 2.0 1.0 72
1.0 0.1213163966498485 1.0 0.0 73
1.8329321575121467 1.0 2.0 1.0 77
0.003956533322310246 1.0 0.0 1.0 79
0.0 0.6514811300539818 0.0 0.0 82
0.9025185463962551 1.0 1.0 1.0 84
0.4080142531535612 1.0 0.0 1.0 87
0.07012276793315246 1.0 0.0 1.0 88
-0.5740698516048418 1.0 -1.0 1.0 89
0.0 1.5833408074474247 0.0 2.0 91
0.7210656488798272 1.0 1.0 1.0 92
0.0 0.032874965032336737 0.0 0.0 94
-0.8564758160679882 1.0 -1.0 1.0 96
0.42789193126632624 1.0 1.0 1.0 98
0.3907265164271616 1.0 1.0 1.0 99
1.0 0.020268084059502423 1.0 0.0 100
1.0 1.7132590540723278 1.0 2.0 101
0.33390097828289855 1.0 1.0 1.0 102
0.0 0.2959545393310783 0.0 0.0 103
1.0 1.4112611027907487 1.0 2.0 104
0.16395743016557826 1.0 0.0 1.0 105
1.389148375533639 1.0 2.0 1.0 106
0.40581116502963055 1.0 0.0 1.0 107
0.0 0.18542150138019137 0.0 0.0 108
1.1843491843750649 1.0 2.0 1.0 109
-0.31989599701862725 1.0 -1.0 1.0 110
1.0 1.0727892038118068 1.0 1.0 111
0.0 1.1580326252470694 0.0 1.0 112
0.7625327852896571 1.0 1.0 1.0 113
0.4064152514724674 1.0 0.0 1.0 114
0.8908060700604519 1.0 0.0 1.0 115
0.0 1.837966709293233 0.0 2.0 116
-0.22269322011156611 1.0 -1.0 1.0 117
1.0 1.3725855358505172 1.0 1.0 118
0.0 1.5178524278379875 0.0 1.0 119
0.0 0.8753459667671918 0.0 1.0 120
-0.3041482092584041 1.0 -1.0 1.0 121
0.2905931632326875 1.0 1.0 1.0 122
1.0 0.7756355181141672 1.0 1.0 123
1.0 0.9069151322637302 1.0 0.0 124
0.9865951195250097 1.0 0.0 1.0 125
-0.03814412609991774 1.0 -1.0 1.0 126
0.0 0.7832961985773915 0.0 1.0 127
*** t = 51
0.0 1.0027957067772475 0.0 1.0 128
1.0409410359534979 1.0 2.0 1.0 129
0.0 1.351878619762846 0.0 1.0 130
-0.03828864220371253 1.0 0.0 1.0 131
1.0 0.7243919819888138 1.0 1.0 132
1.1107142473442924 1.0 1.0 1.0 133
0.0 0.4779500612419038 0.0 1.0 134
0.0 1.2836407372512186 0.0 1.0 135
1.0 1.158628387048442 1.0 1.0 136
0.0 1.6853233505007648 0.0 1.0 137
0.0 0.15744662631711354 0.0 1.0 138
0.0 1.7570196992939076 0.0 1.0 139
-0.4825236473740606 1.0 0.0 1.0 140
1.0 0.25907425803105494 1.0 1.0 141
1.0 1.548557068980188 1.0 1.0 142
1.6809334426653328 1.0 1.0 1.0 143
0.0 1.724517594272152 0.0 1.0 144
0.0 0.173180312527385 0.0 1.0 145
0.0 1.8571831198897102 0.0 1.0 146
1.0 1.877447775843645 1.0 1.0 147
0.0 2.0 0.0 1.0 148
-1.0 1.0 0.0 1.0 149
1.0 0.0 1.0 1.0 150
2.0 1.0 1.0 1.0 151
1.5165676114564968 1.0 2.0 1.0 56
-0.8758462455442736 1.0 -1.0 1.0 57
1.0 0.9730452041827301 1.0 0.0 62
0.12618848290512874 1.0 0.0 1.0 70
1.5646741709166019 1.0 2.0 1.0 72
1.0 0.0013712465102588278 1.0 0.0 73
1.95610312088224 1.0 2.0 1.0 77
-0.08282796522889369 1.0 -1.0 1.0 79
0.0 0.5447302723291628 0.0 0.0 82
0.9976444737160678 1.0 1.0 1.0 84
0.32841496581123925 1.0 0.0 1.0 87
0.0 1.02637109367019 0.0 2.0 88
-0.7027733441850839 1.0 -1.0 1.0 89
0.0 1.6713041856389483 0.0 2.0 91
0.8166804071509286 1.0 1.0 1.0 92
0.5171351769704716 1.0 1.0 1.0 98
0.47764692370385925 1.0 1.0 1.0 99
1.0 1.894142991010483 1.0 2.0 101
0.4291796195888199 1.0 1.0 1.0 102
0.0 0.17423700642615525 0.0 0.0 103
1.0 1.5834940387043737 1.0 2.0 104
0.032811532320262404 1.0 0.0 1.0 105
1.4883732595003274 1.0 2.0 1.0 106
0.2919405339603184 1.0 0.0 1.0 107
0.0 0.04583853994789844 0.0 0.0 108
1.366378283072987 1.0 2.0 1.0 109
-0.42988733010351277 1.0 -1.0 1.0 110
1.0 0.9955216374627907 1.0 0.0 111
0.0 1.0814901366331666 0.0 1.0 112
0.9227630384978077 1.0 1.0 1.0 113
0.26154391069723715 1.0 0.0 1.0 114
0.7899702582477657 1.0 0.0 1.0 115
-0.3449625421227228 1.0 -1.0 1.0 117
1.0 1.309844089435569 1.0 1.0 118
0.0 1.4642804753755416 0.0 1.0 119
0.0 0.9847642126130908 0.0 1.0 120
-0.46716673541570464 1.0 -1.0 1.0 121
0.4519173086367735 1.0 1.0 1.0 122
1.0 0.8725899578784381 1.0 1.0 123
1.0 0.7702795237966964 1.0 0.0 124
0.8599195094656358 1.0 0.0 1.0 125
-0.18645042982847737 1.0 -1.0 1.0 126
0.0 0.9138455650069568 0.0 1.0 127
*** t = 52
0.13966204939743138 1.0 1.0 1.0 128
1.189646898232569 1.0 2.0 1.0 129
0.0 1.2438583897233204 0.0 1.0 130
0.0 1.1219965840956687 0.0 2.0 131
1.0 0.8451239789869495 1.0 1.0 132
0.9624999552350078 1.0 0.0 1.0 133
0.0 0.5735400734902846 0.0 1.0 134
0.0 1.1403688847014624 0.0 1.0 135
1.0096459355418697 1.0 2.0 1.0 136
0.0 1.606654188125956 0.0 1.0 137
0.0 0.20992883508948473 0.0 1.0 138
0.0 1.67602626572521 0.0 1.0 139
-0.3100315298320808 1.0 0.0 1.0 140
1.0 0.3454323440414066 1.0 1.0 141
1.0 1.398076091973584 1.0 1.0 142
1.5745779235537771 1.0 1.0 1.0 143
0.0 1.586776391408228 0.0 1.0 144
0.0 0.34636062505477 0.0 1.0 145
0.0 1.7143662397794204 0.0 1.0 146
1.0 1.75489555168729 1.0 1.0 147
0.0 1.883705090117939 0.0 1.0 148
-0.8989718940666159 1.0 0.0 1.0 149
1.0 0.15891162923430063 1.0 1.0 150
1.9180331302762292 1.0 1.0 1.0 151
0.0 0.0 0.0 1.0 152
0.0 2.0 0.0 1.0 153
1.0 2.0 1.0 1.0 154
1.5977472118260612 1.0 2.0 1.0 56
-0.9686154792715083 1.0 -1.0 1.0 57
1.0 0.9031502112235139 1.0 0.0 62
0.05678805634605942 1.0 0.0 1.0 70
1.663315485182625 1.0 2.0 1.0 72
-0.16961246378009762 1.0 -1.0 1.0 79
0.0 0.43797941460434386 0.0 0.0 82
1.0 1.0927704010358805 1.0 2.0 84
0.24881567846891728 1.0 0.0 1.0 87
0.0 1.1228649552735324 0.0 2.0 88
-0.8314768367653259 1.0 -1.0 1.0 89
0.0 1.759267563830472 0.0 2.0 91
0.91229516542203 1.0 1.0 1.0 92
0.606378422674617 1.0 1.0 1.0 98
0.5645673309805569 1.0 1.0 1.0 99
0.5244582608947412 1.0 1.0 1.0 102
0.0 0.05251947352123222 0.0 0.0 103
1.0 1.7557269746179986 1.0 2.0 104
0.0 0.9016656344749465 0.0 0.0 105
1.5875981434670159 1.0 2.0 1.0 106
0.17806990289100624 1.0 0.0 1.0 107
1.548407381770909 1.0 2.0 1.0 109
-0.5398786631883983 1.0 -1.0 1.0 110
1.0 0.9182540711137746 1.0 0.0 111
0.0 1.0049476480192638 0.0 1.0 112
1.0 1.0829932917059584 1.0 2.0 113
0.11667256992200689 1.0 0.0 1.0 114
0.6891344464350795 1.0 0.0 1.0 115
-0.4672318641338795 1.0 -1.0 1.0 117
1.0 1.2471026430206207 1.0 1.0 118
0.0 1.4107085229130958 0.0 1.0 119
0.0 1.0941824584589896 0.0 2.0 120
-0.6301852615730051 1.0 -1.0 1.0 121
0.6132414540408595 1.0 1.0 1.0 122
1.0 0.9695443976427089 1.0 1.0 123
1.0 0.6336439153296626 1.0 0.0 124
0.7332438994062619 1.0 0.0 1.0 125
-0.334756733557037 1.0 -1.0 1.0 126
0.0 1.044394931436522 0.0 2.0 127
*** t = 53
0.28211980557211025 1.0 1.0 1.0 128
1.33835276051164 1.0 2.0 1.0 129
0.0 1.1358381596837948 0.0 1.0 130
0.0 1.28228181039505 0.0 2.0 131
1.0 0.9658559759850851 1.0 1.0 132
0.8142856631257231 1.0 0.0 1.0 133
0.0 0.6691300857386653 0.0 1.0 134
0.002902967848293997 1.0 1.0 1.0 135
1.1779202581321813 1.0 2.0 1.0 136
0.0 1.5279850257511471 0.0 1.0 137
0.0 0.26241104386185593 0.0 1.0 138
0.0 1.5950328321565126 0.0 1.0 139
-0.137539412290101 1.0 0.0 1.0 140
1.0 0.43179043005175827 1.0 1.0 141
1.0 1.24759511496698 1.0 1.0 142
1.4682224044422214 1.0 1.0 1.0 143
0.0 1.449035188544304 0.0 1.0 144
0.0 0.519540937582155 0.0 1.0 145
0.0 1.5715493596691306 0.0 1.0 146
1.0 1.632343327530935 1.0 1.0 147
0.0 1.7674101802358781 0.0 1.0 148
-0.7979437881332319 1.0 0.0 1.0 149
1.0 0.31782325846860127 1.0 1.0 150
1.8360662605524585 1.0 1.0 1.0 151
0.0 0.15431202714526335 0.0 1.0 152
0.0 1.8168712344010938 0.0 1.0 153
1.0 1.8568761934718858 1.0 1.0 154
0.0 2.0 0.0 1.0 155
1.6789268121956256 1.0 2.0 1.0 56
1.0 0.8332552182642977 1.0 0.0 62
0.0 1.0126123702130099 0.0 2.0 70
1.7619567994486482 1.0 2.0 1.0 72
-0.25639696233130155 1.0 -1.0 1.0 79
0.0 0.3312285568795249 0.0 0.0 82
1.0 1.1878963283556934 1.0 2.0 84
0.1692163911265953 1.0 0.0 1.0 87
0.0 1.2193588168768748 0.0 2.0 88
-0.960180329345568 1.0 -1.0 1.0 89
0.0 1.8472309420219957 0.0 2.0 91
1.0 1.0079099236931315 1.0 2.0 92
0.6956216683787624 1.0 1.0 1.0 98
0.6514877382572545 1.0 1.0 1.0 99
0.6197369022006626 1.0 1.0 1.0 102
1.0 1.9279599105316236 1.0 2.0 104
0.0 0.7705197366296307 0.0 0.0 105
1.6868230274337044 1.0 2.0 1.0 106
0.0641992718216941 1.0 0.0 1.0 107
1.730436480468831 1.0 2.0 1.0 109
-0.6498699962732838 1.0 -1.0 1.0 110
1.0 0.8409865047647584 1.0 0.0 111
0.0715948405946389 1.0 1.0 1.0 112
1.0 1.243223544914109 1.0 2.0 113
0.0 0.9718012291467766 0.0 0.0 114
0.5882986346223933 1.0 0.0 1.0 115
-0.5895011861450362 1.0 -1.0 1.0 117
1.0 1.1843611966056724 1.0 1.0 118
0.0 1.35713657045065 0.0 1.0 119
0.0 1.2036007043048886 0.0 2.0 120
-0.7932037877303056 1.0 -1.0 1.0 121
0.7745655994449454 1.0 1.0 1.0 122
0.9335011625930202 1.0 0.0 1.0 123
1.0 0.49700830686262876 1.0 0.0 124
0.606568289346888 1.0 0.0 1.0 125
-0.48306303728559663 1.0 -1.0 1.0 126
0.0 1.1749442978660871 0.0 2.0 127
*** t = 54
0.4245775617467891 1.0 1.0 1.0 128
1.4870586227907112 1.0 2.0 1.0 129
0.0 1.027817929644269 0.0 1.0 130
0.0 1.4425670366944312 0.0 2.0 131
0.9134120270167793 1.0 0.0 1.0 132
0.6660713710164385 1.0 0.0 1.0 133
0.0 0.7647200979870461 0.0 1.0 134
0.14617482039805035 1.0 1.0 1.0 135
1.3461945807224929 1.0 2.0 1.0 136
0.0 1.4493158633763383 0.0 1.0 137
0.0 0.3148932526342271 0.0 1.0 138
0.0 1.514039398587815 0.0 1.0 139
0.034952705251878824 1.0 1.0 1.0 140
1.0 0.5181485160621099 1.0 1.0 141
1.0 1.097114137960376 1.0 1.0 142
1.3618668853306657 1.0 1.0 1.0 143
0.0 1.31129398568038 0.0 1.0 144
0.0 0.69272125010954 0.0 1.0 145
0.0 1.4287324795588408 0.0 1.0 146
1.0 1.50979110337458 1.0 1.0 147
0.0 1.6511152703538172 0.0 1.0 148
-0.6969156821998478 1.0 0.0 1.0 149
1.0 0.4767348877029019 1.0 1.0 150
1.7540993908286877 1.0 1.0 1.0 151
0.0 0.3086240542905267 0.0 1.0 152
0.0 1.6337424688021875 0.0 1.0 153
1.0 1.7137523869437716 1.0 1.0 154
0.0 1.861536767448436 0.0 1.0 155
0.0 0.0 0.0 1.0 156
0.0 2.0 0.0 1.0 157
-1.0 1.0 0.0 1.0 158
1.0 0.0 1.0 1.0 159
1.0 2.0 1.0 1.0 160
2.0 1.0 1.0 1.0 161
1.76010641256519 1.0 2.0 1.0 56
1.0 0.7633602253050815 1.0 0.0 62
0.0 1.0820127967720792 0.0 2.0 70
1.8605981137146714 1.0 2.0 1.0 72
-0.34318146088250545 1.0 -1.0 1.0 79
0.0 0.22447769915470592 0.0 0.0 82
1.0 1.2830222556755062 1.0 2.0 84
0.08961710378427334 1.0 0.0 1.0 87
0.0 1.3158526784802171 0.0 2.0 88
0.0 1.9351943202135193 0.0 2.0 91
1.0 1.103524681964233 1.0 2.0 92
0.7848649140829078 1.0 1.0 1.0 98
0.7384081455339521 1.0 1.0 1.0 99
0.7150155435065839 1.0 1.0 1.0 102
0.0 0.6393738387843149 0.0 0.0 105
1.7860479114003929 1.0 2.0 1.0 106
0.0 0.950328640752382 0.0 0.0 107
1.912465579166753 1.0 2.0 1.0 109
-0.7598613293581693 1.0 -1.0 1.0 110
1.0 0.7637189384157423 1.0 0.0 111
0.14813732920854164 1.0 1.0 1.0 112
1.0 1.4034537981222595 1.0 2.0 113
0.0 0.8269298883715464 0.0 0.0 114
0.48746282280970715 1.0 0.0 1.0 115
-0.7117705081561929 1.0 -1.0 1.0 117
1.0 1.1216197501907241 1.0 1.0 118
0.0 1.303564617988204 0.0 1.0 119
0.0 1.3130189501507876 0.0 2.0 120
-0.9562223138876061 1.0 -1.0 1.0 121
0.9358897448490313 1.0 1.0 1.0 122
0.8365467228287493 1.0 0.0 1.0 123
1.0 0.36037269839559494 1.0 0.0 124
0.4798926792875141 1.0 0.0 1.0 125
-0.6313693410141563 1.0 -1.0 1.0 126
0.0 1.3054936642956523 0.0 2.0 127
*** t = 55
0.567035317921468 1.0 1.0 1.0 128
1.6357644850697823 1.0 2.0 1.0 129
-0.08020230039525661 1.0 -1.0 1.0 130
0.0 1.6028522629938124 0.0 2.0 131
0.7926800300186436 1.0 0.0 1.0 132
0.5178570789071539 1.0 0.0 1.0 133
0.0 0.8603101102354269 0.0 1.0 134
0.2894466729478067 1.0 1.0 1.0 135
1.5144689033128045 1.0 2.0 1.0 136
0.0 1.3706467010015295 0.0 1.0 137
0.0 0.3673754614065983 0.0 1.0 138
0.0 1.4330459650191176 0.0 1.0 139
0.20744482279385865 1.0 1.0 1.0 140
1.0 0.6045066020724615 1.0 1.0 141
1.0 0.9466331609537719 1.0 0.0 142
1.25551136621911 1.0 1.0 1.0 143
0.0 1.173552782816456 0.0 1.0 144
0.0 0.865901562636925 0.0 1.0 145
0.0 1.285915599448551 0.0 1.0 146
1.0 1.3872388792182249 1.0 1.0 147
0.0 1.5348203604717563 0.0 1.0 148
-0.5958875762664637 1.0 0.0 1.0 149
1.0 0.6356465169372025 1.0 1.0 150
1.672132521104917 1.0 1.0 1.0 151
0.0 0.46293608143579 0.0 1.0 152
0.0 1.4506137032032813 0.0 1.0 153
1.0 1.5706285804156574 1.0 1.0 154
0.0 1.723073534896872 0.0 1.0 155
0.0 0.13799587484361056 0.0 1.0 156
0.0 1.8425108632425855 0.0 1.0 157
-0.8499681686374827 1.0 0.0 1.0 158
1.0 0.11953021851837609 1.0 1.0 159
1.0 1.9061036711419654 1.0 1.0 160
1.8400933831404511 1.0 1.0 1.0 161
0.0 2.0 0.0 1.0 162
1.8412860129347544 1.0 2.0 1.0 56
1.0 0.6934652323458653 1.0 0.0 62
0.0 1.1514132233311485 0.0 2.0 70
1.9592394279806946 1.0 2.0 1.0 72
-0.4299659594337094 1.0 -1.0 1.0 79
0.0 0.11772684142988693 0.0 0.0 82
1.0 1.378148182995319 1.0 2.0 84
0.010017816441951377 1.0 0.0 1.0 87
0.0 1.4123465400835595 0.0 2.0 88
1.0 1.1991394402353346 1.0 2.0 92
0.8741081597870533 1.0 1.0 1.0 98
0.8253285528106497 1.0 1.0 1.0 99
0.8102941848125053 1.0 1.0 1.0 102
0.0 0.508227940938999 0.0 0.0 105
1.8852727953670814 1.0 2.0 1.0 106
0.0 0.8364580096830698 0.0 0.0 107
-0.8698526624430548 1.0 -1.0 1.0 110
1.0 0.6864513720667262 1.0 0.0 111
0.2246798178224444 1.0 1.0 1.0 112
1.0 1.56368405133041 1.0 2.0 113
0.0 0.6820585475963161 0.0 0.0 114
0.386627010997021 1.0 0.0 1.0 115
-0.8340398301673496 1.0 -1.0 1.0 117
1.0 1.0588783037757759 1.0 1.0 118
0.0 1.2499926655257583 0.0 1.0 119
0.0 1.4224371959966866 0.0 2.0 120
1.0 1.0972138902531172 1.0 2.0 122
0.7395922830644784 1.0 0.0 1.0 123
1.0 0.22373708992856112 1.0 0.0 124
0.3532170692281402 1.0 0.0 1.0 125
-0.779675644742716 1.0 -1.0 1.0 126
0.0 1.4360430307252174 0.0 2.0 127
*** t = 56
0.7094930740961469 1.0 1.0 1.0 128
1.7844703473488535 1.0 2.0 1.0 129
-0.18822253043478232 1.0 -1.0 1.0 130
0.0 1.7631374892931937 0.0 2.0 131
0.671948033020508 1.0 0.0 1.0 132
0.3696427867978693 1.0 0.0 1.0 133
0.0 0.9559001224838077 0.0 1.0 134
0.43271852549756307 1.0 1.0 1.0 135
1.682743225903116 1.0 2.0 1.0 136
0.0 1.2919775386267207 0.0 1.0 137
0.0 0.4198576701789695 0.0 1.0 138
0.0 1.3520525314504201 0.0 1.0 139
0.37993694033583847 1.0 1.0 1.0 140
1.0 0.6908646880828132 1.0 1.0 141
1.0 0.7961521839471679 1.0 0.0 142
1.1491558471075543 1.0 1.0 1.0 143
0.0 1.035811579952532 0.0 1.0 144
0.03908187516430997 1.0 1.0 1.0 145
0.0 1.1430987193382611 0.0 1.0 146
1.0 1.2646866550618698 1.0 1.0 147
0.0 1.4185254505896954 0.0 1.0 148
-0.4948594703330796 1.0 0.0 1.0 149
1.0 0.7945581461715032 1.0 1.0 150
1.5901656513811462 1.0 1.0 1.0 151
0.0 0.6172481085810534 0.0 1.0 152
0.0 1.267484937604375 0.0 1.0 153
1.0 1.4275047738875433 1.0 1.0 154
0.0 1.584610302345308 0.0 1.0 155
0.0 0.2759917496872211 0.0 1.0 156
0.0 1.685021726485171 0.0 1.0 157
-0.6999363372749654 1.0 0.0 1.0 158
1.0 0.23906043703675217 1.0 1.0 159
1.0 1.8122073422839309 1.0 1.0 160
1.6801867662809022 1.0 1.0 1.0 161
0.0 1.8954939836912768 0.0 1.0 162
0.0 0.0 0.0 1.0 163
0.0 2.0 0.0 1.0 164
1.0 2.0 1.0 1.0 165
1.9224656133043188 1.0 2.0 1.0 56
1.0 0.6235702393866491 1.0 0.0 62
0.0 1.2208136498902178 0.0 2.0 70
-0.5167504579849134 1.0 -1.0 1.0 79
0.0 0.010975983705067943 0.0 0.0 82
1.0 1.473274110315132 1.0 2.0 84
0.0 1.0695814709003706 0.0 2.0 87
0.0 1.508840401686902 0.0 2.0 88
1.0 1.2947541985064361 1.0 2.0 92
0.9633514054911987 1.0 1.0 1.0 98
0.9122489600873472 1.0 1.0 1.0 99
0.9055728261184266 1.0 1.0 1.0 102
0.0 0.3770820430936832 0.0 0.0 105
1.9844976793337699 1.0 2.0 1.0 106
0.0 0.7225873786137577 0.0 0.0 107
-0.9798439955279403 1.0 -1.0 1.0 110
1.0 0.6091838057177101 1.0 0.0 111
0.3012223064363471 1.0 1.0 1.0 112
1.0 1.7239143045385605 1.0 2.0 113
0.0 0.5371872068210859 0.0 0.0 114
0.2857911991843349 1.0 0.0 1.0 115
-0.9563091521785063 1.0 -1.0 1.0 117
1.0 0.9961368573608276 1.0 0.0 118
0.0 1.1964207130633124 0.0 1.0 119
0.0 1.5318554418425856 0.0 2.0 120
1.0 1.2585380356572031 1.0 2.0 122
0.6426378433002076 1.0 0.0 1.0 123
1.0 0.0871014814615273 1.0 0.0 124
0.22654145916876636 1.0 0.0 1.0 125
-0.9279819484712757 1.0 -1.0 1.0 126
0.0 1.5665923971547826 0.0 2.0 127
*** t = 57
0.8519508302708259 1.0 1.0 1.0 128
1.9331762096279246 1.0 2.0 1.0 129
-0.29624276047430803 1.0 -1.0 1.0 130
0.0 1.923422715592575 0.0 2.0 131
0.5512160360223723 1.0 0.0 1.0 132
0.22142849468858472 1.0 0.0 1.0 133
0.0514901347321885 1.0 1.0 1.0 134
0.5759903780473195 1.0 1.0 1.0 135
1.8510175484934277 1.0 2.0 1.0 136
0.0 1.213308376251912 0.0 1.0 137
0.0 0.4723398789513407 0.0 1.0 138
0.0 1.2710590978817227 0.0 1.0 139
0.5524290578778183 1.0 1.0 1.0 140
1.0 0.7772227740931649 1.0 1.0 141
1.0 0.6456712069405639 1.0 0.0 142
1.0428003279959985 1.0 1.0 1.0 143
0.10192962291139193 1.0 1.0 1.0 144
0.21226218769169497 1.0 1.0 1.0 145
0.0 1.0002818392279713 0.0 1.0 146
1.0 1.1421344309055148 1.0 1.0 147
0.0 1.3022305407076344 0.0 1.0 148
-0.39383136439969546 1.0 0.0 1.0 149
1.0 0.9534697754058039 1.0 1.0 150
1.5081987816573754 1.0 1.0 1.0 151
0.0 0.7715601357263168 0.0 1.0 152
0.0 1.0843561720054689 0.0 1.0 153
1.0 1.284380967359429 1.0 1.0 154
0.0 1.446147069793744 0.0 1.0 155
0.0 0.4139876245308317 0.0 1.0 156
0.0 1.5275325897277565 0.0 1.0 157
-0.5499045059124481 1.0 0.0 1.0 158
1.0 0.35859065555512826 1.0 1.0 159
1.0 1.7183110134258963 1.0 1.0 160
1.5202801494213534 1.0 1.0 1.0 161
0.0 1.7909879673825535 0.0 1.0 162
0.0 0.15189011266386676 0.0 1.0 163
0.0 1.8669440466215148 0.0 1.0 164
1.0 1.8842016834246098 1.0 1.0 165
0.0 2.0 0.0 1.0 166
-1.0 1.0 0.0 1.0 167
1.0 0.0 1.0 1.0 168
2.0 1.0 1.0 1.0 169
1.0 0.5536752464274329 1.0 0.0 62
0.0 1.290214076449287 0.0 2.0 70
-0.6035349565361173 1.0 -1.0 1.0 79
1.0 1.5684000376349447 1.0 2.0 84
0.0 1.1491807582426925 0.0 2.0 87
0.0 1.6053342632902443 0.0 2.0 88
1.0 1.3903689567775377 1.0 2.0 92
1.0525946511953441 1.0 2.0 1.0 98
0.9991693673640448 1.0 1.0 1.0 99
1.0 1.0008514674243478 1.0 2.0 102
0.0 0.24593614524836735 0.0 0.0 105
0.0 0.6087167475444455 0.0 0.0 107
1.0 0.531916239368694 1.0 0.0 111
0.37776479505024985 1.0 1.0 1.0 112
1.0 1.884144557746711 1.0 2.0 113
0.0 0.39231586604585567 0.0 0.0 114
0.18495538737164874 1.0 0.0 1.0 115
1.0 0.9333954109458793 1.0 0.0 118
0.0 1.1428487606008666 0.0 1.0 119
0.0 1.6412736876884846 0.0 2.0 120
1.0 1.419862181061289 1.0 2.0 122
0.5456834035359367 1.0 0.0 1.0 123
0.0998658491093925 1.0 0.0 1.0 125
0.0 1.6971417635843478 0.0 2.0 127
*** t = 58
0.9944085864455048 1.0 1.0 1.0 128
-0.40426299051383374 1.0 -1.0 1.0 130
0.4304840390242367 1.0 0.0 1.0 132
0.07321420257930011 1.0 0.0 1.0 133
0.14708014698056926 1.0 1.0 1.0 134
0.7192622305970758 1.0 1.0 1.0 135
0.0 1.134639213877103 0.0 1.0 137
0.0 0.5248220877237119 0.0 1.0 138
0.0 1.1900656643130252 0.0 1.0 139
0.7249211754197981 1.0 1.0 1.0 140
1.0 0.8635808601035165 1.0 1.0 141
1.0 0.4951902299339599 1.0 0.0 142
1.0 1.0635551911155572 1.0 2.0 143
0.2396708257753159 1.0 1.0 1.0 144
0.38544250021908 1.0 1.0 1.0 145
0.1425350408823184 1.0 1.0 1.0 146
1.0 1.0195822067491598 1.0 1.0 147
0.0 1.1859356308255735 0.0 1.0 148
-0.29280325846631133 1.0 0.0 1.0 149
0.8876185953598954 1.0 0.0 1.0 150
1.4262319119336047 1.0 1.0 1.0 151
0.0 0.9258721628715801 0.0 1.0 152
0.09877259359343743 1.0 1.0 1.0 153
1.0 1.141257160831315 1.0 1.0 154
0.0 1.30768383724218 0.0 1.0 155
0.0 0.5519834993744422 0.0 1.0 156
0.0 1.370043452970342 0.0 1.0 157
-0.3998726745499308 1.0 0.0 1.0 158
1.0 0.47812087407350434 1.0 1.0 159
1.0 1.6244146845678618 1.0 1.0 160
1.3603735325618045 1.0 1.0 1.0 161
0.0 1.6864819510738303 0.0 1.0 162
0.0 0.3037802253277335 0.0 1.0 163
0.0 1.7338880932430296 0.0 1.0 164
1.0 1.7684033668492196 1.0 1.0 165
0.0 1.9128450307024272 0.0 1.0 166
-0.8780263343841308 1.0 0.0 1.0 167
1.0 0.07079099376837511 1.0 1.0 168
1.8851527301654 1.0 1.0 1.0 169
0.0 0.0 0.0 1.0 170
0.0 2.0 0.0 1.0 171
1.0 2.0 1.0 1.0 172
1.0 0.48378025346821674 1.0 0.0 62
0.0 1.3596145030083564 0.0 2.0 70
-0.6903194550873213 1.0 -1.0 1.0 79
1.0 1.6635259649547576 1.0 2.0 84
0.0 1.2287800455850144 0.0 2.0 87
0.0 1.7018281248935867 0.0 2.0 88
1.0 1.4859837150486392 1.0 2.0 92
1.1418378968994896 1.0 2.0 1.0 98
1.0 1.0860897746407425 1.0 2.0 99
1.0 1.096130108730269 1.0 2.0 102
0.0 0.11479024740305149 0.0 0.0 105
0.0 0.4948461164751333 0.0 0.0 107
1.0 0.45464867301967793 1.0 0.0 111
0.4543072836641526 1.0 1.0 1.0 112
0.0 0.2474445252706254 0.0 0.0 114
0.0841195755589626 1.0 0.0 1.0 115
1.0 0.870653964530931 1.0 0.0 118
0.0 1.0892768081384208 0.0 1.0 119
0.0 1.7506919335343836 0.0 2.0 120
1.0 1.581186326465375 1.0 2.0 122
0.44872896377166577 1.0 0.0 1.0 123
0.0 0.9731902390500187 0.0 0.0 125
0.0 1.827691130013913 0.0 2.0 127
*** t = 59
1.1368663426201837 1.0 2.0 1.0 128
-0.5122832205533594 1.0 -1.0 1.0 130
0.30975204202610107 1.0 0.0 1.0 132
0.0 0.9249999104700155 0.0 0.0 133
0.24267015922895002 1.0 1.0 1.0 134
0.8625340831468322 1.0 1.0 1.0 135
0.0 1.0559700515022943 0.0 1.0 137
0.0 0.5773042964960831 0.0 1.0 138
0.0 1.1090722307443277 0.0 1.0 139
0.8974132929617779 1.0 1.0 1.0 140
1.0 0.9499389461138682 1.0 1.0 141
1.0 0.3447092529273559 1.0 0.0 142
1.0 1.169910710227113 1.0 2.0 143
0.37741202863923984 1.0 1.0 1.0 144
0.558622812746465 1.0 1.0 1.0 145
0.2853519209926081 1.0 1.0 1.0 146
0.8970299825928049 1.0 0.0 1.0 147
0.0 1.0696407209435126 0.0 1.0 148
-0.1917751525329272 1.0 0.0 1.0 149
0.7287069661255947 1.0 0.0 1.0 150
1.344265042209834 1.0 1.0 1.0 151
0.08018419001684349 1.0 1.0 1.0 152
0.2819013591923437 1.0 1.0 1.0 153
0.9981333543032007 1.0 0.0 1.0 154
0.0 1.169220604690616 0.0 1.0 155
0.0 0.6899793742180528 0.0 1.0 156
0.0 1.2125543162129275 0.0 1.0 157
-0.24984084318741354 1.0 0.0 1.0 158
1.0 0.5976510925918804 1.0 1.0 159
1.0 1.5305183557098272 1.0 1.0 160
1.2004669157022556 1.0 1.0 1.0 161
0.0 1.581975934765107 0.0 1.0 162
0.0 0.4556703379916003 0.0 1.0 163
0.0 1.6008321398645444 0.0 1.0 164
1.0 1.6526050502738294 1.0 1.0 165
0.0 1.8256900614048543 0.0 1.0 166
-0.7560526687682616 1.0 0.0 1.0 167
1.0 0.14158198753675022 1.0 1.0 168
1.7703054603308002 1.0 1.0 1.0 169
0.0 0.1018053230839537 0.0 1.0 170
0.0 1.8203603749417137 0.0 1.0 171
1.0 1.8488242078995698 1.0 1.0 172
0.0 2.0 0.0 1.0 173
1.0 0.41388526050900054 1.0 0.0 62
0.0 1.4290149295674257 0.0 2.0 70
-0.7771039536385252 1.0 -1.0 1.0 79
1.0 1.7586518922745704 1.0 2.0 84
0.0 1.3083793329273363 0.0 2.0 87
0.0 1.798321986496929 0.0 2.0 88
1.0 1.5815984733197408 1.0 2.0 92
1.231081142603635 1.0 2.0 1.0 98
1.0 1.17301018191744 1.0 2.0 99
1.0 1.1914087500361903 1.0 2.0 102
0.0 0.38097548540582116 0.0 0.0 107
1.0 0.3773811066706618 1.0 0.0 111
0.5308497722780553 1.0 1.0 1.0 112
0.0 0.10257318449539515 0.0 0.0 114
0.0 1.0167162362537234 0.0 2.0 115
1.0 0.8079125181159827 1.0 0.0 118
0.0 1.035704855675975 0.0 1.0 119
0.0 1.8601101793802826 0.0 2.0 120
1.0 1.7425104718694608 1.0 2.0 122
0.35177452400739484 1.0 0.0 1.0 123
0.0 0.8465146289906448 0.0 0.0 125
0.0 1.958240496443478 0.0 2.0 127
*** t = 60
1.2793240987948626 1.0 2.0 1.0 128
-0.620303450592885 1.0 -1.0 1.0 130
0.18902004502796543 1.0 0.0 1.0 132
0.0 0.7767856183607309 0.0 0.0 133
0.3382601714773308 1.0 1.0 1.0 134
1.0 0.9941940643034114 1.0 0.0 135
0.02269911087251461 1.0 1.0 1.0 137
0.0 0.6297865052684543 0.0 1.0 138
0.0 1.0280787971756302 0.0 1.0 139
1.0 0.9300945894962424 1.0 0.0 140
0.9637029678757801 1.0 0.0 1.0 141
1.0 0.1942282759207519 1.0 0.0 142
1.0 1.2762662293386686 1.0 2.0 143
0.5151532315031638 1.0 1.0 1.0 144
0.7318031252738499 1.0 1.0 1.0 145
0.4281688011028978 1.0 1.0 1.0 146
0.77447775843645 1.0 0.0 1.0 147
0.04665418893854832 1.0 1.0 1.0 148
-0.0907470465995431 1.0 0.0 1.0 149
0.569795336891294 1.0 0.0 1.0 150
1.2622981724860631 1.0 1.0 1.0 151
0.23449621716210683 1.0 1.0 1.0 152
0.46503012479125 1.0 1.0 1.0 153
0.8550095477750865 1.0 0.0 1.0 154
0.0 1.030757372139052 0.0 1.0 155
0.0 0.8279752490616633 0.0 1.0 156
0.0 1.055065179455513 0.0 1.0 157
-0.09980901182489627 1.0 0.0 1.0 158
1.0 0.7171813111102565 1.0 1.0 159
1.0 1.4366220268517926 1.0 1.0 160
1.0405602988427067 1.0 1.0 1.0 161
0.0 1.4774699184563838 0.0 1.0 162
0.0 0.607560450655467 0.0 1.0 163
0.0 1.4677761864860592 0.0 1.0 164
1.0 1.5368067336984392 1.0 1.0 165
0.0 1.7385350921072815 0.0 1.0 166
-0.6340790031523924 1.0 0.0 1.0 167
1.0 0.21237298130512533 1.0 1.0 168
1.6554581904962002 1.0 1.0 1.0 169
0.0 0.2036106461679074 0.0 1.0 170
0.0 1.6407207498834273 0.0 1.0 171
1.0 1.6976484157991396 1.0 1.0 172
0.0 1.8731508955988374 0.0 1.0 173
0.0 0.0 0.0 1.0 174
0.0 2.0 0.0 1.0 175
-1.0 1.0 0.0 1.0 176
1.0 0.0 1.0 1.0 177
1.0 2.0 1.0 1.0 178
2.0 1.0 1.0 1.0 179
1.0 0.34399026754978435 1.0 0.0 62
0.0 1.498415356126495 0.0 2.0 70
-0.8638884521897292 1.0 -1.0 1.0 79
1.0 1.8537778195943833 1.0 2.0 84
0.0 1.3879786202696582 0.0 2.0 87
0.0 1.8948158481002715 0.0 2.0 88
1.0 1.6772132315908423 1.0 2.0 92
1.3203243883077804 1.0 2.0 1.0 98
1.0 1.2599305891941377 1.0 2.0 99
1.0 1.2866873913421115 1.0 2.0 102
0.0 0.267104854336509 0.0 0.0 107
1.0 0.3001135403216457 1.0 0.0 111
0.6073922608919581 1.0 1.0 1.0 112
0.0 1.1175520480664096 0.0 2.0 115
1.0 0.7451710717010345 1.0 0.0 118
0.0 0.982132903213529 0.0 0.0 119
0.0 1.9695284252261815 0.0 2.0 120
1.0 1.9038346172735467 1.0 2.0 122
0.2548200842431239 1.0 0.0 1.0 123
0.0 0.7198390189312709 0.0 0.0 125
*** t = 61
1.4217818549695416 1.0 2.0 1.0 128
-0.7283236806324107 1.0 -1.0 1.0 130
0.0682880480298298 1.0 0.0 1.0 132
0.0 0.6285713262514463 0.0 0.0 133
0.43385018372571155 1.0 1.0 1.0 134
1.0 0.850922211753655 1.0 0.0 135
0.1013682732473235 1.0 1.0 1.0 137
0.0 0.6822687140408255 0.0 1.0 138
0.05291463639306716 1.0 1.0 1.0 139
1.0 0.7576024719542626 1.0 0.0 140
0.8773448818654285 1.0 0.0 1.0 141
1.0 0.043747298914147914 1.0 0.0 142
1.0 1.3826217484502243 1.0 2.0 143
0.6528944343670878 1.0 1.0 1.0 144
0.9049834378012349 1.0 1.0 1.0 145
0.5709856812131875 1.0 1.0 1.0 146
0.651925534280095 1.0 0.0 1.0 147
0.16294909882060923 1.0 1.0 1.0 148
0.01028105933384102 1.0 1.0 1.0 149
0.4108837076569934 1.0 0.0 1.0 150
1.1803313027622924 1.0 1.0 1.0 151
0.38880824430737015 1.0 1.0 1.0 152
0.6481588903901563 1.0 1.0 1.0 153
0.7118857412469723 1.0 0.0 1.0 154
0.10770586041251198 1.0 1.0 1.0 155
0.0 0.9659711239052738 0.0 1.0 156
0.10242395730190146 1.0 1.0 1.0 157
0.0 1.050222819537621 0.0 2.0 158
1.0 0.8367115296286326 1.0 1.0 159
1.0 1.342725697993758 1.0 1.0 160
1.0 0.8806536819831579 1.0 0.0 161
0.0 1.3729639021476605 0.0 1.0 162
0.0 0.7594505633193338 0.0 1.0 163
0.0 1.334720233107574 0.0 1.0 164
1.0 1.421008417123049 1.0 1.0 165
0.0 1.6513801228097087 0.0 1.0 166
-0.5121053375365232 1.0 0.0 1.0 167
1.0 0.28316397507350044 1.0 1.0 168
1.5406109206616003 1.0 1.0 1.0 169
0.0 0.3054159692518611 0.0 1.0 170
0.0 1.461081124825141 0.0 1.0 171
1.0 1.5464726236987094 1.0 1.0 172
0.0 1.7463017911976748 0.0 1.0 173
0.0 0.13836605181298695 0.0 1.0 174
0.0 1.8544823248776163 0.0 1.0 175
-0.8578268158523007 1.0 0.0 1.0 176
1.0 0.14789708773947088 1.0 1.0 177
1.0 1.9032257912684694 1.0 1.0 178
1.90442198570391 1.0 1.0 1.0 179
0.0 2.0 0.0 1.0 180
1.0 0.27409527459056815 1.0 0.0 62
0.0 1.5678157826855643 0.0 2.0 70
-0.9506729507409332 1.0 -1.0 1.0 79
1.0 1.948903746914196 1.0 2.0 84
0.0 1.4675779076119801 0.0 2.0 87
0.0 1.9913097097036139 0.0 2.0 88
1.0 1.772827989861944 1.0 2.0 92
1.4095676340119259 1.0 2.0 1.0 98
1.0 1.3468509964708353 1.0 2.0 99
1.0 1.3819660326480327 1.0 2.0 102
0.0 0.15323422326719685 0.0 0.0 107
1.0 0.2228459739726296 1.0 0.0 111
0.6839347495058609 1.0 1.0 1.0 112
0.0 1.2183878598790958 0.0 2.0 115
1.0 0.6824296252860862 1.0 0.0 118
0.0 0.928560950751083 0.0 0.0 119
0.15786564447885298 1.0 0.0 1.0 123
0.0 0.593163408871897 0.0 0.0 125
*** t = 62
1.5642396111442205 1.0 2.0 1.0 128
-0.8363439106719364 1.0 -1.0 1.0 130
-0.05244394896830584 1.0 -1.0 1.0 132
0.0 0.4803570341421617 0.0 0.0 133
0.5294401959740923 1.0 1.0 1.0 134
1.0 0.7076503592038986 1.0 0.0 135
0.1800374356221324 1.0 1.0 1.0 137
0.0 0.7347509228131966 0.0 1.0 138
0.13390806996176455 1.0 1.0 1.0 139
1.0 0.5851103544122828 1.0 0.0 140
0.7909867958550768 1.0 0.0 1.0 141
1.0 1.48897726756178 1.0 2.0 143
0.7906356372310118 1.0 1.0 1.0 144
1.0 0.9218362496713801 1.0 0.0 145
0.7138025613234772 1.0 1.0 1.0 146
0.5293733101237401 1.0 0.0 1.0 147
0.27924400870267013 1.0 1.0 1.0 148
0.11130916526722513 1.0 1.0 1.0 149
0.25197207842269276 1.0 0.0 1.0 150
1.0983644330385216 1.0 1.0 1.0 151
0.5431202714526335 1.0 1.0 1.0 152
0.8312876559890625 1.0 1.0 1.0 153
0.5687619347188582 1.0 0.0 1.0 154
0.2461690929640759 1.0 1.0 1.0 155
0.0 1.1039669987488845 0.0 2.0 156
0.25991309405931595 1.0 1.0 1.0 157
0.0 1.2002546509001384 0.0 2.0 158
1.0 0.9562417481470087 1.0 1.0 159
1.0 1.2488293691357235 1.0 1.0 160
1.0 0.720747065123609 1.0 0.0 161
0.0 1.2684578858389373 0.0 1.0 162
0.0 0.9113406759832006 0.0 1.0 163
0.0 1.2016642797290888 0.0 1.0 164
1.0 1.3052101005476588 1.0 1.0 165
0.0 1.5642251535121359 0.0 1.0 166
-0.39013167192065407 1.0 0.0 1.0 167
1.0 0.35395496884187555 1.0 1.0 168
1.4257636508270004 1.0 1.0 1.0 169
0.0 0.4072212923358148 0.0 1.0 170
0.0 1.2814414997668546 0.0 1.0 171
1.0 1.3952968315982792 1.0 1.0 172
0.0 1.6194526867965122 0.0 1.0 173
0.0 0.2767321036259739 0.0 1.0 174
0.0 1.7089646497552327 0.0 1.0 175
-0.7156536317046014 1.0 0.0 1.0 176
1.0 0.29579417547894177 1.0 1.0 177
1.0 1.8064515825369387 1.0 1.0 178
1.80884397140782 1.0 1.0 1.0 179
0.0 1.8726540747665856 0.0 1.0 180
0.0 0.0 0.0 1.0 181
0.0 2.0 0.0 1.0 182
1.0 2.0 1.0 1.0 183
1.0 0.20420028163135193 1.0 0.0 62
0.0 1.6372162092446336 0.0 2.0 70
0.0 1.547177194954302 0.0 2.0 87
1.0 1.8684427481330455 1.0 2.0 92
1.4988108797160713 1.0 2.0 1.0 98
1.0 1.4337714037475329 1.0 2.0 99
1.0 1.477244673953954 1.0 2.0 102
0.0 0.03936359219788471 0.0 0.0 107
1.0 0.14557840762361346 1.0 0.0 111
0.7604772381197636 1.0 1.0 1.0 112
0.0 1.319223671691782 0.0 2.0 115
1.0 0.6196881788711379 1.0 0.0 118
0.0 0.8749889982886371 0.0 0.0 119
0.06091120471458207 1.0 0.0 1.0 123
0.0 0.4664877988125231 0.0 0.0 125
*** t = 63
1.7066973673188994 1.0 2.0 1.0 128
-0.944364140711462 1.0 -1.0 1.0 130
-0.17317594596644148 1.0 -1.0 1.0 132
0.0 0.3321427420328771 0.0 0.0 133
0.625030208222473 1.0 1.0 1.0 134
1.0 0.5643785066541422 1.0 0.0 135
0.2587065979969413 1.0 1.0 1.0 137
0.0 0.7872331315855678 0.0 1.0 138
0.21490150353046195 1.0 1.0 1.0 139
1.0 0.41261823687030297 1.0 0.0 140
0.7046287098447251 1.0 0.0 1.0 141
1.0 1.5953327866733358 1.0 2.0 143
0.9283768400949358 1.0 1.0 1.0 144
1.0 0.7486559371439951 1.0 0.0 145
0.8566194414337669 1.0 1.0 1.0 146
0.4068210859673852 1.0 0.0 1.0 147
0.39553891858473106 1.0 1.0 1.0 148
0.21233727120060925 1.0 1.0 1.0 149
0.09306044918839212 1.0 0.0 1.0 150
1.0163975633147508 1.0 1.0 1.0 151
0.6974322985978969 1.0 1.0 1.0 152
1.0 0.9855835784120313 1.0 0.0 153
0.425638128190744 1.0 0.0 1.0 154
0.38463232551563986 1.0 1.0 1.0 155
0.0 1.241962873592495 0.0 2.0 156
0.41740223081673045 1.0 1.0 1.0 157
0.0 1.3502864822626557 0.0 2.0 158
0.9242280333346152 1.0 0.0 1.0 159
1.0 1.154933040277689 1.0 1.0 160
1.0 0.5608404482640601 1.0 0.0 161
0.0 1.163951869530214 0.0 1.0 162
0.06323078864706733 1.0 1.0 1.0 163
0.0 1.0686083263506037 0.0 1.0 164
1.0 1.1894117839722687 1.0 1.0 165
0.0 1.477070184214563 0.0 1.0 166
-0.2681580063047849 1.0 0.0 1.0 167
1.0 0.42474596261025066 1.0 1.0 168
1.3109163809924005 1.0 1.0 1.0 169
0.0 0.5090266154197685 0.0 1.0 170
0.0 1.1018018747085683 0.0 1.0 171
1.0 1.244121039497849 1.0 1.0 172
0.0 1.4926035823953496 0.0 1.0 173
0.0 0.41509815543896084 0.0 1.0 174
0.0 1.563446974632849 0.0 1.0 175
-0.5734804475569021 1.0 0.0 1.0 176
1.0 0.4436912632184127 1.0 1.0 177
1.0 1.709677373805408 1.0 1.0 178
1.71326595711173 1.0 1.0 1.0 179
0.0 1.7453081495331713 0.0 1.0 180
0.0 0.11452619418880257 0.0 1.0 181
0.0 1.8434444860432748 0.0 1.0 182
1.0 1.8926108456283492 1.0 1.0 183
0.0 2.0 0.0 1.0 184
-1.0 1.0 0.0 1.0 185
1.0 0.0 1.0 1.0 186
2.0 1.0 1.0 1.0 187
1.0 0.1343052886721357 1.0 0.0 62
0.0 1.706616635803703 0.0 2.0 70
0.0 1.626776482296624 0.0 2.0 87
1.0 1.964057506404147 1.0 2.0 92
1.5880541254202167 1.0 2.0 1.0 98
1.0 1.5206918110242305 1.0 2.0 99
1.0 1.5725233152598752 1.0 2.0 102
1.0 0.06831084127459733 1.0 0.0 111
0.8370197267336664 1.0 1.0 1.0 112
0.0 1.4200594835044682 0.0 2.0 115
1.0 0.5569467324561896 1.0 0.0 118
0.0 0.8214170458261911 0.0 0.0 119
0.0 0.9639567649503111 0.0 0.0 123
0.0 0.3398121887531492 0.0 0.0 125
*** t = 64
1.8491551234935784 1.0 2.0 1.0 128
-0.2939079429645771 1.0 -1.0 1.0 132
0.0 0.18392844992359247 0.0 0.0 133
0.7206202204708538 1.0 1.0 1.0 134
1.0 0.42110665410438586 1.0 0.0 135
0.3373757603717502 1.0 1.0 1.0 137
0.0 0.839715340357939 0.0 1.0 138
0.2958949370991593 1.0 1.0 1.0 139
1.0 0.24012611932832315 1.0 0.0 140
0.6182706238343735 1.0 0.0 1.0 141
1.0 1.7016883057848915 1.0 2.0 143
1.0 1.0661180429588597 1.0 2.0 144
1.0 0.5754756246166102 1.0 0.0 145
0.9994363215440566 1.0 1.0 1.0 146
0.2842688618110303 1.0 0.0 1.0 147
0.5118338284667919 1.0 1.0 1.0 148
0.3133653771339934 1.0 1.0 1.0 149
-0.06585118004590851 1.0 -1.0 1.0 150
0.93443069359098 1.0 0.0 1.0 151
0.8517443257431603 1.0 1.0 1.0 152
1.0 0.802454812813125 1.0 0.0 153
0.2825143216626298 1.0 0.0 1.0 154
0.5230955580672038 1.0 1.0 1.0 155
0.0 1.3799587484361056 0.0 2.0 156
0.5748913675741449 1.0 1.0 1.0 157
0.0 1.500318313625173 0.0 2.0 158
0.8046978148162391 1.0 0.0 1.0 159
1.0 1.0610367114196544 1.0 1.0 160
1.0 0.4009338314045112 1.0 0.0 161
0.0 1.0594458532214908 0.0 1.0 162
0.2151209013109341 1.0 1.0 1.0 163
0.06444762702788145 1.0 1.0 1.0 164
1.0 1.0736134673968785 1.0 1.0 165
0.0 1.3899152149169902 0.0 1.0 166
-0.14618434068891578 1.0 0.0 1.0 167
1.0 0.49553695637862577 1.0 1.0 168
1.1960691111578006 1.0 1.0 1.0 169
0.0 0.6108319385037222 0.0 1.0 170
0.07783775034971813 1.0 1.0 1.0 171
1.0 1.0929452473974188 1.0 1.0 172
0.0 1.365754477994187 0.0 1.0 173
0.0 0.5534642072519478 0.0 1.0 174
0.0 1.4179292995104653 0.0 1.0 175
-0.4313072634092028 1.0 0.0 1.0 176
1.0 0.5915883509578835 1.0 1.0 177
1.0 1.6129031650738774 1.0 1.0 178
1.6176879428156399 1.0 1.0 1.0 179
0.0 1.617962224299757 0.0 1.0 180
0.0 0.22905238837760514 0.0 1.0 181
0.0 1.6868889720865496 0.0 1.0 182
1.0 1.7852216912566985 1.0 1.0 183
0.0 1.8566615474276018 0.0 1.0 184
-0.8685775076180492 1.0 0.0 1.0 185
1.0 0.1041604597894577 1.0 1.0 186
1.844519564553621 1.0 1.0 1.0 187
0.0 0.0 0.0 1.0 188
0.0 2.0 0.0 1.0 189
1.0 0.06441029571291948 1.0 0.0 62
1.0 2.0 1.0 1.0 190
0.0 1.7760170623627722 0.0 2.0 70
0.0 1.7063757696389459 0.0 2.0 87
1.6772973711243622 1.0 2.0 1.0 98
1.0 1.607612218300928 1.0 2.0 99
1.0 1.6678019565657964 1.0 2.0 102
0.9135622153475692 1.0 1.0 1.0 112
0.0 1.5208952953171544 0.0 2.0 115
1.0 0.4942052860412414 1.0 0.0 118
0.0 0.7678450933637452 0.0 0.0 119
0.0 0.8670023251860403 0.0 0.0 123
0.0 0.21313657869377536 0.0 0.0 125
*** t = 65
1.9916128796682573 1.0 2.0 1.0 128
-0.41463993996271276 1.0 -1.0 1.0 132
0.0 0.03571415781430787 0.0 0.0 133
0.8162102327192347 1.0 1.0 1.0 134
1.0 0.2778348015546295 1.0 0.0 135
0.41604492274655913 1.0 1.0 1.0 137
0.0 0.8921975491303102 0.0 1.0 138
0.3768883706678567 1.0 1.0 1.0 139
1.0 0.06763400178634332 1.0 0.0 140
0.5319125378240218 1.0 0.0 1.0 141
1.0 1.8080438248964472 1.0 2.0 143
1.0 1.2038592458227837 1.0 2.0 144
1.0 0.4022953120892252 1.0 0.0 145
1.1422532016543463 1.0 2.0 1.0 146
0.16171663765467537 1.0 0.0 1.0 147
0.6281287383488529 1.0 1.0 1.0 148
0.4143934830673775 1.0 1.0 1.0 149
-0.22476280928020914 1.0 -1.0 1.0 150
0.8524638238672091 1.0 0.0 1.0 151
1.0 0.9939436471115763 1.0 0.0 152
1.0 0.6193260472142188 1.0 0.0 153
0.13939051513451564 1.0 0.0 1.0 154
0.6615587906187677 1.0 1.0 1.0 155
0.0 1.517954623279716 0.0 2.0 156
0.7323805043315594 1.0 1.0 1.0 157
0.0 1.6503501449876903 0.0 2.0 158
0.6851675962978631 1.0 0.0 1.0 159
1.0 0.9671403825616199 1.0 0.0 160
1.0 0.24102721454496234 1.0 0.0 161
0.0 0.9549398369127675 0.0 0.0 162
0.36701101397480085 1.0 1.0 1.0 163
0.19750358040636656 1.0 1.0 1.0 164
1.0421848491785117 1.0 2.0 1.0 165
0.0 1.3027602456194174 0.0 1.0 166
-0.02421067507304664 1.0 0.0 1.0 167
1.0 0.5663279501470009 1.0 1.0 168
1.0812218413232006 1.0 1.0 1.0 169
0.0 0.7126372615876759 0.0 1.0 170
0.2574773754080045 1.0 1.0 1.0 171
1.0 0.9417694552969886 1.0 0.0 172
0.0 1.2389053735930244 0.0 1.0 173
0.0 0.6918302590649348 0.0 1.0 174
0.0 1.2724116243880816 0.0 1.0 175
-0.2891340792615035 1.0 0.0 1.0 176
1.0 0.7394854386973544 1.0 1.0 177
1.0 1.5161289563423468 1.0 1.0 178
1.5221099285195498 1.0 1.0 1.0 179
0.0 1.4906162990663425 0.0 1.0 180
0.0 0.3435785825664077 0.0 1.0 181
0.0 1.5303334581298245 0.0 1.0 182
1.0 1.6778325368850477 1.0 1.0 183
0.0 1.7133230948552036 0.0 1.0 184
-0.7371550152360984 1.0 0.0 1.0 185
1.0 0.2083209195789154 1.0 1.0 186
1.689039129107242 1.0 1.0 1.0 187
0.0 0.11348509208044953 0.0 1.0 188
0.0 1.8602086659383406 0.0 1.0 189
1.0 1.838246049611286 1.0 1.0 190
0.0 2.0 0.0 1.0 191
0.0 1.8454174889218415 0.0 2.0 70
0.0 1.7859750569812678 0.0 2.0 87
1.7665406168285076 1.0 2.0 1.0 98
1.0 1.6945326255776256 1.0 2.0 99
1.0 1.7630805978717177 1.0 2.0 102
0.990104703961472 1.0 1.0 1.0 112
0.0 1.6217311071298406 0.0 2.0 115
1.0 0.4314638396262932 1.0 0.0 118
0.0 0.7142731409012992 0.0 0.0 119
0.0 0.7700478854217694 0.0 0.0 123
0.0 0.0864609686344015 0.0 0.0 125
*** t = 66
-0.5353719369608484 1.0 -1.0 1.0 132
0.9118002449676155 1.0 1.0 1.0 134
1.0 0.13456294900487312 1.0 0.0 135
0.49471408512136805 1.0 1.0 1.0 137
0.0 0.9446797579026814 0.0 1.0 138
0.45788180423655406 1.0 1.0 1.0 139
0.44555445181367015 1.0 0.0 1.0 141
1.0 1.914399344008003 1.0 2.0 143
1.0 1.3416004486867077 1.0 2.0 144
1.0 0.2291149995618402 1.0 0.0 145
1.285070081764636 1.0 2.0 1.0 146
0.03916441349832045 1.0 0.0 1.0 147
0.7444236482309138 1.0 1.0 1.0 148
0.5154215890007616 1.0 1.0 1.0 149
-0.3836744385145098 1.0 -1.0 1.0 150
0.7704969541434382 1.0 0.0 1.0 151
1.0 0.839631619966313 1.0 0.0 152
1.0 0.4361972816153125 1.0 0.0 153
0.0 0.9962667086064014 0.0 0.0 154
0.8000220231703316 1.0 1.0 1.0 155
0.0 1.6559504981233266 0.0 2.0 156
0.8898696410889739 1.0 1.0 1.0 157
0.0 1.8003819763502076 0.0 2.0 158
0.565637377779487 1.0 0.0 1.0 159
1.0 0.8732440537035855 1.0 0.0 160
1.0 0.08112059768541346 1.0 0.0 161
0.0 0.8504338206040443 0.0 0.0 162
0.5189011266386676 1.0 1.0 1.0 163
0.3305595337848517 1.0 1.0 1.0 164
1.157983165753902 1.0 2.0 1.0 165
0.0 1.2156052763218446 0.0 1.0 166
0.0977629905428225 1.0 1.0 1.0 167
1.0 0.6371189439153759 1.0 1.0 168
1.0 1.0336254285113993 1.0 2.0 169
0.0 0.8144425846716297 0.0 1.0 170
0.43711700046629093 1.0 1.0 1.0 171
1.0 0.7905936631965584 1.0 0.0 172
0.0 1.1120562691918618 0.0 1.0 173
0.0 0.8301963108779218 0.0 1.0 174
0.0 1.126893949265698 0.0 1.0 175
-0.1469608951138042 1.0 0.0 1.0 176
1.0 0.8873825264368252 1.0 1.0 177
1.0 1.4193547476108161 1.0 1.0 178
1.4265319142234598 1.0 1.0 1.0 179
0.0 1.3632703738329282 0.0 1.0 180
0.0 0.4581047767552103 0.0 1.0 181
0.0 1.3737779441730993 0.0 1.0 182
1.0 1.570443382513397 1.0 1.0 183
0.0 1.5699846422828054 0.0 1.0 184
-0.6057325228541476 1.0 0.0 1.0 185
1.0 0.3124813793683731 1.0 1.0 186
1.533558693660863 1.0 1.0 1.0 187
0.0 0.22697018416089906 0.0 1.0 188
0.0 1.720417331876681 0.0 1.0 189
1.0 1.676492099222572 1.0 1.0 190
0.0 1.9102256715028263 0.0 1.0 191
0.0 0.0 0.0 1.0 192
0.0 2.0 0.0 1.0 193
-1.0 1.0 0.0 1.0 194
1.0 0.0 1.0 1.0 195
1.0 2.0 1.0 1.0 196
2.0 1.0 1.0 1.0 197
0.0 1.9148179154809108 0.0 2.0 70
0.0 1.8655743443235897 0.0 2.0 87
1.855783862532653 1.0 2.0 1.0 98
1.0 1.7814530328543232 1.0 2.0 99
1.0 1.858359239177639 1.0 2.0 102
1.0 1.0666471925753747 1.0 2.0 112
0.0 1.7225669189425268 0.0 2.0 115
1.0 0.368722393211345 1.0 0.0 118
0.0 0.6607011884388533 0.0 0.0 119
0.0 0.6730934456574985 0.0 0.0 123
*** t = 67
-0.656103933958984 1.0 -1.0 1.0 132
1.0073902572159963 1.0 2.0 1.0 134
0.573383247496177 1.0 1.0 1.0 137
0.0 0.9971619666750526 0.0 1.0 138
0.5388752378052515 1.0 1.0 1.0 139
0.3591963658033185 1.0 0.0 1.0 141
1.0 1.4793416515506317 1.0 2.0 144
1.0 0.0559346870344552 1.0 0.0 145
1.427886961874926 1.0 2.0 1.0 146
0.0 1.0833878106580346 0.0 2.0 147
0.8607185581129747 1.0 1.0 1.0 148
0.6164496949341457 1.0 1.0 1.0 149
-0.5425860677488104 1.0 -1.0 1.0 150
0.6885300844196673 1.0 0.0 1.0 151
1.0 0.6853195928210496 1.0 0.0 152
1.0 0.25306851601640623 1.0 0.0 153
0.0 0.8531429020782872 0.0 0.0 154
0.9384852557218955 1.0 1.0 1.0 155
0.0 1.7939463729669372 0.0 2.0 156
1.0 1.0473587778463884 1.0 2.0 157
0.0 1.9504138077127249 0.0 2.0 158
0.4461071592611109 1.0 0.0 1.0 159
1.0 0.779347724845551 1.0 0.0 160
0.0 0.745927804295321 0.0 0.0 162
0.6707912393025344 1.0 1.0 1.0 163
0.4636154871633368 1.0 1.0 1.0 164
1.2737814823292921 1.0 2.0 1.0 165
0.0 1.1284503070242717 0.0 1.0 166
0.21973665615869165 1.0 1.0 1.0 167
1.0 0.707909937683751 1.0 1.0 168
1.0 1.1484726983459992 1.0 2.0 169
0.0 0.9162479077555834 0.0 1.0 170
0.6167566255245773 1.0 1.0 1.0 171
1.0 0.6394178710961282 1.0 0.0 172
0.014792835209300803 1.0 1.0 1.0 173
0.0 0.9685623626909088 0.0 1.0 174
0.018623725856685674 1.0 1.0 1.0 175
-0.004787710966104919 1.0 0.0 1.0 176
1.0 1.035279614176296 1.0 2.0 177
1.0 1.3225805388792855 1.0 1.0 178
1.3309538999273698 1.0 1.0 1.0 179
0.0 1.2359244485995138 0.0 1.0 180
0.0 0.5726309709440128 0.0 1.0 181
0.0 1.217222430216374 0.0 1.0 182
1.0 1.4630542281417462 1.0 1.0 183
0.0 1.4266461897104072 0.0 1.0 184
-0.4743100304721968 1.0 0.0 1.0 185
1.0 0.4166418391578308 1.0 1.0 186
1.378078258214484 1.0 1.0 1.0 187
0.0 0.3404552762413486 0.0 1.0 188
0.0 1.5806259978150217 0.0 1.0 189
1.0 1.514738148833858 1.0 1.0 190
0.0 1.8204513430056526 0.0 1.0 191
0.0 0.15966853382704513 0.0 1.0 192
0.0 1.8581647748063812 0.0 1.0 193
-0.8663433536922551 1.0 0.0 1.0 194
1.0 0.10261627277602184 1.0 1.0 195
1.0 1.8650744153758734 1.0 1.0 196
1.8738842207734945 1.0 1.0 1.0 197
0.0 1.9842183420399802 0.0 2.0 70
0.0 2.0 0.0 1.0 198
0.0 1.9451736316659116 0.0 2.0 87
1.9450271082367985 1.0 2.0 1.0 98
1.0 1.8683734401310208 1.0 2.0 99
1.0 1.9536378804835601 1.0 2.0 102
1.0 1.1431896811892774 1.0 2.0 112
0.0 1.823402730755213 0.0 2.0 115
1.0 0.30598094679639676 1.0 0.0 118
0.0 0.6071292359764073 0.0 0.0 119
0.0 0.5761390058932276 0.0 0.0 123
*** t = 68
-0.7768359309571197 1.0 -1.0 1.0 132
1.102980269464377 1.0 2.0 1.0 134
0.6520524098709859 1.0 1.0 1.0 137
-0.04964417544742382 1.0 -1.0 1.0 138
0.6198686713739489 1.0 1.0 1.0 139
0.2728382797929668 1.0 0.0 1.0 141
1.0 1.6170828544145557 1.0 2.0 144
1.5707038419852157 1.0 2.0 1.0 146
0.0 1.2059400348143896 0.0 2.0 147
0.9770134679950356 1.0 1.0 1.0 148
0.7174778008675298 1.0 1.0 1.0 149
-0.701497696983111 1.0 -1.0 1.0 150
0.6065632146958965 1.0 0.0 1.0 151
1.0 0.5310075656757862 1.0 0.0 152
1.0 0.06993975041749995 1.0 0.0 153
0.0 0.7100190955501731 0.0 0.0 154
1.0 0.9230515117265407 1.0 0.0 155
0.0 1.9319422478105477 0.0 2.0 156
1.0 1.204847914603803 1.0 2.0 157
0.3265769407427348 1.0 0.0 1.0 159
1.0 0.6854513959875166 1.0 0.0 160
0.0 0.6414217879865978 0.0 0.0 162
0.8226813519664011 1.0 1.0 1.0 163
0.5966714405418219 1.0 1.0 1.0 164
1.3895797989046823 1.0 2.0 1.0 165
0.0 1.041295337726699 0.0 1.0 166
0.3417103217745608 1.0 1.0 1.0 167
1.0 0.778700931452126 1.0 1.0 168
1.0 1.263319968180599 1.0 2.0 169
-0.018053230839537096 1.0 -1.0 1.0 170
0.7963962505828637 1.0 1.0 1.0 171
1.0 0.48824207899569805 1.0 0.0 172
0.14164193961046345 1.0 1.0 1.0 173
-0.10692841450389573 1.0 -1.0 1.0 174
0.16414140097906932 1.0 1.0 1.0 175
0.13738547318159436 1.0 1.0 1.0 176
1.0 1.183176701915767 1.0 2.0 177
1.0 1.2258063301477549 1.0 1.0 178
1.2353758856312798 1.0 1.0 1.0 179
0.0 1.1085785233660994 0.0 1.0 180
0.0 0.6871571651328154 0.0 1.0 181
0.0 1.060666916259649 0.0 1.0 182
1.0 1.3556650737700955 1.0 1.0 183
0.0 1.283307737138009 0.0 1.0 184
-0.34288753809024597 1.0 0.0 1.0 185
1.0 0.5208022989472885 1.0 1.0 186
1.222597822768105 1.0 1.0 1.0 187
0.0 0.4539403683217981 0.0 1.0 188
0.0 1.4408346637533622 0.0 1.0 189
1.0 1.352984198445144 1.0 1.0 190
0.0 1.7306770145084789 0.0 1.0 191
0.0 0.31933706765409026 0.0 1.0 192
0.0 1.7163295496127624 0.0 1.0 193
-0.7326867073845102 1.0 0.0 1.0 194
1.0 0.20523254555204368 1.0 1.0 195
1.0 1.7301488307517467 1.0 1.0 196
1.747768441546989 1.0 1.0 1.0 197
0.0 1.9306786002631815 0.0 1.0 198
0.0 0.0 0.0 1.0 199
0.0 2.0 0.0 1.0 200
1.0 2.0 1.0 1.0 201
1.0 1.9552938474077184 1.0 2.0 99
1.0 1.2197321698031802 1.0 2.0 112
0.0 1.9242385425678992 0.0 2.0 115
1.0 0.24323950038144854 1.0 0.0 118
0.0 0.5535572835139614 0.0 0.0 119
0.0 0.4791845661289567 0.0 0.0 123
*** t = 69
-0.8975679279552553 1.0 -1.0 1.0 132
1.198570281712758 1.0 2.0 1.0 134
0.7307215722457948 1.0 1.0 1.0 137
-0.102126384219795 1.0 -1.0 1.0 138
0.7008621049426462 1.0 1.0 1.0 139
0.18648019378261516 1.0 0.0 1.0 141
1.0 1.7548240572784797 1.0 2.0 144
1.7135207220955055 1.0 2.0 1.0 146
0.0 1.3284922589707446 0.0 2.0 147
1.0933083778770964 1.0 2.0 1.0 148
0.8185059068009138 1.0 1.0 1.0 149
-0.8604093262174117 1.0 -1.0 1.0 150
0.5245963449721256 1.0 0.0 1.0 151
1.0 0.37669553853052284 1.0 0.0 152
0.0 0.5668952890220589 0.0 0.0 154
1.0 0.7845882791749768 1.0 0.0 155
1.0 1.3623370513612174 1.0 2.0 157
0.20704672222435871 1.0 0.0 1.0 159
1.0 0.5915550671294821 1.0 0.0 160
0.0 0.5369157716778745 0.0 0.0 162
0.9745714646302679 1.0 1.0 1.0 163
0.7297273939203069 1.0 1.0 1.0 164
1.5053781154800725 1.0 2.0 1.0 165
-0.045859631570873916 1.0 -1.0 1.0 166
0.46368398739042993 1.0 1.0 1.0 167
1.0 0.8494919252205011 1.0 1.0 168
1.0 1.378167238015199 1.0 2.0 169
-0.11985855392349079 1.0 -1.0 1.0 170
0.97603587564115 1.0 1.0 1.0 171
1.0 0.33706628689526785 1.0 0.0 172
0.2684910440116261 1.0 1.0 1.0 173
-0.24529446631688268 1.0 -1.0 1.0 174
0.30965907610145293 1.0 1.0 1.0 175
0.27955865732929364 1.0 1.0 1.0 176
1.0 1.331073789655238 1.0 2.0 177
1.0 1.1290321214162242 1.0 1.0 178
1.1397978713351897 1.0 1.0 1.0 179
0.0 0.981232598132685 0.0 0.0 180
0.0 0.801683359321618 0.0 1.0 181
0.0 0.9041114023029239 0.0 0.0 182
1.0 1.2482759193984447 1.0 1.0 183
0.0 1.1399692845656109 0.0 1.0 184
-0.21146504570829516 1.0 0.0 1.0 185
1.0 0.6249627587367461 1.0 1.0 186
1.067117387321726 1.0 1.0 1.0 187
0.0 0.5674254604022476 0.0 1.0 188
0.0 1.3010433296917028 0.0 1.0 189
1.0 1.19123024805643 1.0 1.0 190
0.0 1.6409026860113052 0.0 1.0 191
0.0 0.47900560148113536 0.0 1.0 192
0.0 1.5744943244191436 0.0 1.0 193
-0.5990300610767654 1.0 0.0 1.0 194
1.0 0.30784881832806554 1.0 1.0 195
1.0 1.5952232461276201 1.0 1.0 196
1.6216526623204834 1.0 1.0 1.0 197
0.0 1.861357200526363 0.0 1.0 198
0.0 0.1476302351484813 0.0 1.0 199
0.0 1.8845996433832997 0.0 1.0 200
1.0 1.859091874271483 1.0 1.0 201
0.0 2.0 0.0 1.0 202
-1.0 1.0 0.0 1.0 203
1.0 0.0 1.0 1.0 204
2.0 1.0 1.0 1.0 205
1.0 1.296274658417083 1.0 2.0 112
1.0 0.18049805396650032 1.0 0.0 118
0.0 0.4999853310515155 0.0 0.0 119
0.0 0.3822301263646858 0.0 0.0 123
*** t = 70
1.2941602939611387 1.0 2.0 1.0 134
0.8093907346206037 1.0 1.0 1.0 137
-0.15460859299216617 1.0 -1.0 1.0 138
0.7818555385113436 1.0 1.0 1.0 139
0.1001221077722635 1.0 0.0 1.0 141
1.0 1.8925652601424037 1.0 2.0 144
1.8563376022057954 1.0 2.0 1.0 146
0.0 1.4510444831270997 0.0 2.0 147
1.2096032877591574 1.0 2.0 1.0 148
0.9195340127342979 1.0 1.0 1.0 149
0.4426294752483548 1.0 0.0 1.0 151
1.0 0.2223835113852595 1.0 0.0 152
0.0 0.4237714824939447 0.0 0.0 154
1.0 0.6461250466234129 1.0 0.0 155
1.0 1.519826188118632 1.0 2.0 157
0.08751650370598263 1.0 0.0 1.0 159
1.0 0.49765873827144763 1.0 0.0 160
0.0 0.43240975536915127 0.0 0.0 162
1.1264615772941347 1.0 2.0 1.0 163
0.862783347298792 1.0 1.0 1.0 164
1.6211764320554627 1.0 2.0 1.0 165
-0.13301460086844674 1.0 -1.0 1.0 166
0.5856576530062991 1.0 1.0 1.0 167
1.0 0.9202829189888762 1.0 1.0 168
1.0 1.493014507849799 1.0 2.0 169
-0.2216638770074445 1.0 -1.0 1.0 170
1.1556755006994364 1.0 2.0 1.0 171
1.0 0.18589049479483766 1.0 0.0 172
0.39534014841278875 1.0 1.0 1.0 173
-0.3836605181298696 1.0 -1.0 1.0 174
0.4551767512238366 1.0 1.0 1.0 175
0.42173184147699294 1.0 1.0 1.0 176
1.0 1.478970877394709 1.0 2.0 177
1.0 1.0322579126846936 1.0 1.0 178
1.0442198570390997 1.0 1.0 1.0 179
0.0 0.8538866728992707 0.0 0.0 180
0.0 0.9162095535104207 0.0 1.0 181
0.0 0.7475558883461988 0.0 0.0 182
1.0 1.140886765026794 1.0 1.0 183
0.0 0.9966308319932126 0.0 0.0 184
-0.08004255332634436 1.0 0.0 1.0 185
1.0 0.7291232185262038 1.0 1.0 186
0.9116369518753469 1.0 0.0 1.0 187
0.0 0.6809105524826972 0.0 1.0 188
0.0 1.1612519956300433 0.0 1.0 189
1.0 1.029476297667716 1.0 1.0 190
0.0 1.5511283575141315 0.0 1.0 191
0.0 0.6386741353081805 0.0 1.0 192
0.0 1.4326590992255248 0.0 1.0 193
-0.4653734147690205 1.0 0.0 1.0 194
1.0 0.41046509110408735 1.0 1.0 195
1.0 1.4602976615034935 1.0 1.0 196
1.495536883093978 1.0 1.0 1.0 197
0.0 1.7920358007895445 0.0 1.0 198
0.0 0.2952604702969626 0.0 1.0 199
0.0 1.7691992867665993 0.0 1.0 200
1.0 1.718183748542966 1.0 1.0 201
0.0 1.8705975104619585 0.0 1.0 202
-0.9004009420073221 1.0 0.0 1.0 203
1.0 0.11483542369834217 1.0 1.0 204
1.8939726147878195 1.0 1.0 1.0 205
0.0 0.0 0.0 1.0 206
0.0 2.0 0.0 1.0 207
1.0 2.0 1.0 1.0 208
1.0 1.3728171470309858 1.0 2.0 112
1.0 0.1177566075515521 1.0 0.0 118
0.0 0.4464133785890696 0.0 0.0 119
0.0 0.28527568660041486 0.0 0.0 123
*** t = 71
1.3897503062095196 1.0 2.0 1.0 134
0.8880598969954127 1.0 1.0 1.0 137
-0.20709080176453737 1.0 -1.0 1.0 138
0.862848972080041 1.0 1.0 1.0 139
0.013764021761911854 1.0 0.0 1.0 141
1.9991544823160852 1.0 2.0 1.0 146
0.0 1.5735967072834547 0.0 2.0 147
1.3258981976412183 1.0 2.0 1.0 148
1.020562118667682 1.0 2.0 1.0 149
0.36066260552458396 1.0 0.0 1.0 151
1.0 0.06807148423999615 1.0 0.0 152
0.0 0.2806476759658305 0.0 0.0 154
1.0 0.507661814071849 1.0 0.0 155
1.0 1.6773153248760464 1.0 2.0 157
0.0 1.0320137148123933 0.0 2.0 159
1.0 0.4037624094134131 1.0 0.0 160
0.0 0.327903739060428 0.0 0.0 162
1.2783516899580014 1.0 2.0 1.0 163
0.9958393006772771 1.0 1.0 1.0 164
1.7369747486308529 1.0 2.0 1.0 165
-0.22016957016601957 1.0 -1.0 1.0 166
0.7076313186221683 1.0 1.0 1.0 167
1.0 0.9910739127572512 1.0 1.0 168
1.0 1.6078617776843989 1.0 2.0 169
-0.3234692000913982 1.0 -1.0 1.0 170
1.3353151257577227 1.0 2.0 1.0 171
1.0 0.03471470269440746 1.0 0.0 172
0.5221892528139513 1.0 1.0 1.0 173
-0.5220265699428566 1.0 -1.0 1.0 174
0.6006944263462203 1.0 1.0 1.0 175
0.5639050256246922 1.0 1.0 1.0 176
1.0 1.62686796513418 1.0 2.0 177
1.0 0.9354837039531628 1.0 0.0 178
0.9486418427430096 1.0 0.0 1.0 179
0.0 0.7265407476658563 0.0 0.0 180
0.03073574769922323 1.0 1.0 1.0 181
0.0 0.5910003743894737 0.0 0.0 182
1.0 1.0334976106551432 1.0 1.0 183
0.0 0.8532923794208143 0.0 0.0 184
0.0 0.9486200609443936 0.0 0.0 185
1.0 0.8332836783156614 1.0 1.0 186
0.7561565164289679 1.0 0.0 1.0 187
0.0 0.7943956445631467 0.0 1.0 188
0.0 1.0214606615683839 0.0 1.0 189
0.8677223472790022 1.0 0.0 1.0 190
0.0 1.4613540290169578 0.0 1.0 191
0.0 0.7983426691352257 0.0 1.0 192
0.0 1.290823874031906 0.0 1.0 193
-0.3317167684612756 1.0 0.0 1.0 194
1.0 0.5130813638801092 1.0 1.0 195
1.0 1.3253720768793669 1.0 1.0 196
1.3694211038674724 1.0 1.0 1.0 197
0.0 1.722714401052726 0.0 1.0 198
0.0 0.44289070544544396 0.0 1.0 199
0.0 1.653798930149899 0.0 1.0 200
1.0 1.577275622814449 1.0 1.0 201
0.0 1.741195020923917 0.0 1.0 202
-0.8008018840146442 1.0 0.0 1.0 203
1.0 0.22967084739668434 1.0 1.0 204
1.787945229575639 1.0 1.0 1.0 205
0.0 0.11452000097859934 0.0 1.0 206
0.0 1.8511267113754792 0.0 1.0 207
1.0 1.8903830844184089 1.0 1.0 208
0.0 2.0 0.0 1.0 209
1.0 1.4493596356448886 1.0 2.0 112
1.0 0.055015161136603874 1.0 0.0 118
0.0 0.3928414261266237 0.0 0.0 119
0.0 0.18832124683614393 0.0 0.0 123
*** t = 72
1.4853403184579004 1.0 2.0 1.0 134
0.9667290593702216 1.0 1.0 1.0 137
-0.25957301053690857 1.0 -1.0 1.0 138
0.9438424056487383 1.0 1.0 1.0 139
0.0 1.0725940642484397 0.0 2.0 141
0.0 1.6961489314398097 0.0 2.0 147
1.4421931075232792 1.0 2.0 1.0 148
1.1215902246010663 1.0 2.0 1.0 149
0.27869573580081314 1.0 0.0 1.0 151
0.0 0.13752386943771636 0.0 0.0 154
1.0 0.36919858152028506 1.0 0.0 155
1.0 1.834804461633461 1.0 2.0 157
0.0 1.1515439333307693 0.0 2.0 159
1.0 0.3098660805553786 1.0 0.0 160
0.0 0.22339772275170475 0.0 0.0 162
1.4302418026218682 1.0 2.0 1.0 163
1.0 0.8711047459442378 1.0 0.0 164
1.852773065206243 1.0 2.0 1.0 165
-0.3073245394635924 1.0 -1.0 1.0 166
0.8296049842380375 1.0 1.0 1.0 167
0.9381350934743737 1.0 0.0 1.0 168
1.0 1.7227090475189988 1.0 2.0 169
-0.42527452317535186 1.0 -1.0 1.0 170
1.514954750816009 1.0 2.0 1.0 171
0.6490383572151139 1.0 1.0 1.0 173
-0.6603926217558436 1.0 -1.0 1.0 174
0.746212101468604 1.0 1.0 1.0 175
0.7060782097723916 1.0 1.0 1.0 176
1.0 1.774765052873651 1.0 2.0 177
1.0 0.8387094952216321 1.0 0.0 178
0.8530638284469194 1.0 0.0 1.0 179
0.0 0.5991948224324419 0.0 0.0 180
0.1452619418880258 1.0 1.0 1.0 181
0.0 0.43444486043274866 0.0 0.0 182
1.0 0.9261084562834924 1.0 0.0 183
0.0 0.709953926848416 0.0 0.0 184
0.0 0.8171975685624427 0.0 0.0 185
1.0 0.9374441381051191 1.0 1.0 186
0.6006760809825888 1.0 0.0 1.0 187
0.0 0.9078807366435963 0.0 1.0 188
-0.11833067249327553 1.0 -1.0 1.0 189
0.7059683968902883 1.0 0.0 1.0 190
0.0 1.371579700519784 0.0 1.0 191
0.0 0.9580112029622708 0.0 1.0 192
0.0 1.1489886488382872 0.0 1.0 193
-0.19806012215353072 1.0 0.0 1.0 194
1.0 0.615697636656131 1.0 1.0 195
1.0 1.1904464922552402 1.0 1.0 196
1.2433053246409669 1.0 1.0 1.0 197
0.0 1.6533930013159075 0.0 1.0 198
0.0 0.5905209405939252 0.0 1.0 199
0.0 1.5383985735331986 0.0 1.0 200
1.0 1.4363674970859321 1.0 1.0 201
0.0 1.6117925313858756 0.0 1.0 202
-0.7012028260219664 1.0 0.0 1.0 203
1.0 0.3445062710950265 1.0 1.0 204
1.6819178443634586 1.0 1.0 1.0 205
0.0 0.22904000195719867 0.0 1.0 206
0.0 1.7022534227509585 0.0 1.0 207
1.0 1.7807661688368177 1.0 1.0 208
0.0 1.8437555338281901 0.0 1.0 209
0.0 0.0 0.0 1.0 210
0.0 2.0 0.0 1.0 211
-1.0 1.0 0.0 1.0 212
1.0 0.0 1.0 1.0 213
1.0 2.0 1.0 1.0 214
2.0 1.0 1.0 1.0 215
1.0 1.5259021242587913 1.0 2.0 112
0.0 0.3392694736641778 0.0 0.0 119
0.0 0.09136680707187302 0.0 0.0 123
*** t = 73
1.5809303307062812 1.0 2.0 1.0 134
1.0 0.9546017782549695 1.0 0.0 137
-0.31205521930927976 1.0 -1.0 1.0 138
1.0 0.9751641607825643 1.0 0.0 139
0.0 1.1589521502587914 0.0 2.0 141
0.0 1.8187011555961647 0.0 2.0 147
1.5584880174053402 1.0 2.0 1.0 148
1.2226183305344505 1.0 2.0 1.0 149
0.19672886607704232 1.0 0.0 1.0 151
1.0 0.23073534896872114 1.0 0.0 155
1.0 1.9922935983908754 1.0 2.0 157
0.0 1.2710741518491453 0.0 2.0 159
1.0 0.21596975169734411 1.0 0.0 160
0.0 0.11889170644298147 0.0 0.0 162
1.582131915285735 1.0 2.0 1.0 163
1.0 0.7380487925657527 1.0 0.0 164
1.9685713817816333 1.0 2.0 1.0 165
-0.3944795087611652 1.0 -1.0 1.0 166
0.9515786498539067 1.0 1.0 1.0 167
0.8673440997059987 1.0 0.0 1.0 168
1.0 1.8375563173535987 1.0 2.0 169
-0.5270798462593056 1.0 -1.0 1.0 170
1.6945943758742954 1.0 2.0 1.0 171
0.7758874616162765 1.0 1.0 1.0 173
-0.7987586735688306 1.0 -1.0 1.0 174
0.8917297765909876 1.0 1.0 1.0 175
0.8482513939200909 1.0 1.0 1.0 176
1.0 1.922662140613122 1.0 2.0 177
1.0 0.7419352864901013 1.0 0.0 178
0.7574858141508293 1.0 0.0 1.0 179
0.0 0.47184889719902756 0.0 0.0 180
0.2597881360768284 1.0 1.0 1.0 181
0.0 0.2778893464760236 0.0 0.0 182
1.0 0.8187193019118415 1.0 0.0 183
0.0 0.5666154742760177 0.0 0.0 184
0.0 0.6857750761804919 0.0 0.0 185
1.0416045978945767 1.0 2.0 1.0 186
0.4451956455362099 1.0 0.0 1.0 187
0.021365828724045785 1.0 1.0 1.0 188
-0.25812200655493495 1.0 -1.0 1.0 189
0.5442144465015745 1.0 0.0 1.0 190
0.0 1.2818053720226104 0.0 1.0 191
0.11767973678931595 1.0 1.0 1.0 192
0.0 1.0071534236446684 0.0 1.0 193
-0.06440347584578582 1.0 0.0 1.0 194
1.0 0.7183139094321528 1.0 1.0 195
1.0 1.0555209076311136 1.0 1.0 196
1.1171895454144614 1.0 1.0 1.0 197
0.0 1.584071601579089 0.0 1.0 198
0.0 0.7381511757424065 0.0 1.0 199
0.0 1.4229982169164983 0.0 1.0 200
1.0 1.2954593713574152 1.0 1.0 201
0.0 1.4823900418478342 0.0 1.0 202
-0.6016037680292885 1.0 0.0 1.0 203
1.0 0.45934169479336867 1.0 1.0 204
1.5758904591512781 1.0 1.0 1.0 205
0.0 0.343560002935798 0.0 1.0 206
0.0 1.5533801341264377 0.0 1.0 207
1.0 1.6711492532552266 1.0 1.0 208
0.0 1.6875110676563803 0.0 1.0 209
0.0 0.11191956327675395 0.0 1.0 210
0.0 1.8563514876666467 0.0 1.0 211
-0.8895120342213488 1.0 0.0 1.0 212
1.0 0.17664935604663268 1.0 1.0 213
1.0 1.8901685759463622 1.0 1.0 214
1.8614703191807331 1.0 1.0 1.0 215
0.0 2.0 0.0 1.0 216
1.0 1.6024446128726941 1.0 2.0 112
0.0 0.2856975212017319 0.0 0.0 119
*** t = 74
1.676520342954662 1.0 2.0 1.0 134
1.0 0.8759326158801606 1.0 0.0 137
-0.36453742808165096 1.0 -1.0 1.0 138
1.0 0.8941707272138669 1.0 0.0 139
0.0 1.245310236269143 0.0 2.0 141
0.0 1.9412533797525198 0.0 2.0 147
1.674782927287401 1.0 2.0 1.0 148
1.3236464364678346 1.0 2.0 1.0 149
0.11476199635327149 1.0 0.0 1.0 151
1.0 0.09227211641715721 1.0 0.0 155
0.0 1.3906043703675213 0.0 2.0 159
1.0 0.12207342283930962 1.0 0.0 160
0.0 0.014385690134258194 0.0 0.0 162
1.7340220279496017 1.0 2.0 1.0 163
1.0 0.6049928391872677 1.0 0.0 164
-0.48163447805873805 1.0 -1.0 1.0 166
1.073552315469776 1.0 2.0 1.0 167
0.7965531059376236 1.0 0.0 1.0 168
1.0 1.9524035871881986 1.0 2.0 169
-0.6288851693432593 1.0 -1.0 1.0 170
1.8742340009325817 1.0 2.0 1.0 171
0.9027365660174391 1.0 1.0 1.0 173
-0.9371247253818176 1.0 -1.0 1.0 174
1.0372474517133712 1.0 2.0 1.0 175
0.9904245780677902 1.0 1.0 1.0 176
1.0 0.6451610777585706 1.0 0.0 178
0.6619077998547391 1.0 0.0 1.0 179
0.0 0.3445029719656132 0.0 0.0 180
0.37431433026563093 1.0 1.0 1.0 181
0.0 0.1213338325192985 0.0 0.0 182
1.0 0.7113301475401906 1.0 0.0 183
0.0 0.42327702170361936 0.0 0.0 184
0.0 0.5543525837985411 0.0 0.0 185
1.1457650576840344 1.0 2.0 1.0 186
0.2897152100898309 1.0 0.0 1.0 187
0.13485092080449532 1.0 1.0 1.0 188
-0.39791334061659434 1.0 -1.0 1.0 189
0.3824604961128606 1.0 0.0 1.0 190
0.0 1.1920310435254367 0.0 1.0 191
0.2773482706163611 1.0 1.0 1.0 192
0.0 0.8653181984510497 0.0 0.0 193
0.06925317046195908 1.0 1.0 1.0 194
1.0 0.8209301822081746 1.0 1.0 195
1.079404676993013 1.0 2.0 1.0 196
0.9910737661879557 1.0 0.0 1.0 197
0.0 1.5147502018422705 0.0 1.0 198
0.0 0.8857814108908878 0.0 1.0 199
0.0 1.307597860299798 0.0 1.0 200
1.0 1.1545512456288982 1.0 1.0 201
0.0 1.3529875523097927 0.0 1.0 202
-0.5020047100366106 1.0 0.0 1.0 203
1.0 0.5741771184917108 1.0 1.0 204
1.4698630739390977 1.0 1.0 1.0 205
0.0 0.45808000391439735 0.0 1.0 206
0.0 1.404506845501917 0.0 1.0 207
1.0 1.5615323376736354 1.0 1.0 208
0.0 1.5312666014845704 0.0 1.0 209
0.0 0.2238391265535079 0.0 1.0 210
0.0 1.7127029753332934 0.0 1.0 211
-0.7790240684426977 1.0 0.0 1.0 212
1.0 0.35329871209326535 1.0 1.0 213
1.0 1.7803371518927245 1.0 1.0 214
1.7229406383614663 1.0 1.0 1.0 215
0.0 1.8540589529368892 0.0 1.0 216
0.0 0.0 0.0 1.0 217
0.0 2.0 0.0 1.0 218
1.0 2.0 1.0 1.0 219
1.0 1.678987101486597 1.0 2.0 112
0.0 0.23212556873928603 0.0 0.0 119
*** t = 75
1.7721103552030428 1.0 2.0 1.0 134
1.0 0.7972634535053517 1.0 0.0 137
-0.41701963685402216 1.0 -1.0 1.0 138
1.0 0.8131772936451696 1.0 0.0 139
0.0 1.3316683222794947 0.0 2.0 141
1.791077837169462 1.0 2.0 1.0 148
1.4246745424012188 1.0 2.0 1.0 149
0.032795126629500654 1.0 0.0 1.0 151
0.0 1.5101345888858972 0.0 2.0 159
1.0 0.02817709398127513 1.0 0.0 160
1.8859121406134685 1.0 2.0 1.0 163
1.0 0.47193688580878257 1.0 0.0 164
-0.5687894473563109 1.0 -1.0 1.0 166
1.1955259810856451 1.0 2.0 1.0 167
0.7257621121692486 1.0 0.0 1.0 168
-0.7306904924272131 1.0 -1.0 1.0 170
1.0 1.0295856704186017 1.0 2.0 173
1.1827651268357549 1.0 2.0 1.0 175
1.1325977622154895 1.0 2.0 1.0 176
1.0 0.5483868690270398 1.0 0.0 178
0.566329785558649 1.0 0.0 1.0 179
0.0 0.21715704673219882 0.0 0.0 180
0.4888405244544335 1.0 1.0 1.0 181
1.0 0.6039409931685398 1.0 0.0 183
0.0 0.27993856913122106 0.0 0.0 184
0.0 0.4229300914165903 0.0 0.0 185
1.249925517473492 1.0 2.0 1.0 186
0.13423477464345196 1.0 0.0 1.0 187
0.24833601288494483 1.0 1.0 1.0 188
-0.5377046746782538 1.0 -1.0 1.0 189
0.22070654572414672 1.0 0.0 1.0 190
0.0 1.102256715028263 0.0 1.0 191
0.4370168044434062 1.0 1.0 1.0 192
0.0 0.723482973257431 0.0 0.0 193
0.202909816769704 1.0 1.0 1.0 194
1.0 0.9235464549841964 1.0 1.0 195
1.2143302616171396 1.0 2.0 1.0 196
0.8649579869614501 1.0 0.0 1.0 197
0.0 1.445428802105452 0.0 1.0 198
-0.03341164603936911 1.0 -1.0 1.0 199
0.0 1.1921975036830976 0.0 1.0 200
1.0 1.0136431199003813 1.0 1.0 201
0.0 1.2235850627717513 0.0 1.0 202
-0.40240565204393275 1.0 0.0 1.0 203
1.0 0.689012542190053 1.0 1.0 204
1.3638356887269172 1.0 1.0 1.0 205
0.0 0.5726000048929967 0.0 1.0 206
0.0 1.2556335568773962 0.0 1.0 207
1.0 1.4519154220920443 1.0 1.0 208
0.0 1.3750221353127605 0.0 1.0 209
0.0 0.33575868983026186 0.0 1.0 210
0.0 1.5690544629999401 0.0 1.0 211
-0.6685361026640465 1.0 0.0 1.0 212
1.0 0.529948068139898 1.0 1.0 213
1.0 1.6705057278390867 1.0 1.0 214
1.5844109575421994 1.0 1.0 1.0 215
0.0 1.7081179058737783 0.0 1.0 216
0.0 0.14625366686600183 0.0 1.0 217
0.0 1.845926804379412 0.0 1.0 218
1.0 1.8119646381559218 1.0 1.0 219
0.0 2.0 0.0 1.0 220
-1.0 1.0 0.0 1.0 221
1.0 0.0 1.0 1.0 222
2.0 1.0 1.0 1.0 223
1.0 1.7555295901004997 1.0 2.0 112
0.0 0.17855361627684013 0.0 0.0 119
*** t = 76
1.8677003674514236 1.0 2.0 1.0 134
1.0 0.7185942911305427 1.0 0.0 137
-0.46950184562639335 1.0 -1.0 1.0 138
1.0 0.7321838600764722 1.0 0.0 139
0.0 1.4180264082898464 0.0 2.0 141
1.907372747051523 1.0 2.0 1.0 148
1.525702648334603 1.0 2.0 1.0 149
-0.04917174309427018 1.0 -1.0 1.0 151
0.0 1.6296648074042732 0.0 2.0 159
1.0 0.3388809324302975 1.0 0.0 164
-0.6559444166538837 1.0 -1.0 1.0 166
1.3174996467015143 1.0 2.0 1.0 167
0.6549711184008735 1.0 0.0 1.0 168
-0.8324958155111668 1.0 -1.0 1.0 170
1.0 1.1564347748197643 1.0 2.0 173
1.3282828019581385 1.0 2.0 1.0 175
1.2747709463631887 1.0 2.0 1.0 176
1.0 0.45161266029550906 1.0 0.0 178
0.47075177126255885 1.0 0.0 1.0 179
0.0 0.08981112149878445 0.0 0.0 180
0.6033667186432361 1.0 1.0 1.0 181
1.0 0.4965518387968889 1.0 0.0 183
0.0 0.13660011655882276 0.0 0.0 184
0.0 0.2915075990346395 0.0 0.0 185
1.3540859772629497 1.0 2.0 1.0 186
-0.021245660802927002 1.0 -1.0 1.0 187
0.3618211049653944 1.0 1.0 1.0 188
-0.6774960087399132 1.0 -1.0 1.0 189
0.058952595335432845 1.0 0.0 1.0 190
0.0 1.0124823865310892 0.0 1.0 191
0.5966853382704513 1.0 1.0 1.0 192
0.0 0.5816477480638124 0.0 0.0 193
0.33656646307744886 1.0 1.0 1.0 194
0.9738372722397818 1.0 0.0 1.0 195
1.3492558462412663 1.0 2.0 1.0 196
0.7388422077349445 1.0 0.0 1.0 197
0.0 1.3761074023686335 0.0 1.0 198
-0.18104188118785042 1.0 -1.0 1.0 199
0.0 1.0767971470663973 0.0 1.0 200
0.8727349941718644 1.0 0.0 1.0 201
0.0 1.0941825732337098 0.0 1.0 202
-0.3028065940512549 1.0 0.0 1.0 203
1.0 0.8038479658883952 1.0 1.0 204
1.2578083035147367 1.0 1.0 1.0 205
0.0 0.687120005871596 0.0 1.0 206
0.0 1.1067602682528754 0.0 1.0 207
1.0 1.3422985065104531 1.0 1.0 208
0.0 1.2187776691409506 0.0 1.0 209
0.0 0.4476782531070158 0.0 1.0 210
0.0 1.4254059506665868 0.0 1.0 211
-0.5580481368853953 1.0 0.0 1.0 212
1.0 0.7065974241865307 1.0 1.0 213
1.0 1.560674303785449 1.0 1.0 214
1.4458812767229325 1.0 1.0 1.0 215
0.0 1.5621768588106675 0.0 1.0 216
0.0 0.29250733373200366 0.0 1.0 217
0.0 1.6918536087588238 0.0 1.0 218
1.0 1.6239292763118436 1.0 1.0 219
0.0 1.8871115462775763 0.0 1.0 220
-0.8928655112499286 1.0 0.0 1.0 221
1.0 0.13543592021704026 1.0 1.0 222
1.888327771860608 1.0 1.0 1.0 223
0.0 0.0 0.0 1.0 224
0.0 2.0 0.0 1.0 225
1.0 2.0 1.0 1.0 226
1.0 1.8320720787144025 1.0 2.0 112
0.0 0.12498166381439423 0.0 0.0 119
*** t = 77
1.9632903796998045 1.0 2.0 1.0 134
1.0 0.6399251287557338 1.0 0.0 137
-0.5219840543987645 1.0 -1.0 1.0 138
1.0 0.6511904265077748 1.0 0.0 139
0.0 1.504384494300198 0.0 2.0 141
1.6267307542679872 1.0 2.0 1.0 149
-0.131138612818041 1.0 -1.0 1.0 151
0.0 1.7491950259226492 0.0 2.0 159
1.0 0.20582497905181238 1.0 0.0 164
-0.7430993859514565 1.0 -1.0 1.0 166
1.4394733123173835 1.0 2.0 1.0 167
0.5841801246324985 1.0 0.0 1.0 168
-0.9343011385951205 1.0 -1.0 1.0 170
1.0 1.283283879220927 1.0 2.0 173
1.4738004770805222 1.0 2.0 1.0 175
1.4169441305108879 1.0 2.0 1.0 176
1.0 0.3548384515639783 1.0 0.0 178
0.3751737569664687 1.0 0.0 1.0 179
0.7178929128320387 1.0 1.0 1.0 181
1.0 0.38916268442523805 1.0 0.0 183
0.0 0.1600851066526887 0.0 0.0 185
1.4582464370524073 1.0 2.0 1.0 186
-0.17672609624930596 1.0 -1.0 1.0 187
0.4753061970458439 1.0 1.0 1.0 188
-0.8172873428015727 1.0 -1.0 1.0 189
0.0 1.102801355053281 0.0 2.0 190
0.0 0.9227080580339155 0.0 0.0 191
0.7563538720974965 1.0 1.0 1.0 192
0.0 0.4398125228701937 0.0 0.0 193
0.47022310938519374 1.0 1.0 1.0 194
0.87122099946376 1.0 0.0 1.0 195
1.484181430865393 1.0 2.0 1.0 196
0.6127264285084388 1.0 0.0 1.0 197
0.0 1.306786002631815 0.0 1.0 198
-0.32867211633633175 1.0 -1.0 1.0 199
-0.03860320955030304 1.0 -1.0 1.0 200
0.7318268684433475 1.0 0.0 1.0 201
0.035219916304331744 1.0 1.0 1.0 202
-0.203207536058577 1.0 0.0 1.0 203
1.0 0.9186833895867375 1.0 1.0 204
1.1517809183025562 1.0 1.0 1.0 205
0.0 0.8016400068501954 0.0 1.0 206
0.0421130203716453 1.0 1.0 1.0 207
1.0 1.232681590928862 1.0 1.0 208
0.0 1.0625332029691408 0.0 1.0 209
0.0 0.5595978163837698 0.0 1.0 210
0.0 1.2817574383332335 0.0 1.0 211
-0.4475601711067442 1.0 0.0 1.0 212
1.0 0.8832467802331634 1.0 1.0 213
1.0 1.4508428797318111 1.0 1.0 214
1.3073515959036657 1.0 1.0 1.0 215
0.0 1.4162358117475566 0.0 1.0 216
0.0 0.4387610005980055 0.0 1.0 217
0.0 1.5377804131382358 0.0 1.0 218
1.0 1.4358939144677654 1.0 1.0 219
0.0 1.7742230925551525 0.0 1.0 220
-0.7857310224998573 1.0 0.0 1.0 221
1.0 0.2708718404340805 1.0 1.0 222
1.776655543721216 1.0 1.0 1.0 223
0.0 0.15624513566330464 0.0 1.0 224
0.0 1.8611725471441114 0.0 1.0 225
1.0 1.8922056258244353 1.0 1.0 226
0.0 2.0 0.0 1.0 227
1.0 1.9086145673283053 1.0 2.0 112
0.0 0.07140971135194832 0.0 0.0 119
*** t = 78
1.0 0.5612559663809249 1.0 0.0 137
-0.5744662631711357 1.0 -1.0 1.0 138
1.0 0.5701969929390774 1.0 0.0 139
0.0 1.5907425803105497 0.0 2.0 141
1.7277588602013714 1.0 2.0 1.0 149
-0.21310548254181183 1.0 -1.0 1.0 151
0.0 1.8687252444410252 0.0 2.0 159
1.0 0.07276902567332727 1.0 0.0 164
-0.8302543552490294 1.0 -1.0 1.0 166
1.5614469779332527 1.0 2.0 1.0 167
0.5133891308641234 1.0 0.0 1.0 168
1.0 1.4101329836220895 1.0 2.0 173
1.6193181522029059 1.0 2.0 1.0 175
1.559117314658587 1.0 2.0 1.0 176
1.0 0.25806424283244755 1.0 0.0 178
0.27959574267037857 1.0 0.0 1.0 179
0.8324191070208413 1.0 1.0 1.0 181
1.0 0.2817735300535872 1.0 0.0 183
0.0 0.028662614270737907 0.0 0.0 185
1.562406896841865 1.0 2.0 1.0 186
-0.3322065316956849 1.0 -1.0 1.0 187
0.5887912891262934 1.0 1.0 1.0 188
-0.9570786768632321 1.0 -1.0 1.0 189
0.0 1.264555305441995 0.0 2.0 190
0.0 0.8329337295367418 0.0 0.0 191
0.9160224059245416 1.0 1.0 1.0 192
0.0 0.297977297676575 0.0 0.0 193
0.6038797556929386 1.0 1.0 1.0 194
0.7686047266877382 1.0 0.0 1.0 195
1.6191070154895195 1.0 2.0 1.0 196
0.4866106492819332 1.0 0.0 1.0 197
0.0 1.2374646028949965 0.0 1.0 198
-0.47630235148481304 1.0 -1.0 1.0 199
-0.15400356616700336 1.0 -1.0 1.0 200
0.5909187427148307 1.0 0.0 1.0 201
0.1646224058423733 1.0 1.0 1.0 202
-0.10360847806589912 1.0 0.0 1.0 203
0.9664811867149203 1.0 0.0 1.0 204
1.0457535330903758 1.0 1.0 1.0 205
0.0 0.9161600078287948 0.0 1.0 206
0.19098630899616603 1.0 1.0 1.0 207
1.0 1.1230646753472708 1.0 1.0 208
0.09371126320266907 1.0 1.0 1.0 209
0.0 0.6715173796605238 0.0 1.0 210
0.0 1.1381089259998802 0.0 1.0 211
-0.337072205328093 1.0 0.0 1.0 212
1.0 1.059896136279796 1.0 2.0 213
1.0 1.3410114556781734 1.0 1.0 214
1.1688219150843988 1.0 1.0 1.0 215
0.0 1.2702947646844458 0.0 1.0 216
0.0 0.5850146674640073 0.0 1.0 217
0.0 1.3837072175176477 0.0 1.0 218
1.0 1.2478585526236872 1.0 1.0 219
0.0 1.6613346388327288 0.0 1.0 220
-0.6785965337497859 1.0 0.0 1.0 221
1.0 0.4063077606511208 1.0 1.0 222
1.6649833155818239 1.0 1.0 1.0 223
0.0 0.3124902713266093 0.0 1.0 224
0.0 1.7223450942882228 0.0 1.0 225
1.0 1.7844112516488706 1.0 1.0 226
0.0 1.9268168646911645 0.0 1.0 227
0.0 0.0 0.0 1.0 228
0.0 2.0 0.0 1.0 229
-1.0 1.0 0.0 1.0 230
1.0 0.0 1.0 1.0 231
1.0 2.0 1.0 1.0 232
2.0 1.0 1.0 1.0 233
1.0 1.985157055942208 1.0 2.0 112
0.0 0.01783775888950241 0.0 0.0 119
*** t = 79
1.0 0.482586804006116 1.0 0.0 137
-0.6269484719435069 1.0 -1.0 1.0 138
1.0 0.48920355937038007 1.0 0.0 139
0.0 1.6771006663209014 0.0 2.0 141
1.8287869661347556 1.0 2.0 1.0 149
-0.29507235226558265 1.0 -1.0 1.0 151
0.0 1.9882554629594011 0.0 2.0 159
-0.9174093245466022 1.0 -1.0 1.0 166
1.683420643549122 1.0 2.0 1.0 167
0.4425981370957483 1.0 0.0 1.0 168
1.0 1.536982088023252 1.0 2.0 173
1.7648358273252895 1.0 2.0 1.0 175
1.7012904988062862 1.0 2.0 1.0 176
1.0 0.16129003410091683 1.0 0.0 178
0.18401772837428845 1.0 0.0 1.0 179
0.9469453012096439 1.0 1.0 1.0 181
1.0 0.17438437568193632 1.0 0.0 183
1.6665673566313226 1.0 2.0 1.0 186
-0.4876869671420639 1.0 -1.0 1.0 187
0.702276381206743 1.0 1.0 1.0 188
0.0 1.4263092558307089 0.0 2.0 190
0.0 0.7431594010395681 0.0 0.0 191
1.0 0.9243090602484132 1.0 0.0 192
0.0 0.15614207248295628 0.0 0.0 193
0.7375364020006835 1.0 1.0 1.0 194
0.6659884539117163 1.0 0.0 1.0 195
1.7540326001136461 1.0 2.0 1.0 196
0.3604948700554276 1.0 0.0 1.0 197
0.0 1.168143203158178 0.0 1.0 198
-0.6239325866332943 1.0 -1.0 1.0 199
-0.2694039227837037 1.0 -1.0 1.0 200
0.45001061698631384 1.0 0.0 1.0 201
0.2940248953804149 1.0 1.0 1.0 202
-0.004009420073221248 1.0 0.0 1.0 203
0.8516457630165781 1.0 0.0 1.0 204
1.0 0.9397261478781953 1.0 0.0 205
-0.030680008807394146 1.0 -1.0 1.0 206
0.33985959762068674 1.0 1.0 1.0 207
1.0 1.0134477597656797 1.0 1.0 208
0.2499557293744789 1.0 1.0 1.0 209
0.0 0.7834369429372778 0.0 1.0 210
0.005539586333473179 1.0 1.0 1.0 211
-0.22658423954944185 1.0 0.0 1.0 212
1.0 1.2365454923264287 1.0 2.0 213
1.0 1.2311800316245356 1.0 1.0 214
1.030292234265132 1.0 1.0 1.0 215
0.0 1.124353717621335 0.0 1.0 216
0.0 0.7312683343300092 0.0 1.0 217
0.0 1.2296340218970596 0.0 1.0 218
1.0 1.059823190779609 1.0 1.0 219
0.0 1.548446185110305 0.0 1.0 220
-0.5714620449997145 1.0 0.0 1.0 221
1.0 0.541743680868161 1.0 1.0 222
1.5533110874424318 1.0 1.0 1.0 223
0.0 0.4687354069899139 0.0 1.0 224
0.0 1.5835176414323342 0.0 1.0 225
1.0 1.676616877473306 1.0 1.0 226
0.0 1.853633729382329 0.0 1.0 227
0.0 0.13567360809717863 0.0 1.0 228
0.0 1.8890641169741005 0.0 1.0 229
-0.859370918116571 1.0 0.0 1.0 230
1.0 0.13382490947186615 1.0 1.0 231
1.0 1.8994209225146543 1.0 1.0 232
1.8437242698117022 1.0 1.0 1.0 233
0.0 2.0 0.0 1.0 234
*** t = 80
1.0 0.40391764163130706 1.0 0.0 137
-0.6794306807158781 1.0 -1.0 1.0 138
1.0 0.4082101258016827 1.0 0.0 139
0.0 1.763458752331253 0.0 2.0 141
1.9298150720681397 1.0 2.0 1.0 149
-0.37703922198935347 1.0 -1.0 1.0 151
1.805394309164991 1.0 2.0 1.0 167
0.3718071433273732 1.0 0.0 1.0 168
1.0 1.6638311924244147 1.0 2.0 173
1.9103535024476732 1.0 2.0 1.0 175
1.8434636829539854 1.0 2.0 1.0 176
1.0 0.0645158253693861 1.0 0.0 178
0.08843971407819834 1.0 0.0 1.0 179
1.0 1.0614714953984465 1.0 2.0 181
1.0 0.06699522131028547 1.0 0.0 183
1.7707278164207803 1.0 2.0 1.0 186
-0.6431674025884428 1.0 -1.0 1.0 187
0.8157614732871925 1.0 1.0 1.0 188
0.0 1.5880632062194229 0.0 2.0 190
0.0 0.6533850725423944 0.0 0.0 191
1.0 0.764640526421368 1.0 0.0 192
0.0 0.014306847289337565 0.0 0.0 193
0.8711930483084284 1.0 1.0 1.0 194
0.5633721811356945 1.0 0.0 1.0 195
1.8889581847377728 1.0 2.0 1.0 196
0.23437909082892194 1.0 0.0 1.0 197
0.0 1.0988218034213595 0.0 1.0 198
-0.7715628217817756 1.0 -1.0 1.0 199
-0.384804279400404 1.0 -1.0 1.0 200
0.309102491257797 1.0 0.0 1.0 201
0.42342738491845644 1.0 1.0 1.0 202
0.0 1.0955896379194567 0.0 2.0 203
0.7368103393182359 1.0 0.0 1.0 204
1.0 0.8336987626660148 1.0 0.0 205
-0.14520000978599348 1.0 -1.0 1.0 206
0.4887328862452075 1.0 1.0 1.0 207
0.9038308441840885 1.0 0.0 1.0 208
0.4062001955462887 1.0 1.0 1.0 209
0.0 0.8953565062140318 0.0 1.0 210
0.14918809866682659 1.0 1.0 1.0 211
-0.1160962737707907 1.0 0.0 1.0 212
1.0 1.4131948483730614 1.0 2.0 213
1.0 1.1213486075708978 1.0 1.0 214
0.891762553445865 1.0 0.0 1.0 215
0.02158732944177591 1.0 1.0 1.0 216
0.0 0.877522001196011 0.0 1.0 217
0.0 1.0755608262764715 0.0 1.0 218
1.1282121710644692 1.0 2.0 1.0 219
0.0 1.4355577313878813 0.0 1.0 220
-0.46432755624964317 1.0 0.0 1.0 221
1.0 0.6771796010852014 1.0 1.0 222
1.4416388593030398 1.0 1.0 1.0 223
0.0 0.6249805426532186 0.0 1.0 224
0.0 1.4446901885764456 0.0 1.0 225
1.0 1.5688225032977412 1.0 1.0 226
0.0 1.7804505940734936 0.0 1.0 227
0.0 0.27134721619435725 0.0 1.0 228
0.0 1.778128233948201 0.0 1.0 229
-0.7187418362331419 1.0 0.0 1.0 230
1.0 0.2676498189437323 1.0 1.0 231
1.0 1.7988418450293087 1.0 1.0 232
1.6874485396234045 1.0 1.0 1.0 233
0.0 1.8645672878491328 0.0 1.0 234
0.0 0.0 0.0 1.0 235
0.0 2.0 0.0 1.0 236
1.0 2.0 1.0 1.0 237
*** t = 81
1.0 0.32524847925649814 1.0 0.0 137
-0.7319128894882493 1.0 -1.0 1.0 138
1.0 0.32721669223298533 1.0 0.0 139
0.0 1.8498168383416047 0.0 2.0 141
-0.4590060917131243 1.0 -1.0 1.0 151
1.9273679747808603 1.0 2.0 1.0 167
0.3010161495589981 1.0 0.0 1.0 168
1.0 1.7906802968255773 1.0 2.0 173
1.9856368671016846 1.0 2.0 1.0 176
0.0 1.0071383002178917 0.0 2.0 179
1.0 1.175997689587249 1.0 2.0 181
1.874888276210238 1.0 2.0 1.0 186
-0.7986478380348219 1.0 -1.0 1.0 187
0.929246565367642 1.0 1.0 1.0 188
0.0 1.7498171566081369 0.0 2.0 190
0.0 0.5636107440452207 0.0 0.0 191
1.0 0.6049719925943229 1.0 0.0 192
1.0 0.9951503053838268 1.0 0.0 194
0.46075590835967273 1.0 0.0 1.0 195
0.10826331160241631 1.0 0.0 1.0 197
0.0 1.029500403684541 0.0 1.0 198
-0.9191930569302569 1.0 -1.0 1.0 199
-0.5002046360171043 1.0 -1.0 1.0 200
0.1681943655292801 1.0 0.0 1.0 201
0.552829874456498 1.0 1.0 1.0 202
0.0 1.1951886959121345 0.0 2.0 203
0.6219749156198937 1.0 0.0 1.0 204
1.0 0.7276713774538344 1.0 0.0 205
-0.25972001076459283 1.0 -1.0 1.0 206
0.6376061748697283 1.0 1.0 1.0 207
0.7942139286024974 1.0 0.0 1.0 208
0.5624446617180986 1.0 1.0 1.0 209
-0.007276069490785797 1.0 -1.0 1.0 210
0.29283661100018 1.0 1.0 1.0 211
-0.005608307992139544 1.0 0.0 1.0 212
1.0 1.589844204419694 1.0 2.0 213
1.0 1.01151718351726 1.0 1.0 214
0.753232872626598 1.0 0.0 1.0 215
0.16752837650488678 1.0 1.0 1.0 216
-0.02377566806201281 1.0 -1.0 1.0 217
0.0785123693441166 1.0 1.0 1.0 218
1.3162475329085475 1.0 2.0 1.0 219
0.0 1.3226692776654576 0.0 1.0 220
-0.3571930674995718 1.0 0.0 1.0 221
1.0 0.8126155213022417 1.0 1.0 222
1.3299666311636478 1.0 1.0 1.0 223
0.0 0.7812256783165232 0.0 1.0 224
0.0 1.305862735720557 0.0 1.0 225
1.0 1.4610281291221765 1.0 1.0 226
0.0 1.7072674587646581 0.0 1.0 227
0.0 0.40702082429153585 0.0 1.0 228
0.0 1.6671923509223014 0.0 1.0 229
-0.5781127543497129 1.0 0.0 1.0 230
1.0 0.40147472841559845 1.0 1.0 231
1.0 1.698262767543963 1.0 1.0 232
1.5311728094351067 1.0 1.0 1.0 233
0.0 1.7291345756982657 0.0 1.0 234
0.0 0.10328751338961244 0.0 1.0 235
0.0 1.8762472593205581 0.0 1.0 236
1.0 1.871352858211977 1.0 1.0 237
0.0 2.0 0.0 1.0 238
-1.0 1.0 0.0 1.0 239
1.0 0.0 1.0 1.0 240
2.0 1.0 1.0 1.0 241
*** t = 82
1.0 0.24657931688168924 1.0 0.0 137
-0.7843950982606205 1.0 -1.0 1.0 138
1.0 0.24622325866428796 1.0 0.0 139
0.0 1.9361749243519564 0.0 2.0 141
-0.5409729614368951 1.0 -1.0 1.0 151
0.23022515579062297 1.0 0.0 1.0 168
1.0 1.9175294012267399 1.0 2.0 173
0.0 1.1027163145139818 0.0 2.0 179
1.0 1.2905238837760515 1.0 2.0 181
1.9790487359996956 1.0 2.0 1.0 186
-0.9541282734812009 1.0 -1.0 1.0 187
1.0427316574480916 1.0 2.0 1.0 188
0.0 1.9115711069968508 0.0 2.0 190
0.0 0.47383641554804695 0.0 0.0 191
1.0 0.4453034587672777 1.0 0.0 192
1.0 0.8614936590760819 1.0 0.0 194
0.3581396355836509 1.0 0.0 1.0 195
-0.01785246762408932 1.0 -1.0 1.0 197
0.03982099605227747 1.0 1.0 1.0 198
-0.6156049926338046 1.0 -1.0 1.0 200
0.027286239800763223 1.0 0.0 1.0 201
0.6822323639945396 1.0 1.0 1.0 202
0.0 1.2947877539048123 0.0 2.0 203
0.5071394919215515 1.0 0.0 1.0 204
1.0 0.6216439922416539 1.0 0.0 205
-0.37424001174319216 1.0 -1.0 1.0 206
0.786479463494249 1.0 1.0 1.0 207
0.6845970130209063 1.0 0.0 1.0 208
0.7186891278899085 1.0 1.0 1.0 209
-0.11919563276753975 1.0 -1.0 1.0 210
0.4364851233335334 1.0 1.0 1.0 211
0.0 1.1048796577865116 0.0 2.0 212
1.0 1.7664935604663268 1.0 2.0 213
1.0 0.9016857594636222 1.0 0.0 214
0.614703191807331 1.0 0.0 1.0 215
0.3134694235679977 1.0 1.0 1.0 216
-0.17002933492801464 1.0 -1.0 1.0 217
0.23258556496470473 1.0 1.0 1.0 218
1.5042828947526257 1.0 2.0 1.0 219
0.0 1.2097808239430339 0.0 1.0 220
-0.25005857874950044 1.0 0.0 1.0 221
1.0 0.948051441519282 1.0 1.0 222
1.2182944030242557 1.0 1.0 1.0 223
0.0 0.9374708139798279 0.0 1.0 224
0.0 1.1670352828646684 0.0 1.0 225
1.0 1.3532337549466118 1.0 1.0 226
0.0 1.6340843234558227 0.0 1.0 227
0.0 0.5426944323887145 0.0 1.0 228
0.0 1.556256467896402 0.0 1.0 229
-0.43748367246628383 1.0 0.0 1.0 230
1.0 0.5352996378874646 1.0 1.0 231
1.0 1.5976836900586173 1.0 1.0 232
1.374897079246809 1.0 1.0 1.0 233
0.0 1.5937018635473985 0.0 1.0 234
0.0 0.20657502677922487 0.0 1.0 235
0.0 1.7524945186411163 0.0 1.0 236
1.0 1.7427057164239539 1.0 1.0 237
0.0 1.8930610046455127 0.0 1.0 238
-0.9079484088877525 1.0 0.0 1.0 239
1.0 0.09522884384741614 1.0 1.0 240
1.8912514534877383 1.0 1.0 1.0 241
0.0 0.0 0.0 1.0 242
0.0 2.0 0.0 1.0 243
1.0 2.0 1.0 1.0 244
*** t = 83
1.0 0.16791015450688035 1.0 0.0 137
-0.8368773070329917 1.0 -1.0 1.0 138
1.0 0.1652298250955906 1.0 0.0 139
-0.622939831160666 1.0 -1.0 1.0 151
0.15943416202224786 1.0 0.0 1.0 168
0.0 1.1982943288100718 0.0 2.0 179
1.0 1.405050077964854 1.0 2.0 181
1.1562167495285411 1.0 2.0 1.0 188
0.0 0.3840620870508732 0.0 0.0 191
1.0 0.28563492494023257 1.0 0.0 192
1.0 0.727837012768337 1.0 0.0 194
0.2555233628076291 1.0 0.0 1.0 195
-0.14396824685059495 1.0 -1.0 1.0 197
0.10914239578909593 1.0 1.0 1.0 198
-0.731005349250505 1.0 -1.0 1.0 200
-0.11362188592775366 1.0 -1.0 1.0 201
0.8116348535325811 1.0 1.0 1.0 202
0.0 1.39438681189749 0.0 2.0 203
0.39230406822320935 1.0 0.0 1.0 204
1.0 0.5156166070294734 1.0 0.0 205
-0.4887600127217915 1.0 -1.0 1.0 206
0.9353527521187698 1.0 1.0 1.0 207
0.5749800974393151 1.0 0.0 1.0 208
0.8749335940617183 1.0 1.0 1.0 209
-0.2311151960442937 1.0 -1.0 1.0 210
0.5801336356668868 1.0 1.0 1.0 211
0.0 1.2153676235651627 0.0 2.0 212
1.0 1.9431429165129595 1.0 2.0 213
1.0 0.7918543354099843 1.0 0.0 214
0.47617351098806404 1.0 0.0 1.0 215
0.4594104706311085 1.0 1.0 1.0 216
-0.31628300179401647 1.0 -1.0 1.0 217
0.38665876058529286 1.0 1.0 1.0 218
1.6923182565967039 1.0 2.0 1.0 219
0.0 1.0968923702206101 0.0 1.0 220
-0.14292408999942907 1.0 0.0 1.0 221
1.0 1.0834873617363223 1.0 2.0 222
1.1066221748848637 1.0 1.0 1.0 223
0.09371594964313254 1.0 1.0 1.0 224
0.0 1.0282078300087798 0.0 1.0 225
1.0 1.245439380771047 1.0 1.0 226
0.0 1.5609011881469872 0.0 1.0 227
0.0 0.6783680404858932 0.0 1.0 228
0.0 1.4453205848705024 0.0 1.0 229
-0.2968545905828548 1.0 0.0 1.0 230
1.0 0.6691245473593308 1.0 1.0 231
1.0 1.4971046125732717 1.0 1.0 232
1.2186213490585112 1.0 1.0 1.0 233
0.0 1.4582691513965313 0.0 1.0 234
0.0 0.3098625401688373 0.0 1.0 235
0.0 1.6287417779616744 0.0 1.0 236
1.0 1.6140585746359308 1.0 1.0 237
0.0 1.7861220092910255 0.0 1.0 238
-0.815896817775505 1.0 0.0 1.0 239
1.0 0.1904576876948323 1.0 1.0 240
1.7825029069754765 1.0 1.0 1.0 241
0.0 0.1296018562301375 0.0 1.0 242
0.0 1.9135170933995584 0.0 1.0 243
1.0 1.8794351903223754 1.0 1.0 244
0.0 2.0 0.0 1.0 245
*** t = 84
1.0 0.08924099213207146 1.0 0.0 137
-0.8893595158053629 1.0 -1.0 1.0 138
1.0 0.0842363915268932 1.0 0.0 139
-0.7049067008844369 1.0 -1.0 1.0 151
0.08864316825387275 1.0 0.0 1.0 168
0.0 1.2938723431061618 0.0 2.0 179
1.0 1.5195762721536565 1.0 2.0 181
1.2697018416089907 1.0 2.0 1.0 188
0.0 0.29428775855369943 0.0 0.0 191
1.0 0.12596639111318744 1.0 0.0 192
1.0 0.5941803664605921 1.0 0.0 194
0.15290709003160727 1.0 0.0 1.0 195
-0.2700840260771006 1.0 -1.0 1.0 197
0.1784637955259144 1.0 1.0 1.0 198
-0.8464057058672053 1.0 -1.0 1.0 200
-0.25453001165627054 1.0 -1.0 1.0 201
0.9410373430706227 1.0 1.0 1.0 202
0.0 1.4939858698901678 0.0 2.0 203
0.2774686445248672 1.0 0.0 1.0 204
1.0 0.40958922181729296 1.0 0.0 205
-0.6032800137003909 1.0 -1.0 1.0 206
1.0842260407432904 1.0 2.0 1.0 207
0.46536318185772396 1.0 0.0 1.0 208
1.0 0.9688219397664718 1.0 0.0 209
-0.34303475932104766 1.0 -1.0 1.0 210
0.7237821480002402 1.0 1.0 1.0 211
0.0 1.3258555893438138 0.0 2.0 212
1.0 0.6820229113563464 1.0 0.0 214
0.33764383016879707 1.0 0.0 1.0 215
0.6053515176942194 1.0 1.0 1.0 216
-0.4625366686600183 1.0 -1.0 1.0 217
0.540731956205881 1.0 1.0 1.0 218
1.880353618440782 1.0 2.0 1.0 219
-0.0159960835018135 1.0 -1.0 1.0 220
-0.03578960124935769 1.0 0.0 1.0 221
1.0 1.2189232819533626 1.0 2.0 222
0.9949499467454717 1.0 0.0 1.0 223
0.24996108530643718 1.0 1.0 1.0 224
0.0 0.8893803771528913 0.0 0.0 225
1.0 1.1376450065954824 1.0 1.0 226
0.0 1.4877180528381517 0.0 1.0 227
0.0 0.8140416485830718 0.0 1.0 228
0.0 1.334384701844603 0.0 1.0 229
-0.15622550869942578 1.0 0.0 1.0 230
1.0 0.802949456831197 1.0 1.0 231
1.0 1.396525535087926 1.0 1.0 232
1.0623456188702134 1.0 1.0 1.0 233
0.0 1.3228364392456642 0.0 1.0 234
0.0 0.41315005355844975 0.0 1.0 235
0.0 1.5049890372822325 0.0 1.0 236
1.0 1.4854114328479078 1.0 1.0 237
0.0 1.6791830139365382 0.0 1.0 238
-0.7238452266632576 1.0 0.0 1.0 239
1.0 0.28568653154224843 1.0 1.0 240
1.6737543604632148 1.0 1.0 1.0 241
0.0 0.259203712460275 0.0 1.0 242
0.0 1.8270341867991169 0.0 1.0 243
1.0 1.7588703806447508 1.0 1.0 244
0.0 1.9123479932490457 0.0 1.0 245
0.0 0.0 0.0 1.0 246
0.0 2.0 0.0 1.0 247
-1.0 1.0 0.0 1.0 248
1.0 0.0 1.0 1.0 249
1.0 2.0 1.0 1.0 250
2.0 1.0 1.0 1.0 251
*** t = 85
1.0 0.010571829757262563 1.0 0.0 137
-0.9418417245777341 1.0 -1.0 1.0 138
1.0 0.003242957958195819 1.0 0.0 139
-0.7868735706082077 1.0 -1.0 1.0 151
0.01785217448549764 1.0 0.0 1.0 168
0.0 1.3894503574022519 0.0 2.0 179
1.0 1.634102466342459 1.0 2.0 181
1.3831869336894402 1.0 2.0 1.0 188
0.0 0.20451343005652567 0.0 0.0 191
1.0 0.46052372015284726 1.0 0.0 194
0.05029081725558543 1.0 0.0 1.0 195
-0.3961998053036062 1.0 -1.0 1.0 197
0.24778519526273285 1.0 1.0 1.0 198
-0.9618060624839057 1.0 -1.0 1.0 200
-0.3954381373847874 1.0 -1.0 1.0 201
1.0704398326086642 1.0 2.0 1.0 202
0.0 1.5935849278828456 0.0 2.0 203
0.16263322082652504 1.0 0.0 1.0 204
1.0 0.3035618366051125 1.0 0.0 205
-0.7178000146789902 1.0 -1.0 1.0 206
1.2330993293678112 1.0 2.0 1.0 207
0.3557462662761328 1.0 0.0 1.0 208
1.0 0.8125774735946619 1.0 0.0 209
-0.4549543225978016 1.0 -1.0 1.0 210
0.8674306603335936 1.0 1.0 1.0 211
0.0 1.4363435551224648 0.0 2.0 212
1.0 0.5721914873027085 1.0 0.0 214
0.1991141493495301 1.0 0.0 1.0 215
0.7512925647573302 1.0 1.0 1.0 216
-0.6087903355260201 1.0 -1.0 1.0 217
0.6948051518264691 1.0 1.0 1.0 218
-0.12888453722423715 1.0 -1.0 1.0 220
0.0 1.0713448875007137 0.0 2.0 221
1.0 1.354359202170403 1.0 2.0 222
0.8832777186060796 1.0 0.0 1.0 223
0.4062062209697418 1.0 1.0 1.0 224
0.0 0.7505529242970028 0.0 0.0 225
1.0 1.0298506324199177 1.0 1.0 226
0.0 1.4145349175293163 0.0 1.0 227
0.0 0.9497152566802505 0.0 1.0 228
0.0 1.2234488188187034 0.0 1.0 229
-0.015596426815996767 1.0 0.0 1.0 230
1.0 0.9367743663030632 1.0 1.0 231
1.0 1.2959464576025803 1.0 1.0 232
0.9060698886819156 1.0 0.0 1.0 233
0.0 1.187403727094797 0.0 1.0 234
0.0 0.5164375669480622 0.0 1.0 235
0.0 1.3812362966027907 0.0 1.0 236
1.0 1.3567642910598847 1.0 1.0 237
0.0 1.572244018582051 0.0 1.0 238
-0.6317936355510101 1.0 0.0 1.0 239
1.0 0.3809153753896646 1.0 1.0 240
1.565005813950953 1.0 1.0 1.0 241
0.0 0.3888055686904125 0.0 1.0 242
0.0 1.7405512801986753 0.0 1.0 243
1.0 1.6383055709671261 1.0 1.0 244
0.0 1.8246959864980914 0.0 1.0 245
0.0 0.19081481429306182 0.0 1.0 246
0.0 1.8558977665654623 0.0 1.0 247
-0.860808517131771 1.0 0.0 1.0 248
1.0 0.13413178611876833 1.0 1.0 249
1.0 1.8977928796545371 1.0 1.0 250
1.8511020081210399 1.0 1.0 1.0 251
0.0 2.0 0.0 1.0 252
*** t = 86
-0.9943239333501053 1.0 -1.0 1.0 138
-0.8688404403319786 1.0 -1.0 1.0 151
-0.05293881928287747 1.0 -1.0 1.0 168
0.0 1.485028371698342 0.0 2.0 179
1.0 1.7486286605312615 1.0 2.0 181
1.4966720257698898 1.0 2.0 1.0 188
0.0 0.11473910155935191 0.0 0.0 191
1.0 0.3268670738451024 1.0 0.0 194
0.0 1.0523254555204364 0.0 2.0 195
-0.5223155845301118 1.0 -1.0 1.0 197
0.3171065949995513 1.0 1.0 1.0 198
-0.5363462631133042 1.0 -1.0 1.0 201
1.1998423221467056 1.0 2.0 1.0 202
0.0 1.6931839858755233 0.0 2.0 203
0.04779779712818287 1.0 0.0 1.0 204
1.0 0.19753445139293202 1.0 0.0 205
-0.8323200156575896 1.0 -1.0 1.0 206
1.381972617992332 1.0 2.0 1.0 207
0.24612935069454164 1.0 0.0 1.0 208
1.0 0.656333007422852 1.0 0.0 209
-0.5668738858745556 1.0 -1.0 1.0 210
1.0 0.988920827333053 1.0 0.0 211
0.0 1.5468315209011159 0.0 2.0 212
1.0 0.46236006324907064 1.0 0.0 214
0.060584468530263114 1.0 0.0 1.0 215
0.897233611820441 1.0 1.0 1.0 216
-0.755044002392022 1.0 -1.0 1.0 217
0.8488783474470571 1.0 1.0 1.0 218
-0.2417729909466608 1.0 -1.0 1.0 220
0.0 1.178479376250785 0.0 2.0 221
1.0 1.4897951223874433 1.0 2.0 222
0.7716054904666876 1.0 0.0 1.0 223
0.5624513566330465 1.0 1.0 1.0 224
0.0 0.6117254714411143 0.0 0.0 225
0.922056258244353 1.0 0.0 1.0 226
0.0 1.3413517822204808 0.0 1.0 227
0.0 1.085388864777429 0.0 2.0 228
0.0 1.1125129357928039 0.0 1.0 229
0.12503265506743225 1.0 1.0 1.0 230
0.9294007242250706 1.0 0.0 1.0 231
1.0 1.1953673801172346 1.0 1.0 232
0.7497941584936179 1.0 0.0 1.0 233
0.0 1.0519710149439299 0.0 1.0 234
0.0 0.6197250803376746 0.0 1.0 235
0.0 1.2574835559233488 0.0 1.0 236
1.0 1.2281171492718617 1.0 1.0 237
0.0 1.4653050232275637 0.0 1.0 238
-0.5397420444387626 1.0 0.0 1.0 239
1.0 0.4761442192370807 1.0 1.0 240
1.4562572674386913 1.0 1.0 1.0 241
0.0 0.51840742492055 0.0 1.0 242
0.0 1.6540683735982338 0.0 1.0 243
1.0 1.5177407612895015 1.0 1.0 244
0.0 1.737043979747137 0.0 1.0 245
0.0 0.38162962858612365 0.0 1.0 246
0.0 1.7117955331309247 0.0 1.0 247
-0.721617034263542 1.0 0.0 1.0 248
1.0 0.26826357223753666 1.0 1.0 249
1.0 1.7955857593090743 1.0 1.0 250
1.7022040162420797 1.0 1.0 1.0 251
0.0 1.8956280095048934 0.0 1.0 252
0.0 0.0 0.0 1.0 253
0.0 2.0 0.0 1.0 254
1.0 2.0 1.0 1.0 255
*** t = 87
0.0 2.0 0.0 1.0 256
-1.0 1.0 0.0 1.0 257
1.0 0.0 1.0 1.0 258
2.0 1.0 1.0 1.0 259
-0.9508073100557495 1.0 -1.0 1.0 151
-0.12372981305125258 1.0 -1.0 1.0 168
0.0 1.580606385994432 0.0 2.0 179
1.0 1.863154854720064 1.0 2.0 181
1.6101571178503393 1.0 2.0 1.0 188
0.0 0.024964773062178147 0.0 0.0 191
1.0 0.19321042753735748 1.0 0.0 194
0.0 1.1549417282964582 0.0 2.0 195
-0.6484313637566175 1.0 -1.0 1.0 197
0.38642799473636974 1.0 1.0 1.0 198
-0.6772543888418211 1.0 -1.0 1.0 201
1.329244811684747 1.0 2.0 1.0 202
0.0 1.792783043868201 0.0 2.0 203
0.0 1.0670376265701593 0.0 2.0 204
1.0 0.09150706618075154 1.0 0.0 205
-0.946840016636189 1.0 -1.0 1.0 206
1.5308459066168527 1.0 2.0 1.0 207
0.13651243511295047 1.0 0.0 1.0 208
1.0 0.5000885412510422 1.0 0.0 209
-0.6787934491513095 1.0 -1.0 1.0 210
1.0 0.8452723149996996 1.0 0.0 211
0.0 1.657319486679767 0.0 2.0 212
1.0 0.35252863919543276 1.0 0.0 214
0.0 1.0779452122890039 0.0 2.0 215
1.0 0.9568253411164481 1.0 0.0 216
-0.9012976692580238 1.0 -1.0 1.0 217
1.0 0.9970484569323548 1.0 0.0 218
-0.35466144466908445 1.0 -1.0 1.0 220
0.0 1.2856138650008564 0.0 2.0 221
1.0 1.6252310426044836 1.0 2.0 222
0.6599332623272955 1.0 0.0 1.0 223
0.7186964922963511 1.0 1.0 1.0 224
0.0 0.47289801858522584 0.0 0.0 225
0.8142618840687883 1.0 0.0 1.0 226
0.0 1.2681686469116453 0.0 1.0 227
0.0 1.2210624728746076 0.0 2.0 228
0.0 1.0015770527669043 0.0 1.0 229
0.26566173695086126 1.0 1.0 1.0 230
0.7955758147532044 1.0 0.0 1.0 231
1.0 1.094788302631889 1.0 1.0 232
0.5935184283053201 1.0 0.0 1.0 233
0.0 0.9165383027930627 0.0 0.0 234
0.0 0.723012593727287 0.0 1.0 235
0.0 1.133730815243907 0.0 1.0 236
1.0 1.0994700074838386 1.0 1.0 237
0.0 1.3583660278730765 0.0 1.0 238
-0.4476904533265152 1.0 0.0 1.0 239
1.0 0.5713730630844969 1.0 1.0 240
1.3475087209264296 1.0 1.0 1.0 241
0.0 0.6480092811506876 0.0 1.0 242
0.0 1.5675854669977922 0.0 1.0 243
1.0 1.397175951611877 1.0 1.0 244
0.0 1.6493919729961828 0.0 1.0 245
0.0 0.5724444428791855 0.0 1.0 246
0.0 1.567693299696387 0.0 1.0 247
-0.5824255513953129 1.0 0.0 1.0 248
1.0 0.402395358356305 1.0 1.0 249
1.0 1.6933786389636114 1.0 1.0 250
1.5533060243631196 1.0 1.0 1.0 251
0.0 1.7912560190097868 0.0 1.0 252
0.0 0.14356598109253565 0.0 1.0 253
0.0 1.8193175446000798 0.0 1.0 254
1.0 1.8533871358802916 1.0 1.0 255
*** t = 88
0.0 1.848156931793485 0.0 1.0 256
-0.8598874213743141 1.0 0.0 1.0 257
1.0 0.15099534333279668 1.0 1.0 258
1.8949793081282265 1.0 1.0 1.0 259
0.0 0.0 0.0 1.0 260
0.0 2.0 0.0 1.0 261
1.0 2.0 1.0 1.0 262
-0.1945208068196277 1.0 -1.0 1.0 168
0.0 1.676184400290522 0.0 2.0 179
1.0 1.9776810489088665 1.0 2.0 181
1.7236422099307889 1.0 2.0 1.0 188
1.0 0.05955378122961258 1.0 0.0 194
0.0 1.25755800107248 0.0 2.0 195
-0.7745471429831231 1.0 -1.0 1.0 197
0.4557493944731882 1.0 1.0 1.0 198
-0.818162514570338 1.0 -1.0 1.0 201
1.4586473012227885 1.0 2.0 1.0 202
0.0 1.8923821018608789 0.0 2.0 203
0.0 1.1818730502685015 0.0 2.0 204
1.6797191952413735 1.0 2.0 1.0 207
0.026895519531359297 1.0 0.0 1.0 208
1.0 0.3438440750792323 1.0 0.0 209
-0.7907130124280635 1.0 -1.0 1.0 210
1.0 0.7016238026663462 1.0 0.0 211
0.0 1.767807452458418 0.0 2.0 212
1.0 0.24269721514179488 1.0 0.0 214
0.0 1.2164748931082707 0.0 2.0 215
1.0 0.8108842940533373 1.0 0.0 216
1.0 0.8429752613117667 1.0 0.0 218
-0.46754989839150807 1.0 -1.0 1.0 220
0.0 1.3927483537509278 0.0 2.0 221
1.0 1.760666962821524 1.0 2.0 222
0.5482610341879035 1.0 0.0 1.0 223
0.8749416279596558 1.0 1.0 1.0 224
0.0 0.33407056572933735 0.0 0.0 225
0.7064675098932236 1.0 0.0 1.0 226
0.0 1.1949855116028099 0.0 1.0 227
0.0 1.356736080971786 0.0 2.0 228
0.0 0.8906411697410047 0.0 0.0 229
0.4062908188342903 1.0 1.0 1.0 230
0.6617509052813382 1.0 0.0 1.0 231
1.0057907748534567 1.0 2.0 1.0 232
0.4372426981170224 1.0 0.0 1.0 233
0.0 0.7811055906421955 0.0 0.0 234
0.0 0.8263001071168994 0.0 1.0 235
0.0 1.009978074564465 0.0 1.0 236
0.9708228656958156 1.0 0.0 1.0 237
0.0 1.2514270325185892 0.0 1.0 238
-0.35563886221426777 1.0 0.0 1.0 239
1.0 0.666601906931913 1.0 1.0 240
1.2387601744141679 1.0 1.0 1.0 241
0.0 0.7776111373808251 0.0 1.0 242
0.0 1.4811025603973507 0.0 1.0 243
1.0 1.2766111419342523 1.0 1.0 244
0.0 1.5617399662452285 0.0 1.0 245
0.0 0.7632592571722473 0.0 1.0 246
0.0 1.4235910662618494 0.0 1.0 247
-0.44323406852708386 1.0 0.0 1.0 248
1.0 0.5365271444750733 1.0 1.0 249
1.0 1.5911715186181485 1.0 1.0 250
1.4044080324841595 1.0 1.0 1.0 251
0.0 1.6868840285146802 0.0 1.0 252
0.0 0.2871319621850713 0.0 1.0 253
0.0 1.6386350892001595 0.0 1.0 254
1.0 1.7067742717605832 1.0 1.0 255
*** t = 89
0.0 1.69631386358697 0.0 1.0 256
-0.7197748427486281 1.0 0.0 1.0 257
1.0 0.30199068666559337 1.0 1.0 258
1.789958616256453 1.0 1.0 1.0 259
0.0 0.1858544624628205 0.0 1.0 260
0.0 1.8577772941198745 0.0 1.0 261
1.0 1.872235281587749 1.0 1.0 262
0.0 2.0 0.0 1.0 263
-0.2653118005880028 1.0 -1.0 1.0 168
0.0 1.771762414586612 0.0 2.0 179
1.8371273020112384 1.0 2.0 1.0 188
0.0 1.3601742738485019 0.0 2.0 195
-0.9006629222096287 1.0 -1.0 1.0 197
0.5250707942100067 1.0 1.0 1.0 198
-0.9590706402988548 1.0 -1.0 1.0 201
1.58804979076083 1.0 2.0 1.0 202
0.0 1.9919811598535566 0.0 2.0 203
0.0 1.2967084739668437 0.0 2.0 204
1.8285924838658942 1.0 2.0 1.0 207
0.0 1.082721396050232 0.0 2.0 208
1.0 0.18759960890742247 1.0 0.0 209
-0.9026325757048175 1.0 -1.0 1.0 210
1.0 0.5579752903329928 1.0 0.0 211
0.0 1.878295418237069 0.0 2.0 212
1.0 0.132865791088157 1.0 0.0 214
0.0 1.3550045739275376 0.0 2.0 215
1.0 0.6649432469902264 1.0 0.0 216
1.0 0.6889020656911786 1.0 0.0 218
-0.5804383521139317 1.0 -1.0 1.0 220
0.0 1.4998828425009991 0.0 2.0 221
1.0 1.8961028830385642 1.0 2.0 222
0.43658880604851147 1.0 0.0 1.0 223
1.0 1.0311867636229604 1.0 2.0 224
0.0 0.19524311287344884 0.0 0.0 225
0.5986731357176589 1.0 0.0 1.0 226
0.0 1.1218023762939744 0.0 1.0 227
0.0 1.4924096890689647 0.0 2.0 228
0.0 0.7797052867151051 0.0 0.0 229
0.5469199007177193 1.0 1.0 1.0 230
0.527925995809472 1.0 0.0 1.0 231
1.1063698523388024 1.0 2.0 1.0 232
0.28096696792872466 1.0 0.0 1.0 233
0.0 0.6456728784913284 0.0 0.0 234
0.0 0.9295876205065118 0.0 1.0 235
0.11377466611497684 1.0 1.0 1.0 236
0.8421757239077925 1.0 0.0 1.0 237
0.0 1.144488037164102 0.0 1.0 238
-0.26358727110202035 1.0 0.0 1.0 239
1.0 0.7618307507793292 1.0 1.0 240
1.1300116279019061 1.0 1.0 1.0 241
0.0 0.9072129936109626 0.0 1.0 242
0.0 1.394619653796909 0.0 1.0 243
1.0 1.1560463322566277 1.0 1.0 244
0.0 1.4740879594942742 0.0 1.0 245
0.0 0.9540740714653091 0.0 1.0 246
0.0 1.2794888328273117 0.0 1.0 247
-0.3040425856588548 1.0 0.0 1.0 248
1.0 0.6706589305938416 1.0 1.0 249
1.0 1.4889643982726857 1.0 1.0 250
1.2555100406051993 1.0 1.0 1.0 251
0.0 1.5825120380195736 0.0 1.0 252
0.0 0.43069794327760696 0.0 1.0 253
0.0 1.4579526338002393 0.0 1.0 254
1.0 1.5601614076408747 1.0 1.0 255
*** t = 90
0.0 1.5444707953804548 0.0 1.0 256
-0.5796622641229422 1.0 0.0 1.0 257
1.0 0.45298602999839005 1.0 1.0 258
1.6849379243846794 1.0 1.0 1.0 259
0.0 0.371708924925641 0.0 1.0 260
0.0 1.715554588239749 0.0 1.0 261
1.0 1.744470563175498 1.0 1.0 262
0.0 1.8315832451336975 0.0 1.0 263
0.0 0.0 0.0 1.0 264
0.0 2.0 0.0 1.0 265
-1.0 1.0 0.0 1.0 266
1.0 0.0 1.0 1.0 267
1.0 2.0 1.0 1.0 268
2.0 1.0 1.0 1.0 269
-0.3361027943563779 1.0 -1.0 1.0 168
0.0 1.867340428882702 0.0 2.0 179
1.950612394091688 1.0 2.0 1.0 188
0.0 1.4627905466245237 0.0 2.0 195
0.5943921939468252 1.0 1.0 1.0 198
1.7174522802988714 1.0 2.0 1.0 202
0.0 1.411543897665186 0.0 2.0 204
1.977465772490415 1.0 2.0 1.0 207
0.0 1.1923383116318231 0.0 2.0 208
1.0 0.03135514273561263 1.0 0.0 209
1.0 0.41432677799963935 1.0 0.0 211
0.0 1.98878338401572 0.0 2.0 212
1.0 0.02303436703451911 1.0 0.0 214
0.0 1.4935342547468045 0.0 2.0 215
1.0 0.5190021999271156 1.0 0.0 216
1.0 0.5348288700705905 1.0 0.0 218
-0.6933268058363553 1.0 -1.0 1.0 220
0.0 1.6070173312510705 0.0 2.0 221
0.32491657790911943 1.0 0.0 1.0 223
1.0 1.187431899286265 1.0 2.0 224
0.0 0.05641566001756032 0.0 0.0 225
0.4908787615420942 1.0 0.0 1.0 226
0.0 1.048619240985139 0.0 1.0 227
0.0 1.6280832971661432 0.0 2.0 228
0.0 0.6687694036892055 0.0 0.0 229
0.6875489826011484 1.0 1.0 1.0 230
0.3941010863376058 1.0 0.0 1.0 231
1.206948929824148 1.0 2.0 1.0 232
0.12469123774042695 1.0 0.0 1.0 233
0.0 0.5102401663404612 0.0 0.0 234
-0.03287513389612422 1.0 -1.0 1.0 235
0.23752740679441878 1.0 1.0 1.0 236
0.7135285821197694 1.0 0.0 1.0 237
0.0 1.0375490418096147 0.0 1.0 238
-0.17153567998977293 1.0 0.0 1.0 239
1.0 0.8570595946267453 1.0 1.0 240
1.0212630813896444 1.0 1.0 1.0 241
0.036814849841100145 1.0 1.0 1.0 242
0.0 1.3081367471964676 0.0 1.0 243
1.0 1.035481522579003 1.0 1.0 244
0.0 1.3864359527433199 0.0 1.0 245
0.14488888575837092 1.0 1.0 1.0 246
0.0 1.135386599392774 0.0 1.0 247
-0.1648511027906257 1.0 0.0 1.0 248
1.0 0.8047907167126099 1.0 1.0 249
1.0 1.3867572779272228 1.0 1.0 250
1.1066120487262392 1.0 1.0 1.0 251
0.0 1.478140047524467 0.0 1.0 252
0.0 0.5742639243701426 0.0 1.0 253
0.0 1.277270178400319 0.0 1.0 254
1.0 1.4135485435211663 1.0 1.0 255
*** t = 91
0.0 1.3926277271739398 0.0 1.0 256
-0.43954968549725626 1.0 0.0 1.0 257
1.0 0.6039813733311867 1.0 1.0 258
1.5799172325129058 1.0 1.0 1.0 259
0.0 0.5575633873884616 0.0 1.0 260
0.0 1.5733318823596234 0.0 1.0 261
1.0 1.616705844763247 1.0 1.0 262
0.0 1.663166490267395 0.0 1.0 263
0.0 0.15790752597974567 0.0 1.0 264
0.0 1.856990532963586 0.0 1.0 265
-0.8994820896625078 1.0 0.0 1.0 266
1.0 0.15199573178122303 1.0 1.0 267
1.0 1.8684073549852784 1.0 1.0 268
1.8593297712878178 1.0 1.0 1.0 269
0.0 2.0 0.0 1.0 270
-0.406893788124753 1.0 -1.0 1.0 168
0.0 1.962918443178792 0.0 2.0 179
0.0 1.5654068194005455 0.0 2.0 195
0.6637135936836437 1.0 1.0 1.0 198
1.8468547698369129 1.0 2.0 1.0 202
0.0 1.5263793213635282 0.0 2.0 204
0.0 1.3019552272134143 0.0 2.0 208
1.0 0.27067826566628594 1.0 0.0 211
0.0 1.6320639355660713 0.0 2.0 215
1.0 0.37306115286400476 1.0 0.0 216
1.0 0.3807556744500024 1.0 0.0 218
-0.8062152595587789 1.0 -1.0 1.0 220
0.0 1.7141518200011419 0.0 2.0 221
0.21324434976972742 1.0 0.0 1.0 223
1.0 1.3436770349495695 1.0 2.0 224
0.3830843873665295 1.0 0.0 1.0 226
-0.024563894323696656 1.0 -1.0 1.0 227
0.0 1.7637569052633217 0.0 2.0 228
0.0 0.5578335206633058 0.0 0.0 229
0.8281780644845774 1.0 1.0 1.0 230
0.2602761768657397 1.0 0.0 1.0 231
1.3075280073094937 1.0 2.0 1.0 232
-0.03158449244787076 1.0 -1.0 1.0 233
0.0 0.3748074541895941 0.0 0.0 234
-0.13616264728573665 1.0 -1.0 1.0 235
0.3612801474738607 1.0 1.0 1.0 236
0.5848814403317464 1.0 0.0 1.0 237
0.06938995354487255 1.0 1.0 1.0 238
-0.0794840888775255 1.0 0.0 1.0 239
1.0 0.9522884384741614 1.0 1.0 240
1.0 0.9125145348773827 1.0 0.0 241
0.16641670607123765 1.0 1.0 1.0 242
0.0 1.221653840596026 0.0 1.0 243
0.9149167129013784 1.0 0.0 1.0 244
0.0 1.2987839459923656 0.0 1.0 245
0.33570370005143274 1.0 1.0 1.0 246
-0.008715634041763537 1.0 -1.0 1.0 247
-0.025659619922396626 1.0 0.0 1.0 248
1.0 0.9389225028313782 1.0 1.0 249
1.0 1.28455015758176 1.0 1.0 250
1.0 0.9577140568472791 1.0 0.0 251
0.0 1.3737680570293604 0.0 1.0 252
0.0 0.7178299054626782 0.0 1.0 253
0.0 1.0965877230003989 0.0 1.0 254
1.0 1.266935679401458 1.0 1.0 255
*** t = 92
0.0 1.2407846589674247 0.0 1.0 256
-0.2994371068715703 1.0 0.0 1.0 257
1.0 0.7549767166639834 1.0 1.0 258
1.4748965406411323 1.0 1.0 1.0 259
0.0 0.743417849851282 0.0 1.0 260
0.0 1.4311091764794979 0.0 1.0 261
1.0 1.488941126350996 1.0 1.0 262
0.0 1.4947497354010926 0.0 1.0 263
0.0 0.31581505195949133 0.0 1.0 264
0.0 1.7139810659271721 0.0 1.0 265
-0.7989641793250155 1.0 0.0 1.0 266
1.0 0.30399146356244605 1.0 1.0 267
1.0 1.7368147099705569 1.0 1.0 268
1.7186595425756357 1.0 1.0 1.0 269
0.0 1.8259862134616558 0.0 1.0 270
0.0 0.0 0.0 1.0 271
0.0 2.0 0.0 1.0 272
1.0 2.0 1.0 1.0 273
-0.47768478189312813 1.0 -1.0 1.0 168
0.0 1.6680230921765673 0.0 2.0 195
0.7330349934204622 1.0 1.0 1.0 198
1.9762572593749543 1.0 2.0 1.0 202
0.0 1.6412147450618704 0.0 2.0 204
0.0 1.4115721427950054 0.0 2.0 208
1.0 0.12702975333293254 1.0 0.0 211
0.0 1.7705936163853382 0.0 2.0 215
1.0 0.2271201058008939 1.0 0.0 216
1.0 0.22668247882941428 1.0 0.0 218
-0.9191037132812026 1.0 -1.0 1.0 220
0.0 1.8212863087512132 0.0 2.0 221
0.10157212163033541 1.0 0.0 1.0 223
1.0 1.499922170612874 1.0 2.0 224
0.2752900131909648 1.0 0.0 1.0 226
-0.09774702963253223 1.0 -1.0 1.0 227
0.0 1.8994305133605003 0.0 2.0 228
0.0 0.4468976376374062 0.0 0.0 229
0.9688071463680065 1.0 1.0 1.0 230
0.12645126739387352 1.0 0.0 1.0 231
1.4081070847948394 1.0 2.0 1.0 232
-0.18786022263616847 1.0 -1.0 1.0 233
0.0 0.239374742038727 0.0 0.0 234
-0.23945016067534908 1.0 -1.0 1.0 235
0.48503288815330264 1.0 1.0 1.0 236
0.45623429854372327 1.0 0.0 1.0 237
0.17632894889935982 1.0 1.0 1.0 238
0.012567502234721917 1.0 1.0 1.0 239
1.0 1.0475172823215777 1.0 2.0 240
1.0 0.8037659883651209 1.0 0.0 241
0.29601856230137513 1.0 1.0 1.0 242
0.0 1.1351709339955844 0.0 1.0 243
0.7943519032237538 1.0 0.0 1.0 244
0.0 1.2111319392414113 0.0 1.0 245
0.5265185143444946 1.0 1.0 1.0 246
-0.15281786747630116 1.0 -1.0 1.0 247
0.0 0.8864681370541676 0.0 0.0 248
0.9269457110498535 1.0 0.0 1.0 249
1.0 1.182343037236297 1.0 1.0 250
1.0 0.8088160649683189 1.0 0.0 251
0.0 1.2693960665342539 0.0 1.0 252
0.0 0.8613958865552138 0.0 1.0 253
-0.08409473239952142 1.0 -1.0 1.0 254
1.0 1.1203228152817495 1.0 1.0 255
*** t = 93
0.0 1.0889415907609097 0.0 1.0 256
-0.15932452824588442 1.0 0.0 1.0 257
1.0 0.90597205999678 1.0 1.0 258
1.3698758487693588 1.0 1.0 1.0 259
0.0 0.9292723123141025 0.0 1.0 260
0.0 1.2888864705993723 0.0 1.0 261
1.0 1.361176407938745 1.0 1.0 262
0.0 1.32633298053479 0.0 1.0 263
0.0 0.473722577939237 0.0 1.0 264
0.0 1.5709715988907582 0.0 1.0 265
-0.6984462689875233 1.0 0.0 1.0 266
1.0 0.45598719534366905 1.0 1.0 267
1.0 1.6052220649558353 1.0 1.0 268
1.5779893138634535 1.0 1.0 1.0 269
0.0 1.6519724269233116 0.0 1.0 270
0.0 0.11092604269471423 0.0 1.0 271
0.0 1.8606299174422016 0.0 1.0 272
1.0 1.9274723261959252 1.0 1.0 273
0.0 2.0 0.0 1.0 274
-1.0 1.0 0.0 1.0 275
1.0 0.0 1.0 1.0 276
2.0 1.0 1.0 1.0 277
-0.5484757756615033 1.0 -1.0 1.0 168
0.0 1.7706393649525891 0.0 2.0 195
0.8023563931572807 1.0 1.0 1.0 198
0.0 1.7560501687602126 0.0 2.0 204
0.0 1.5211890583765966 0.0 2.0 208
0.0 1.909123297204605 0.0 2.0 215
1.0 0.08117905873778303 1.0 0.0 216
1.0 0.07260928320882615 1.0 0.0 218
0.0 1.9284207975012846 0.0 2.0 221
0.0 1.0101001065090567 0.0 2.0 223
1.0 1.6561673062761786 1.0 2.0 224
0.16749563901540013 1.0 0.0 1.0 226
-0.1709301649413678 1.0 -1.0 1.0 227
0.0 0.33596175461150657 0.0 0.0 229
1.0 1.1094362282514354 1.0 2.0 230
-0.007373642077992626 1.0 -1.0 1.0 231
1.508686162280185 1.0 2.0 1.0 232
-0.3441359528244662 1.0 -1.0 1.0 233
0.0 0.10394202988785989 0.0 0.0 234
-0.34273767406496153 1.0 -1.0 1.0 235
0.6087856288327446 1.0 1.0 1.0 236
0.32758715675570016 1.0 0.0 1.0 237
0.2832679442538471 1.0 1.0 1.0 238
0.10461909334696934 1.0 1.0 1.0 239
1.0 1.1427461261689937 1.0 2.0 240
1.0 0.6950174418528592 1.0 0.0 241
0.42562041853151267 1.0 1.0 1.0 242
0.0 1.0486880273951429 0.0 1.0 243
0.6737870935461292 1.0 0.0 1.0 244
0.0 1.123479932490457 0.0 1.0 245
0.7173333286375564 1.0 1.0 1.0 246
-0.29692010091083876 1.0 -1.0 1.0 247
0.0 0.7472766541859386 0.0 0.0 248
0.7928139249310852 1.0 0.0 1.0 249
1.0 1.0801359168908342 1.0 1.0 250
1.0 0.6599180730893588 1.0 0.0 251
0.0 1.1650240760391473 0.0 1.0 252
-0.004961867647749474 1.0 -1.0 1.0 253
-0.2647771877994417 1.0 -1.0 1.0 254
0.973709951162041 1.0 0.0 1.0 255
*** t = 94
0.0 0.9370985225543945 0.0 0.0 256
-0.01921194962019851 1.0 0.0 1.0 257
0.9430325966704234 1.0 0.0 1.0 258
1.2648551568975852 1.0 1.0 1.0 259
-0.11512677477692296 1.0 -1.0 1.0 260
0.0 1.1466637647192468 0.0 1.0 261
1.0 1.233411689526494 1.0 1.0 262
0.0 1.1579162256684876 0.0 1.0 263
0.0 0.6316301039189827 0.0 1.0 264
0.0 1.4279621318543443 0.0 1.0 265
-0.597928358650031 1.0 0.0 1.0 266
1.0 0.6079829271248921 1.0 1.0 267
1.0 1.4736294199411137 1.0 1.0 268
1.4373190851512714 1.0 1.0 1.0 269
0.0 1.4779586403849674 0.0 1.0 270
0.0 0.22185208538942847 0.0 1.0 271
0.0 1.7212598348844033 0.0 1.0 272
1.0 1.8549446523918505 1.0 1.0 273
0.0 1.8926490121180743 0.0 1.0 274
-0.8438952343391776 1.0 0.0 1.0 275
1.0 0.09313549765165244 1.0 1.0 276
1.887709556152112 1.0 1.0 1.0 277
0.0 0.0 0.0 1.0 278
0.0 2.0 0.0 1.0 279
1.0 2.0 1.0 1.0 280
-0.6192667694298783 1.0 -1.0 1.0 168
0.0 1.873255637728611 0.0 2.0 195
0.8716777928940992 1.0 1.0 1.0 198
0.0 1.8708855924585548 0.0 2.0 204
0.0 1.6308059739581877 0.0 2.0 208
0.0 1.1217723346484487 0.0 2.0 223
1.0 1.8124124419394831 1.0 2.0 224
0.059701264839835455 1.0 0.0 1.0 226
-0.2441133002502034 1.0 -1.0 1.0 227
0.0 0.22502587158560697 0.0 0.0 229
1.0 1.2500653101348644 1.0 2.0 230
-0.14119855154985878 1.0 -1.0 1.0 231
1.6092652397655307 1.0 2.0 1.0 232
-0.5004116830127638 1.0 -1.0 1.0 233
-0.446025187454574 1.0 -1.0 1.0 235
0.7325383695121865 1.0 1.0 1.0 236
0.19894001496767705 1.0 0.0 1.0 237
0.39020693960833436 1.0 1.0 1.0 238
0.19667068445921676 1.0 1.0 1.0 239
1.0 1.2379749700164098 1.0 2.0 240
1.0 0.5862688953405975 1.0 0.0 241
0.5552222747616502 1.0 1.0 1.0 242
-0.037794879205298754 1.0 -1.0 1.0 243
0.5532222838685046 1.0 0.0 1.0 244
0.0 1.0358279257395027 0.0 1.0 245
0.9081481429306182 1.0 1.0 1.0 246
-0.4410223343453764 1.0 -1.0 1.0 247
0.0 0.6080851713177096 0.0 0.0 248
0.6586821388123169 1.0 0.0 1.0 249
0.9779287965453713 1.0 0.0 1.0 250
1.0 0.5110200812103987 1.0 0.0 251
0.0 1.0606520855440407 0.0 1.0 252
-0.14852784874028513 1.0 -1.0 1.0 253
-0.445459643199362 1.0 -1.0 1.0 254
0.8270970870423324 1.0 0.0 1.0 255
*** t = 95
0.0 0.7852554543478794 0.0 0.0 256
0.1209006290054874 1.0 1.0 1.0 257
0.7920372533376268 1.0 0.0 1.0 258
1.1598344650258117 1.0 1.0 1.0 259
-0.30098123723974346 1.0 -1.0 1.0 260
0.0 1.0044410588391213 0.0 1.0 261
1.0 1.105646971114243 1.0 1.0 262
0.010500529197814967 1.0 1.0 1.0 263
0.0 0.7895376298987283 0.0 1.0 264
0.0 1.2849526648179304 0.0 1.0 265
-0.4974104483125387 1.0 0.0 1.0 266
1.0 0.7599786589061152 1.0 1.0 267
1.0 1.3420367749263922 1.0 1.0 268
1.2966488564390892 1.0 1.0 1.0 269
0.0 1.3039448538466232 0.0 1.0 270
0.0 0.3327781280841427 0.0 1.0 271
0.0 1.581889752326605 0.0 1.0 272
1.0 1.7824169785877757 1.0 1.0 273
0.0 1.7852980242361487 0.0 1.0 274
-0.6877904686783551 1.0 0.0 1.0 275
1.0 0.18627099530330488 1.0 1.0 276
1.775419112304224 1.0 1.0 1.0 277
0.0 0.018545283825302822 0.0 1.0 278
0.0 1.8663018356028038 0.0 1.0 279
1.0 1.8497039717961905 1.0 1.0 280
0.0 2.0 0.0 1.0 281
-0.6900577631982534 1.0 -1.0 1.0 168
0.0 1.9758719105046327 0.0 2.0 195
0.9409991926309177 1.0 1.0 1.0 198
0.0 1.985721016156897 0.0 2.0 204
0.0 1.7404228895397789 0.0 2.0 208
0.0 1.2334445627878408 0.0 2.0 223
1.0 1.9686575776027877 1.0 2.0 224
-0.04809310933572922 1.0 -1.0 1.0 226
-0.31729643555903897 1.0 -1.0 1.0 227
0.0 0.11408998855970737 0.0 0.0 229
1.0 1.3906943920182935 1.0 2.0 230
-0.2750234610217249 1.0 -1.0 1.0 231
1.7098443172508764 1.0 2.0 1.0 232
-0.6566874132010616 1.0 -1.0 1.0 233
-0.5493127008441864 1.0 -1.0 1.0 235
0.8562911101916285 1.0 1.0 1.0 236
0.07029287317965394 1.0 0.0 1.0 237
0.4971459349628216 1.0 1.0 1.0 238
0.2887222755714642 1.0 1.0 1.0 239
1.0 1.3332038138638258 1.0 2.0 240
1.0 0.4775203488283357 1.0 0.0 241
0.6848241309917877 1.0 1.0 1.0 242
-0.12427778580574039 1.0 -1.0 1.0 243
0.43265747419087996 1.0 0.0 1.0 244
0.05182408101145171 1.0 1.0 1.0 245
1.0 1.09896295722368 1.0 2.0 246
-0.5851245677799141 1.0 -1.0 1.0 247
0.0 0.4688936884494805 0.0 0.0 248
0.5245503526935485 1.0 0.0 1.0 249
0.8757216761999085 1.0 0.0 1.0 250
1.0 0.3621220893314385 1.0 0.0 251
0.04371990495106588 1.0 1.0 1.0 252
-0.2920938298328208 1.0 -1.0 1.0 253
-0.6261420985992823 1.0 -1.0 1.0 254
0.6804842229226239 1.0 0.0 1.0 255
*** t = 96
0.0 0.6334123861413642 0.0 0.0 256
0.2610132076311733 1.0 1.0 1.0 257
0.6410419100048301 1.0 0.0 1.0 258
1.0548137731540381 1.0 1.0 1.0 259
-0.48683569970256396 1.0 -1.0 1.0 260
-0.13778164704100432 1.0 -1.0 1.0 261
0.977882252701992 1.0 0.0 1.0 262
0.17891728406411755 1.0 1.0 1.0 263
0.0 0.947445155878474 0.0 1.0 264
0.0 1.1419431977815164 0.0 1.0 265
-0.3968925379750464 1.0 0.0 1.0 266
1.0 0.9119743906873382 1.0 1.0 267
1.0 1.2104441299116706 1.0 1.0 268
1.155978627726907 1.0 1.0 1.0 269
0.0 1.129931067308279 0.0 1.0 270
0.0 0.44370417077885693 0.0 1.0 271
0.0 1.4425196697688065 0.0 1.0 272
1.0 1.709889304783701 1.0 1.0 273
0.0 1.677947036354223 0.0 1.0 274
-0.5316857030175327 1.0 0.0 1.0 275
1.0 0.27940649295495734 1.0 1.0 276
1.663128668456336 1.0 1.0 1.0 277
0.0 0.037090567650605644 0.0 1.0 278
0.0 1.7326036712056077 0.0 1.0 279
1.0 1.699407943592381 1.0 1.0 280
0.0 1.8762208646023768 0.0 1.0 281
0.0 0.0 0.0 1.0 282
0.0 2.0 0.0 1.0 283
-1.0 1.0 0.0 1.0 284
1.0 0.0 1.0 1.0 285
1.0 2.0 1.0 1.0 286
2.0 1.0 1.0 1.0 287
-0.7608487569666285 1.0 -1.0 1.0 168
1.010320592367736 1.0 2.0 1.0 198
0.0 1.85003980512137 0.0 2.0 208
0.0 1.3451167909272328 0.0 2.0 223
-0.1558874835112939 1.0 -1.0 1.0 226
-0.39047957086787455 1.0 -1.0 1.0 227
0.0 0.003154105533807766 0.0 0.0 229
1.0 1.5313234739017225 1.0 2.0 230
-0.4088483704935911 1.0 -1.0 1.0 231
1.810423394736222 1.0 2.0 1.0 232
-0.8129631433893594 1.0 -1.0 1.0 233
-0.6526002142337988 1.0 -1.0 1.0 235
0.9800438508710705 1.0 1.0 1.0 236
-0.058354268608369175 1.0 -1.0 1.0 237
0.6040849303173089 1.0 1.0 1.0 238
0.3807738666837116 1.0 1.0 1.0 239
1.0 1.4284326577112418 1.0 2.0 240
1.0 0.368771802316074 1.0 0.0 241
0.8144259872219253 1.0 1.0 1.0 242
-0.21076069240618203 1.0 -1.0 1.0 243
0.31209266451325535 1.0 0.0 1.0 244
0.13947608776240608 1.0 1.0 1.0 245
1.0 1.289777771516742 1.0 2.0 246
-0.7292268012144517 1.0 -1.0 1.0 247
0.0 0.3297022055812514 0.0 0.0 248
0.39041856657478025 1.0 0.0 1.0 249
0.7735145558544456 1.0 0.0 1.0 250
1.0 0.21322409745247842 1.0 0.0 251
0.14809189544617243 1.0 1.0 1.0 252
-0.43565981092535644 1.0 -1.0 1.0 253
-0.8068245539992025 1.0 -1.0 1.0 254
0.5338713588029154 1.0 0.0 1.0 255
*** t = 97
0.0 0.48156931793484903 0.0 0.0 256
0.40112578625685924 1.0 1.0 1.0 257
0.49004656667203345 1.0 0.0 1.0 258
1.0 1.0502069187177354 1.0 2.0 259
-0.6726901621653845 1.0 -1.0 1.0 260
-0.2800043529211299 1.0 -1.0 1.0 261
0.8501175342897411 1.0 0.0 1.0 262
0.34733403893042014 1.0 1.0 1.0 263
0.0 1.1053526818582196 0.0 2.0 264
-0.0010662692548975006 1.0 -1.0 1.0 265
-0.2963746276375541 1.0 0.0 1.0 266
0.9360298775314387 1.0 0.0 1.0 267
1.0 1.078851484896949 1.0 1.0 268
1.015308399014725 1.0 1.0 1.0 269
0.0 0.9559172807699348 0.0 0.0 270
0.0 0.5546302134735712 0.0 1.0 271
0.0 1.3031495872110082 0.0 1.0 272
1.0 1.6373616309796262 1.0 1.0 273
0.0 1.5705960484722974 0.0 1.0 274
-0.3755809373567103 1.0 0.0 1.0 275
1.0 0.37254199060660975 1.0 1.0 276
1.550838224608448 1.0 1.0 1.0 277
0.0 0.055635851475908465 0.0 1.0 278
0.0 1.5989055068084115 0.0 1.0 279
1.0 1.5491119153885715 1.0 1.0 280
0.0 1.7524417292047536 0.0 1.0 281
0.0 0.0988578151851416 0.0 1.0 282
0.0 1.8500578789324489 0.0 1.0 283
-0.8739650476248315 1.0 0.0 1.0 284
1.0 0.10717634244644125 1.0 1.0 285
1.0 1.868149386445683 1.0 1.0 286
1.8517125985947767 1.0 1.0 1.0 287
0.0 2.0 0.0 1.0 288
-0.8316397507350035 1.0 -1.0 1.0 168
1.0796419921045546 1.0 2.0 1.0 198
0.0 1.9596567207029612 0.0 2.0 208
0.0 1.4567890190666248 0.0 2.0 223
-0.2636818576868586 1.0 -1.0 1.0 226
-0.4636627061767101 1.0 -1.0 1.0 227
1.0 1.6719525557851516 1.0 2.0 230
-0.5426732799654572 1.0 -1.0 1.0 231
1.9110024722215677 1.0 2.0 1.0 232
-0.9692388735776571 1.0 -1.0 1.0 233
-0.7558877276234112 1.0 -1.0 1.0 235
1.0 0.8962034084494875 1.0 0.0 236
-0.1870014103963923 1.0 -1.0 1.0 237
0.7110239256717962 1.0 1.0 1.0 238
0.472825457795959 1.0 1.0 1.0 239
1.0 1.5236615015586579 1.0 2.0 240
1.0 0.26002325580381225 1.0 0.0 241
0.9440278434520628 1.0 1.0 1.0 242
-0.29724359900662367 1.0 -1.0 1.0 243
0.19152785483563076 1.0 0.0 1.0 244
0.22712809451336047 1.0 1.0 1.0 245
1.0 1.480592585809804 1.0 2.0 246
-0.8733290346489894 1.0 -1.0 1.0 247
0.0 0.19051072271302233 0.0 0.0 248
0.25628678045601194 1.0 0.0 1.0 249
0.6713074355089828 1.0 0.0 1.0 250
1.0 0.06432610557351831 1.0 0.0 251
0.252463885941279 1.0 1.0 1.0 252
-0.579225792017892 1.0 -1.0 1.0 253
-0.9875070093991227 1.0 -1.0 1.0 254
0.38725849468320683 1.0 0.0 1.0 255
*** t = 98
0.0 0.32972624972833386 0.0 0.0 256
0.5412383648825452 1.0 1.0 1.0 257
0.33905122333923676 1.0 0.0 1.0 258
1.0 1.155227610589509 1.0 2.0 259
-0.8585446246282049 1.0 -1.0 1.0 260
-0.4222270588012555 1.0 -1.0 1.0 261
0.7223528158774902 1.0 0.0 1.0 262
0.5157507937967227 1.0 1.0 1.0 263
0.0 1.2632602078379653 0.0 2.0 264
-0.14407573629131143 1.0 -1.0 1.0 265
-0.19585671730006182 1.0 0.0 1.0 266
0.7840341457502157 1.0 0.0 1.0 267
1.0527411601177725 1.0 2.0 1.0 268
0.8746381703025427 1.0 0.0 1.0 269
0.0 0.7819034942315906 0.0 0.0 270
0.0 0.6655562561682855 0.0 1.0 271
0.0 1.1637795046532098 0.0 1.0 272
1.0 1.5648339571755514 1.0 1.0 273
0.0 1.4632450605903717 0.0 1.0 274
-0.21947617169588787 1.0 0.0 1.0 275
1.0 0.46567748825826216 1.0 1.0 276
1.43854778076056 1.0 1.0 1.0 277
0.0 0.07418113530121129 0.0 1.0 278
0.0 1.4652073424112153 0.0 1.0 279
1.0 1.398815887184762 1.0 1.0 280
0.0 1.6286625938071304 0.0 1.0 281
0.0 0.1977156303702832 0.0 1.0 282
0.0 1.7001157578648978 0.0 1.0 283
-0.747930095249663 1.0 0.0 1.0 284
1.0 0.2143526848928825 1.0 1.0 285
1.0 1.7362987728913661 1.0 1.0 286
1.7034251971895533 1.0 1.0 1.0 287
0.0 1.8332262152505538 0.0 1.0 288
0.0 0.0 0.0 1.0 289
0.0 2.0 0.0 1.0 290
1.0 2.0 1.0 1.0 291
-0.9024307445033786 1.0 -1.0 1.0 168
1.148963391841373 1.0 2.0 1.0 198
0.0 1.5684612472060169 0.0 2.0 223
-0.3714762318624233 1.0 -1.0 1.0 226
-0.5368458414855457 1.0 -1.0 1.0 227
1.0 1.8125816376685806 1.0 2.0 230
-0.6764981894373234 1.0 -1.0 1.0 231
-0.8591752410130236 1.0 -1.0 1.0 235
1.0 0.7724506677700456 1.0 0.0 236
-0.3156485521844154 1.0 -1.0 1.0 237
0.8179629210262834 1.0 1.0 1.0 238
0.5648770489082064 1.0 1.0 1.0 239
1.0 1.618890345406074 1.0 2.0 240
1.0 0.1512747092915505 1.0 0.0 241
1.0736296996822003 1.0 2.0 1.0 242
-0.38372650560706534 1.0 -1.0 1.0 243
0.07096304515800617 1.0 0.0 1.0 244
0.3147801012643148 1.0 1.0 1.0 245
1.0 1.6714074001028658 1.0 2.0 246
0.0 0.05131923984479325 0.0 0.0 248
0.12215499433724361 1.0 0.0 1.0 249
0.5691003151635199 1.0 0.0 1.0 250
0.35683587643638554 1.0 1.0 1.0 252
-0.7227917731104276 1.0 -1.0 1.0 253
0.2406456305634983 1.0 0.0 1.0 255
*** t = 99
0.0 0.1778831815218187 0.0 0.0 256
0.6813509435082311 1.0 1.0 1.0 257
0.18805588000644008 1.0 0.0 1.0 258
1.0 1.2602483024612825 1.0 2.0 259
-0.5644497646813811 1.0 -1.0 1.0 261
0.5945880974652393 1.0 0.0 1.0 262
0.6841675486630253 1.0 1.0 1.0 263
0.0 1.421167733817711 0.0 2.0 264
-0.28708520332772536 1.0 -1.0 1.0 265
-0.09533880696256954 1.0 0.0 1.0 266
0.6320384139689926 1.0 0.0 1.0 267
1.184333805132494 1.0 2.0 1.0 268
0.7339679415903604 1.0 0.0 1.0 269
0.0 0.6078897076932464 0.0 0.0 270
0.0 0.7764822988629998 0.0 1.0 271
0.0 1.0244094220954114 0.0 1.0 272
1.0 1.4923062833714766 1.0 1.0 273
0.0 1.355894072708446 0.0 1.0 274
-0.06337140603506547 1.0 0.0 1.0 275
1.0 0.5588129859099146 1.0 1.0 276
1.326257336912672 1.0 1.0 1.0 277
0.0 0.09272641912651411 0.0 1.0 278
0.0 1.3315091780140191 0.0 1.0 279
1.0 1.2485198589809525 1.0 1.0 280
0.0 1.5048834584095072 0.0 1.0 281
0.0 0.2965734455554248 0.0 1.0 282
0.0 1.5501736367973467 0.0 1.0 283
-0.6218951428744945 1.0 0.0 1.0 284
1.0 0.32152902733932376 1.0 1.0 285
1.0 1.6044481593370492 1.0 1.0 286
1.55513779578433 1.0 1.0 1.0 287
0.0 1.6664524305011077 0.0 1.0 288
0.0 0.15026069233272757 0.0 1.0 289
0.0 1.9016703787861045 0.0 1.0 290
1.0 1.8597434104424122 1.0 1.0 291
0.0 2.0 0.0 1.0 292
-1.0 1.0 0.0 1.0 293
1.0 0.0 1.0 1.0 294
2.0 1.0 1.0 1.0 295
-0.9732217382717536 1.0 -1.0 1.0 168
1.2182847915781916 1.0 2.0 1.0 198
0.0 1.680133475345409 0.0 2.0 223
-0.479270606037988 1.0 -1.0 1.0 226
-0.6100289767943813 1.0 -1.0 1.0 227
1.0 1.9532107195520096 1.0 2.0 230
-0.8103230989091896 1.0 -1.0 1.0 231
-0.962462754402636 1.0 -1.0 1.0 235
1.0 0.6486979270906036 1.0 0.0 236
-0.4442956939724385 1.0 -1.0 1.0 237
0.9249019163807707 1.0 1.0 1.0 238
0.6569286400204539 1.0 1.0 1.0 239
1.0 1.71411918925349 1.0 2.0 240
1.0 0.04252616277928879 1.0 0.0 241
1.2032315559123379 1.0 2.0 1.0 242
-0.470209412207507 1.0 -1.0 1.0 243
0.0 0.9503982354803816 0.0 0.0 244
0.4024321080152692 1.0 1.0 1.0 245
1.0 1.8622222143959277 1.0 2.0 246
-0.01197679178152472 1.0 -1.0 1.0 249
0.466893194818057 1.0 0.0 1.0 250
0.46120786693149207 1.0 1.0 1.0 252
-0.8663577542029632 1.0 -1.0 1.0 253
0.09403276644378977 1.0 0.0 1.0 255
*** t = 100
0.0 0.026040113315303537 0.0 0.0 256
0.821463522133917 1.0 1.0 1.0 257
0.037060536673643396 1.0 0.0 1.0 258
1.0 1.365268994333056 1.0 2.0 259
-0.7066724705615066 1.0 -1.0 1.0 261
0.46682337905298843 1.0 0.0 1.0 262
0.8525843035293279 1.0 1.0 1.0 263
0.0 1.5790752597974569 0.0 2.0 264
-0.4300946703641393 1.0 -1.0 1.0 265
0.0 0.9948208966250772 0.0 0.0 266
0.4800426821877696 1.0 0.0 1.0 267
1.3159264501472157 1.0 2.0 1.0 268
0.5932977128781781 1.0 0.0 1.0 269
0.0 0.43387592115490214 0.0 0.0 270
0.0 0.8874083415577141 0.0 1.0 271
0.11496066046238707 1.0 1.0 1.0 272
1.0 1.4197786095674019 1.0 1.0 273
0.0 1.2485430848265204 0.0 1.0 274
0.09273335962575693 1.0 1.0 1.0 275
1.0 0.651948483561567 1.0 1.0 276
1.213966893064784 1.0 1.0 1.0 277
0.0 0.11127170295181693 0.0 1.0 278
0.0 1.197811013616823 0.0 1.0 279
1.0 1.098223830777143 1.0 1.0 280
0.0 1.381104323011884 0.0 1.0 281
0.0 0.3954312607405664 0.0 1.0 282
0.0 1.4002315157297955 0.0 1.0 283
-0.49586019049932606 1.0 0.0 1.0 284
1.0 0.428705369785765 1.0 1.0 285
1.0 1.4725975457827323 1.0 1.0 286
1.4068503943791066 1.0 1.0 1.0 287
0.0 1.4996786457516615 0.0 1.0 288
0.0 0.30052138466545514 0.0 1.0 289
0.0 1.803340757572209 0.0 1.0 290
1.0 1.7194868208848244 1.0 1.0 291
0.0 1.9275660048446441 0.0 1.0 292
-0.8895446387126282 1.0 0.0 1.0 293
1.0 0.11933882047132592 1.0 1.0 294
1.861777389952514 1.0 1.0 1.0 295
0.0 0.0 0.0 1.0 296
0.0 2.0 0.0 1.0 297
1.0 2.0 1.0 1.0 298
1.28760619131501 1.0 2.0 1.0 198
0.0 1.791805703484801 0.0 2.0 223
-0.5870649802135527 1.0 -1.0 1.0 226
-0.6832121121032169 1.0 -1.0 1.0 227
-0.9441480083810558 1.0 -1.0 1.0 231
1.0 0.5249451864111616 1.0 0.0 236
-0.5729428357604616 1.0 -1.0 1.0 237
1.031840911735258 1.0 2.0 1.0 238
0.7489802311327014 1.0 1.0 1.0 239
1.0 1.809348033100906 1.0 2.0 240
1.3328334121424754 1.0 2.0 1.0 242
-0.5566923188079487 1.0 -1.0 1.0 243
0.0 0.829833425802757 0.0 0.0 244
0.49008411476622354 1.0 1.0 1.0 245
-0.14610857790029305 1.0 -1.0 1.0 249
0.36468607447259416 1.0 0.0 1.0 250
0.5655798574265987 1.0 1.0 1.0 252
0.0 1.0525800976759188 0.0 2.0 255
