*** t = 0
*** t = 1
0.0 2.0 0.0 1.0 0
*** t = 2
0.0 1.8494380560182018 0.0 1.0 0
0.0 0.0 0.0 1.0 1
0.0 2.0 0.0 1.0 2
1.0 2.0 1.0 1.0 3
*** t = 3
0.0 1.6988761120364035 0.0 1.0 0
0.0 0.1776192491828994 0.0 1.0 1
0.0 1.85148152011396 0.0 1.0 2
1.0 1.9029625638369827 1.0 1.0 3
0.0 2.0 0.0 1.0 4
-1.0 1.0 0.0 1.0 5
1.0 0.0 1.0 1.0 6
2.0 1.0 1.0 1.0 7
*** t = 4
0.0 1.5483141680546053 0.0 1.0 0
0.0 0.3552384983657988 0.0 1.0 1
0.0 1.70296304022792 0.0 1.0 2
1.0 1.8059251276739654 1.0 1.0 3
0.0 1.8796342397185166 0.0 1.0 4
-0.8672892378536485 1.0 0.0 1.0 5
1.0 0.13941624711144762 1.0 1.0 6
1.8759855549406552 1.0 1.0 1.0 7
0.0 0.0 0.0 1.0 8
0.0 2.0 0.0 1.0 9
1.0 2.0 1.0 1.0 10
*** t = 5
0.0 1.397752224072807 0.0 1.0 0
0.0 0.5328577475486982 0.0 1.0 1
0.0 1.5544445603418802 0.0 1.0 2
1.0 1.708887691510948 1.0 1.0 3
0.0 1.7592684794370332 0.0 1.0 4
-0.7345784757072971 1.0 0.0 1.0 5
1.0 0.27883249422289524 1.0 1.0 6
1.7519711098813104 1.0 1.0 1.0 7
0.0 0.1123067102781184 0.0 1.0 8
0.0 1.8785581056880067 0.0 1.0 9
1.0 1.8682438694880514 1.0 1.0 10
0.0 2.0 0.0 1.0 11
*** t = 6
0.0 1.2471902800910089 0.0 1.0 0
0.0 0.7104769967315976 0.0 1.0 1
0.0 1.4059260804558402 0.0 1.0 2
1.0 1.6118502553479308 1.0 1.0 3
0.0 1.6389027191555499 0.0 1.0 4
-0.6018677135609456 1.0 0.0 1.0 5
1.0 0.41824874133434287 1.0 1.0 6
1.6279566648219657 1.0 1.0 1.0 7
0.0 0.2246134205562368 0.0 1.0 8
0.0 1.7571162113760135 0.0 1.0 9
1.0 1.7364877389761029 1.0 1.0 10
0.0 1.8744359132216273 0.0 1.0 11
0.0 0.0 0.0 1.0 12
0.0 2.0 0.0 1.0 13
-1.0 1.0 0.0 1.0 14
1.0 0.0 1.0 1.0 15
1.0 2.0 1.0 1.0 16
2.0 1.0 1.0 1.0 17
*** t = 7
0.0 1.0966283361092106 0.0 1.0 0
0.0 0.888096245914497 0.0 1.0 1
0.0 1.2574076005698003 0.0 1.0 2
1.0 1.5148128191849135 1.0 1.0 3
0.0 1.5185369588740665 0.0 1.0 4
-0.4691569514145942 1.0 0.0 1.0 5
1.0 0.5576649884457905 1.0 1.0 6
1.5039422197626209 1.0 1.0 1.0 7
0.0 0.3369201308343552 0.0 1.0 8
0.0 1.6356743170640202 0.0 1.0 9
1.0 1.6047316084641543 1.0 1.0 10
0.0 1.7488718264432546 0.0 1.0 11
0.0 0.15515816944137029 0.0 1.0 12
0.0 1.8317261821632282 0.0 1.0 13
-0.8768812056830594 1.0 0.0 1.0 14
1.0 0.14344976927519515 1.0 1.0 15
1.0 1.8617984759537034 1.0 1.0 16
1.8542812246072582 1.0 1.0 1.0 17
0.0 2.0 0.0 1.0 18
*** t = 8
-0.053933607872587525 1.0 -1.0 1.0 0
-0.06571549509739638 1.0 -1.0 1.0 1
0.0 1.1088891206837603 0.0 1.0 2
1.0 1.4177753830218962 1.0 1.0 3
0.0 1.398171198592583 0.0 1.0 4
-0.33644618926824277 1.0 0.0 1.0 5
1.0 0.6970812355572381 1.0 1.0 6
1.379927774703276 1.0 1.0 1.0 7
0.0 0.4492268411124736 0.0 1.0 8
0.0 1.514232422752027 0.0 1.0 9
1.0 1.4729754779522057 1.0 1.0 10
0.0 1.6233077396648818 0.0 1.0 11
0.0 0.31031633888274057 0.0 1.0 12
0.0 1.6634523643264565 0.0 1.0 13
-0.7537624113661188 1.0 0.0 1.0 14
1.0 0.2868995385503903 1.0 1.0 15
1.0 1.7235969519074068 1.0 1.0 16
1.7085624492145164 1.0 1.0 1.0 17
0.0 1.858082005062433 0.0 1.0 18
0.0 0.0 0.0 1.0 19
0.0 2.0 0.0 1.0 20
1.0 2.0 1.0 1.0 21
*** t = 9
-0.20449555185438567 1.0 -1.0 1.0 0
-0.24333474428029578 1.0 -1.0 1.0 1
0.0 0.9603706407977203 0.0 0.0 2
1.0 1.320737946858879 1.0 1.0 3
0.0 1.2778054383110997 0.0 1.0 4
-0.20373542712189135 1.0 0.0 1.0 5
1.0 0.8364974826686857 1.0 1.0 6
1.2559133296439313 1.0 1.0 1.0 7
0.0 0.5615335513905919 0.0 1.0 8
0.0 1.3927905284400337 0.0 1.0 9
1.0 1.3412193474402572 1.0 1.0 10
0.0 1.4977436528865091 0.0 1.0 11
0.0 0.46547450832411086 0.0 1.0 12
0.0 1.4951785464896847 0.0 1.0 13
-0.6306436170491782 1.0 0.0 1.0 14
1.0 0.43034930782558545 1.0 1.0 15
1.0 1.5853954278611102 1.0 1.0 16
1.5628436738217746 1.0 1.0 1.0 17
0.0 1.7161640101248659 0.0 1.0 18
0.0 0.14572241532990857 0.0 1.0 19
0.0 1.9081841373004482 0.0 1.0 20
1.0 1.8654792637357231 1.0 1.0 21
0.0 2.0 0.0 1.0 22
-1.0 1.0 0.0 1.0 23
1.0 0.0 1.0 1.0 24
2.0 1.0 1.0 1.0 25
*** t = 10
-0.35505749583618385 1.0 -1.0 1.0 0
-0.4209539934631952 1.0 -1.0 1.0 1
0.0 0.8118521609116802 0.0 0.0 2
1.0 1.2237005106958616 1.0 1.0 3
0.0 1.1574396780296163 0.0 1.0 4
-0.07102466497553994 1.0 0.0 1.0 5
1.0 0.9759137297801334 1.0 1.0 6
1.1318988845845865 1.0 1.0 1.0 7
0.0 0.6738402616687102 0.0 1.0 8
0.0 1.2713486341280404 0.0 1.0 9
1.0 1.2094632169283086 1.0 1.0 10
0.0 1.3721795661081364 0.0 1.0 11
0.0 0.6206326777654811 0.0 1.0 12
0.0 1.326904728652913 0.0 1.0 13
-0.5075248227322375 1.0 0.0 1.0 14
1.0 0.5737990771007806 1.0 1.0 15
1.0 1.4471939038148136 1.0 1.0 16
1.4171248984290328 1.0 1.0 1.0 17
0.0 1.5742460151872988 0.0 1.0 18
0.0 0.29144483065981713 0.0 1.0 19
0.0 1.8163682746008964 0.0 1.0 20
1.0 1.7309585274714463 1.0 1.0 21
0.0 1.8734810981507661 0.0 1.0 22
-0.8816651517610554 1.0 0.0 1.0 23
1.0 0.14803453985459794 1.0 1.0 24
1.9125307205332946 1.0 1.0 1.0 25
0.0 0.0 0.0 1.0 26
0.0 2.0 0.0 1.0 27
1.0 2.0 1.0 1.0 28
*** t = 11
-0.505619439817982 1.0 -1.0 1.0 0
-0.5985732426460946 1.0 -1.0 1.0 1
0.0 0.6633336810256402 0.0 0.0 2
1.0 1.1266630745328443 1.0 1.0 3
0.0 1.037073917748133 0.0 1.0 4
0.0 1.0616860971708115 0.0 2.0 5
1.0 1.115329976891581 1.0 2.0 6
1.0078844395252418 1.0 1.0 1.0 7
0.0 0.7861469719468286 0.0 1.0 8
0.0 1.1499067398160472 0.0 1.0 9
1.0 1.07770708641636 1.0 1.0 10
0.0 1.2466154793297637 0.0 1.0 11
0.0 0.7757908472068514 0.0 1.0 12
0.0 1.1586309108161412 0.0 1.0 13
-0.3844060284152969 1.0 0.0 1.0 14
1.0 0.7172488463759757 1.0 1.0 15
1.0 1.308992379768517 1.0 1.0 16
1.271406123036291 1.0 1.0 1.0 17
0.0 1.4323280202497317 0.0 1.0 18
0.0 0.4371672459897257 0.0 1.0 19
0.0 1.7245524119013447 0.0 1.0 20
1.0 1.5964377912071694 1.0 1.0 21
0.0 1.7469621963015323 0.0 1.0 22
-0.7633303035221108 1.0 0.0 1.0 23
1.0 0.2960690797091959 1.0 1.0 24
1.8250614410665893 1.0 1.0 1.0 25
0.0 0.10144839511670774 0.0 1.0 26
0.0 1.9075189001144843 0.0 1.0 27
1.0 1.8427434283779138 1.0 1.0 28
0.0 2.0 0.0 1.0 29
*** t = 12
-0.6561813837997801 1.0 -1.0 1.0 0
-0.776192491828994 1.0 -1.0 1.0 1
0.0 0.5148152011396001 0.0 0.0 2
1.0 1.029625638369827 1.0 1.0 3
0.0 0.9167081574666496 0.0 0.0 4
0.0 1.194396859317163 0.0 2.0 5
1.0 1.2547462240030285 1.0 2.0 6
0.9178836855876046 1.0821163144123955 0.5 1.5 7
0.0 0.8984536822249469 0.0 1.0 8
0.0 1.028464845504054 0.0 1.0 9
1.0 0.9459509559044115 1.0 0.0 10
0.0 1.121051392551391 0.0 1.0 11
0.0 0.9309490166482217 0.0 1.0 12
0.0 0.9903570929793696 0.0 0.0 13
-0.2612872340983563 1.0 0.0 1.0 14
1.0 0.8606986156511709 1.0 1.0 15
1.0 1.1707908557222204 1.0 1.0 16
1.1256873476435492 1.0 1.0 1.0 17
0.0 1.2904100253121646 0.0 1.0 18
0.0 0.5828896613196343 0.0 1.0 19
0.0 1.632736549201793 0.0 1.0 20
1.0 1.4619170549428926 1.0 1.0 21
0.0 1.6204432944522984 0.0 1.0 22
-0.6449954552831663 1.0 0.0 1.0 23
1.0 0.44410361956379385 1.0 1.0 24
1.737592161599884 1.0 1.0 1.0 25
0.0 0.20289679023341547 0.0 1.0 26
0.0 1.8150378002289687 0.0 1.0 27
1.0 1.6854868567558277 1.0 1.0 28
0.0 1.914601171653833 0.0 1.0 29
0.0 0.0 0.0 1.0 30
0.0 2.0 0.0 1.0 31
-1.0 1.0 0.0 1.0 32
1.0 0.0 1.0 1.0 33
1.0 2.0 1.0 1.0 34
2.0 1.0 1.0 1.0 35
*** t = 13
-0.8067433277815782 1.0 -1.0 1.0 0
-0.9538117410118934 1.0 -1.0 1.0 1
0.0 0.36629672125356005 0.0 0.0 2
0.9325882022068098 1.0 0.0 1.0 3
0.0 0.7963423971851662 0.0 0.0 4
0.0 1.3271076214635145 0.0 2.0 5
1.0 1.394162471114476 1.0 2.0 6
0.8301922305210554 1.1698077694789446 0.5 1.5 7
-0.01076039250306532 1.0 -1.0 1.0 8
0.0657447017068065 1.0657447017068065 0.5 1.5 9
1.0 0.8141948253924629 1.0 0.0 10
0.004512694226981778 1.0 1.0 1.0 11
0.0 1.086107186089592 0.0 2.0 12
0.0 0.8220832751425979 0.0 0.0 13
-0.1381684397814157 1.0 0.0 1.0 14
1.0041483849263662 1.0 2.0 1.0 15
1.0 1.0325893316759238 1.0 1.0 16
1.0 1.0200314277491926 1.0 2.0 17
0.0 1.1484920303745976 0.0 1.0 18
0.0 0.7286120766495429 0.0 1.0 19
0.0 1.5409206865022411 0.0 1.0 20
1.0 1.3273963186786157 1.0 1.0 21
0.0 1.4939243926030645 0.0 1.0 22
-0.5266606070442217 1.0 0.0 1.0 23
1.0 0.5921381594183918 1.0 1.0 24
1.6501228821331786 1.0 1.0 1.0 25
0.0 0.3043451853501232 0.0 1.0 26
0.0 1.722556700343453 0.0 1.0 27
1.0 1.5282302851337415 1.0 1.0 28
0.0 1.8292023433076658 0.0 1.0 29
0.0 0.12488556482775763 0.0 1.0 30
0.0 1.8539736778092768 0.0 1.0 31
-0.8652121273328898 1.0 0.0 1.0 32
1.0 0.13032639055384942 1.0 1.0 33
1.0 1.848758912317091 1.0 1.0 34
1.8928254825261048 1.0 1.0 1.0 35
0.0 2.0 0.0 1.0 36
*** t = 14
-0.9573052717633763 1.0 -1.0 1.0 0
0.0 0.21777824136752003 0.0 0.0 2
0.8355507660437926 1.0 0.0 1.0 3
0.0 0.6759766369036828 0.0 0.0 4
0.0 1.459818383609866 0.0 2.0 5
1.0 1.5335787182259235 1.0 2.0 6
0.7425007754545062 1.2574992245454937 0.5 1.5 7
-0.12306710278118371 1.0 -1.0 1.0 8
0.15161708869495694 1.1516170886949568 0.5 1.5 9
1.0 0.6824386948805143 1.0 0.0 10
0.13007678100535452 1.0 1.0 1.0 11
0.0 1.2412653555309623 0.0 2.0 12
0.0 0.6538094573058263 0.0 0.0 13
-0.01504964546447507 1.0 0.0 1.0 14
1.1475981542015612 1.0 2.0 1.0 15
1.1056121923703728 1.0 2.0 1.0 16
1.0 1.1657502031419344 1.0 2.0 17
0.0 1.0065740354370305 0.0 1.0 18
0.0 0.8743344919794515 0.0 1.0 19
0.0 1.4491048238026893 0.0 1.0 20
1.0 1.1928755824143389 1.0 1.0 21
0.0 1.3674054907538307 0.0 1.0 22
-0.4083257588052771 1.0 0.0 1.0 23
1.0 0.7401726992729897 1.0 1.0 24
1.5626536026664732 1.0 1.0 1.0 25
0.0 0.40579358046683095 0.0 1.0 26
0.0 1.6300756004579373 0.0 1.0 27
1.0 1.3709737135116553 1.0 1.0 28
0.0 1.7438035149614988 0.0 1.0 29
0.0 0.24977112965551526 0.0 1.0 30
0.0 1.7079473556185536 0.0 1.0 31
-0.7304242546657795 1.0 0.0 1.0 32
1.0 0.26065278110769885 1.0 1.0 33
1.0 1.6975178246341822 1.0 1.0 34
1.7856509650522097 1.0 1.0 1.0 35
0.0 1.8646507780978996 0.0 1.0 36
0.0 0.0 0.0 1.0 37
0.0 2.0 0.0 1.0 38
1.0 2.0 1.0 1.0 39
*** t = 15
0.0 0.06925976148148 0.0 0.0 2
0.7385133298807754 1.0 0.0 1.0 3
0.0 0.5556108766221994 0.0 0.0 4
0.0 1.5925291457562174 0.0 2.0 5
1.0 1.672994965337371 1.0 2.0 6
0.654809320387957 1.3451906796120428 0.5 1.5 7
-0.2353738130593021 1.0 -1.0 1.0 8
0.23748947568310738 1.2374894756831072 0.5 1.5 9
1.0 0.5506825643685658 1.0 0.0 10
0.2556408677837273 1.0 1.0 1.0 11
0.0 1.3964235249723327 0.0 2.0 12
0.0 0.48553563946905465 0.0 0.0 13
0.0 1.1080691488524654 0.0 2.0 14
1.2910479234767562 1.0 2.0 1.0 15
1.2438137164166694 1.0 2.0 1.0 16
1.0 1.3114689785346763 1.0 2.0 17
-0.13534395950053657 1.0 -1.0 1.0 18
0.0 1.02005690730936 0.0 2.0 19
0.0 1.3572889611031376 0.0 1.0 20
1.0 1.058354846150062 1.0 1.0 21
0.0 1.2408865889045968 0.0 1.0 22
-0.2899909105663325 1.0 0.0 1.0 23
1.0 0.8882072391275876 1.0 1.0 24
1.4751843231997679 1.0 1.0 1.0 25
0.0 0.5072419755835387 0.0 1.0 26
0.0 1.5375945005724216 0.0 1.0 27
1.0 1.2137171418895691 1.0 1.0 28
0.0 1.6584046866153317 0.0 1.0 29
0.0 0.3746566944832729 0.0 1.0 30
0.0 1.5619210334278304 0.0 1.0 31
-0.5956363819986693 1.0 0.0 1.0 32
1.0 0.3909791716615483 1.0 1.0 33
1.0 1.5462767369512733 1.0 1.0 34
1.6784764475783145 1.0 1.0 1.0 35
0.0 1.7293015561957992 0.0 1.0 36
0.0 0.1079692851305499 0.0 1.0 37
0.0 1.9271734411861292 0.0 1.0 38
1.0 1.8420378446838135 1.0 1.0 39
0.0 2.0 0.0 1.0 40
-1.0 1.0 0.0 1.0 41
1.0 0.0 1.0 1.0 42
2.0 1.0 1.0 1.0 43
*** t = 16
0.6414758937177583 1.0 0.0 1.0 3
0.0 0.435245116340716 0.0 0.0 4
0.0 1.7252399079025689 0.0 2.0 5
1.0 1.8124112124488185 1.0 2.0 6
0.567117865321408 1.432882134678592 0.5 1.5 7
-0.3476805233374205 1.0 -1.0 1.0 8
0.32336186267125777 1.3233618626712578 0.5 1.5 9
1.0 0.41892643385661715 1.0 0.0 10
0.3812049545621 1.0 1.0 1.0 11
0.0 1.551581694413703 0.0 2.0 12
0.0 0.317261821632283 0.0 0.0 13
0.0 1.231187943169406 0.0 2.0 14
1.4344976927519513 1.0 2.0 1.0 15
1.382015240462966 1.0 2.0 1.0 16
1.0 1.457187753927418 1.0 2.0 17
-0.27726195443810364 1.0 -1.0 1.0 18
0.0 1.1657793226392685 0.0 2.0 19
0.0 1.2654730984035858 0.0 1.0 20
1.0761658901142148 1.0 2.0 1.0 21
0.0 1.114367687055363 0.0 1.0 22
-0.17165606232738798 1.0 0.0 1.0 23
1.0 1.0362417789821856 1.0 2.0 24
1.3877150437330625 1.0 1.0 1.0 25
0.0 0.6086903707002465 0.0 1.0 26
0.0 1.445113400686906 0.0 1.0 27
1.0 1.056460570267483 1.0 1.0 28
0.0 1.5730058582691646 0.0 1.0 29
0.0 0.4995422593110305 0.0 1.0 30
0.0 1.4158947112371072 0.0 1.0 31
-0.4608485093315591 1.0 0.0 1.0 32
1.0 0.5213055622153977 1.0 1.0 33
1.0 1.3950356492683644 1.0 1.0 34
1.5713019301044193 1.0 1.0 1.0 35
0.0 1.5939523342936988 0.0 1.0 36
0.0 0.2159385702610998 0.0 1.0 37
0.0 1.8543468823722584 0.0 1.0 38
1.0 1.684075689367627 1.0 1.0 39
0.0 1.8542801761755099 0.0 1.0 40
-0.8381698596238485 1.0 0.0 1.0 41
1.0 0.11658130691046172 1.0 1.0 42
1.8391421352311519 1.0 1.0 1.0 43
0.0 0.0 0.0 1.0 44
0.0 2.0 0.0 1.0 45
1.0 2.0 1.0 1.0 46
*** t = 17
0.5444384575547411 1.0 0.0 1.0 3
0.0 0.31487935605923256 0.0 0.0 4
0.0 1.8579506700489203 0.0 2.0 5
1.0 1.951827459560266 1.0 2.0 6
0.4794264102548588 1.4794264102548589 0.0 1.0 7
-0.4599872336155389 1.0 -1.0 1.0 8
0.40923424965940824 1.4092342496594081 0.5 1.5 9
1.0 0.28717030334466853 1.0 0.0 10
0.5067690413404727 1.0 1.0 1.0 11
0.0 1.7067398638550735 0.0 2.0 12
0.0 0.14898800379551133 0.0 0.0 13
0.0 1.3543067374863464 0.0 2.0 14
1.5779474620271463 1.0 2.0 1.0 15
1.5202167645092626 1.0 2.0 1.0 16
1.0 1.6029065293201599 1.0 2.0 17
-0.4191799493756707 1.0 -1.0 1.0 18
0.0 1.3115017379691771 0.0 2.0 19
0.0 1.173657235704034 0.0 1.0 20
1.2106866263784917 1.0 2.0 1.0 21
0.008592206380400395 1.0085922063804005 0.5 1.5 22
-0.053321214088443425 1.0 0.0 1.0 23
1.0 1.1842763188367835 1.0 2.0 24
1.3002457642663572 1.0 1.0 1.0 25
0.0 0.7101387658169542 0.0 1.0 26
0.0 1.3526323008013903 0.0 1.0 27
0.8992039986453968 1.0 0.0 1.0 28
0.0 1.4876070299229975 0.0 1.0 29
0.0 0.6244278241387882 0.0 1.0 30
0.0 1.269868389046384 0.0 1.0 31
-0.32606063666444884 1.0 0.0 1.0 32
1.0 0.6516319527692471 1.0 1.0 33
1.0 1.2437945615854555 1.0 1.0 34
1.4641274126305241 1.0 1.0 1.0 35
0.0 1.4586031123915983 0.0 1.0 36
0.0 0.3239078553916497 0.0 1.0 37
0.0 1.7815203235583876 0.0 1.0 38
1.0 1.5261135340514405 1.0 1.0 39
0.0 1.7085603523510198 0.0 1.0 40
-0.676339719247697 1.0 0.0 1.0 41
1.0 0.23316261382092343 1.0 1.0 42
1.6782842704623038 1.0 1.0 1.0 43
0.0 0.11816974657746514 0.0 1.0 44
0.0 1.8578386502843998 0.0 1.0 45
1.0 1.884857396928264 1.0 1.0 46
0.0 2.0 0.0 1.0 47
*** t = 18
0.4474010213917239 1.0 0.0 1.0 3
0.0 0.19451359577774913 0.0 0.0 4
0.0 1.9906614321952718 0.0 2.0 5
0.3917349551883097 1.3917349551883098 0.0 1.0 7
-0.5722939438936573 1.0 -1.0 1.0 8
0.4951066366475586 1.4951066366475587 0.5 1.5 9
1.0 0.1554141728327199 1.0 0.0 10
0.6323331281188455 1.0 1.0 1.0 11
0.0 1.8618980332964439 0.0 2.0 12
0.0 1.477425531803287 0.0 2.0 14
1.7213972313023413 1.0 2.0 1.0 15
1.6584182885555592 1.0 2.0 1.0 16
1.0 1.7486253047129017 1.0 2.0 17
-0.5610979443132378 1.0 -1.0 1.0 18
0.0 1.4572241532990857 0.0 2.0 19
0.0 1.0818413730044822 0.0 1.0 20
1.3452073626427685 1.0 2.0 1.0 21
0.09805457982626886 1.0980545798262689 0.5 1.5 22
0.04597158157740065 1.0459715815774007 0.5 1.5 23
1.0 1.3323108586913814 1.0 2.0 24
1.2127764847996518 1.0 1.0 1.0 25
0.0 0.811587160933662 0.0 1.0 26
0.0 1.2601512009158746 0.0 1.0 27
0.7419474270233106 1.0 0.0 1.0 28
0.0 1.4022082015768305 0.0 1.0 29
0.0 0.7493133889665458 0.0 1.0 30
0.0 1.1238420668556608 0.0 1.0 31
-0.19127276399733864 1.0 0.0 1.0 32
1.0 0.7819583433230965 1.0 1.0 33
1.0 1.0925534739025466 1.0 1.0 34
1.356952895156629 1.0 1.0 1.0 35
0.0 1.323253890489498 0.0 1.0 36
0.0 0.4318771405221996 0.0 1.0 37
0.0 1.7086937647445168 0.0 1.0 38
1.0 1.368151378735254 1.0 1.0 39
0.0 1.5628405285265297 0.0 1.0 40
-0.5145095788715455 1.0 0.0 1.0 41
1.0 0.34974392073138516 1.0 1.0 42
1.5174264056934557 1.0 1.0 1.0 43
0.0 0.23633949315493027 0.0 1.0 44
0.0 1.7156773005687995 0.0 1.0 45
1.0 1.769714793856528 1.0 1.0 46
0.0 1.8617395694833336 0.0 1.0 47
0.0 0.0 0.0 1.0 48
0.0 2.0 0.0 1.0 49
-1.0 1.0 0.0 1.0 50
1.0 0.0 1.0 1.0 51
1.0 2.0 1.0 1.0 52
2.0 1.0 1.0 1.0 53
*** t = 19
0.3503635852287067 1.0 0.0 1.0 3
0.0 0.07414783549626569 0.0 0.0 4
0.30404350012176057 1.3040435001217607 0.0 1.0 7
-0.6846006541717757 1.0 -1.0 1.0 8
0.5809790236357091 1.419020976364291 1.0 1.0 9
1.0 0.02365804232077129 1.0 0.0 10
0.7578972148972182 1.0 1.0 1.0 11
0.0 1.6005443261202275 0.0 2.0 14
1.8648470005775364 1.0 2.0 1.0 15
1.7966198126018558 1.0 2.0 1.0 16
1.0 1.8943440801056435 1.0 2.0 17
-0.7030159392508049 1.0 -1.0 1.0 18
0.0 1.6029465686289943 0.0 2.0 19
0.009974489695069602 1.0 1.0 1.0 20
1.4797280989070454 1.0 2.0 1.0 21
0.18751695327213733 1.1875169532721372 0.5 1.5 22
0.12964695521783934 1.1296469552178394 0.5 1.5 23
1.0 1.4803453985459794 1.0 2.0 24
1.1253072053329465 1.0 1.0 1.0 25
0.0 0.9130355560503698 0.0 1.0 26
0.0 1.167670101030359 0.0 1.0 27
0.5846908554012245 1.0 0.0 1.0 28
0.0 1.3168093732306634 0.0 1.0 29
0.0 0.8741989537943033 0.0 1.0 30
0.02218425533506241 1.0 1.0 1.0 31
-0.05648489133022844 1.0 0.0 1.0 32
1.0 0.912284733876946 1.0 1.0 33
0.9413123862196378 1.0 0.0 1.0 34
1.2497783776827338 1.0 1.0 1.0 35
0.0 1.1879046685873975 0.0 1.0 36
0.0 0.5398464256527495 0.0 1.0 37
0.0 1.635867205930646 0.0 1.0 38
1.0 1.2101892234190674 1.0 1.0 39
0.0 1.4171207047020395 0.0 1.0 40
-0.35267943849539396 1.0 0.0 1.0 41
1.0 0.46632522764184686 1.0 1.0 42
1.3565685409246075 1.0 1.0 1.0 43
0.0 0.3545092397323954 0.0 1.0 44
0.0 1.5735159508531993 0.0 1.0 45
1.0 1.6545721907847921 1.0 1.0 46
0.0 1.7234791389666673 0.0 1.0 47
0.0 0.12833068256038443 0.0 1.0 48
0.0 1.8491319603006522 0.0 1.0 49
-0.908497392934281 1.0 0.0 1.0 50
1.0 0.11668787728979402 1.0 1.0 51
1.0 1.8528568317074128 1.0 1.0 52
1.8599188320572022 1.0 1.0 1.0 53
0.0 2.0 0.0 1.0 54
*** t = 20
0.2533261490656895 1.0 0.0 1.0 3
0.21635204505521144 1.2163520450552117 0.0 1.0 7
-0.7969073644498941 1.0 -1.0 1.0 8
0.6668514106238596 1.3331485893761406 1.0 1.0 9
0.8834613016755909 1.0 1.0 1.0 11
0.0 1.723663120437168 0.0 2.0 14
1.9348213366481524 1.0 2.0 1.0 16
-0.8449339341883719 1.0 -1.0 1.0 18
0.0 1.748668983958903 0.0 2.0 19
0.10179035239462145 1.0 1.0 1.0 20
1.6142488351713222 1.0 2.0 1.0 21
0.2769793267180058 1.2769793267180056 0.5 1.5 22
0.213322328858278 1.2133223288582782 0.5 1.5 23
1.0 1.6283799384005773 1.0 2.0 24
1.0378379258662411 1.0 1.0 1.0 25
-0.014483951167077527 1.0 -1.0 1.0 26
0.0 1.0751890011448433 0.0 1.0 27
0.42743428377913834 1.0 0.0 1.0 28
0.0 1.2314105448844963 0.0 1.0 29
0.0 0.9990845186220609 0.0 1.0 30
0.1682105775257856 1.0 1.0 1.0 31
0.055368569090432765 1.0553685690904329 0.5 1.5 32
0.9573888755692046 1.0 0.0 1.0 33
0.7900712985367289 1.0 0.0 1.0 34
1.1426038602088386 1.0 1.0 1.0 35
0.0 1.052555446685297 0.0 1.0 36
0.0 0.6478157107832995 0.0 1.0 37
0.0 1.5630406471167753 0.0 1.0 38
1.0 1.052227068102881 1.0 1.0 39
0.0 1.2714008808775494 0.0 1.0 40
-0.19084929811924248 1.0 0.0 1.0 41
1.0 0.5829065345523086 1.0 1.0 42
1.1957106761557594 1.0 1.0 1.0 43
0.0 0.47267898630986055 0.0 1.0 44
0.0 1.431354601137599 0.0 1.0 45
1.0 1.5394295877130562 1.0 1.0 46
0.0 1.585218708450001 0.0 1.0 47
0.0 0.25666136512076887 0.0 1.0 48
0.0 1.6982639206013044 0.0 1.0 49
-0.816994785868562 1.0 0.0 1.0 50
1.0 0.23337575457958804 1.0 1.0 51
1.0 1.7057136634148256 1.0 1.0 52
1.7198376641144044 1.0 1.0 1.0 53
0.0 1.8895890787225185 0.0 1.0 54
0.0 0.0 0.0 1.0 55
0.0 2.0 0.0 1.0 56
1.0 2.0 1.0 1.0 57
*** t = 21
0.15628871290267232 1.0 0.0 1.0 3
0.12866058998866234 1.1286605899886624 0.0 1.0 7
-0.9092140747280124 1.0 -1.0 1.0 8
0.75272379761201 1.2472762023879902 1.0 1.0 9
1.0 1.0090253884539637 1.0 2.0 11
0.0 1.8467819147541085 0.0 2.0 14
-0.986851929125939 1.0 -1.0 1.0 18
0.0 1.8943913992888115 0.0 2.0 19
0.1936062150941733 1.0 1.0 1.0 20
1.748769571435599 1.0 2.0 1.0 21
0.36644170016387423 1.366441700163874 0.5 1.5 22
0.2969977024987167 1.296997702498717 0.5 1.5 23
1.0 1.7764144782551752 1.0 2.0 24
1.0 1.0496313536004642 1.0 2.0 25
-0.11593234628378526 1.0 -1.0 1.0 26
0.017292098740672376 1.0 1.0 1.0 27
0.2701777121570522 1.0 0.0 1.0 28
0.0 1.1460117165383292 0.0 1.0 29
0.0 1.1239700834498185 0.0 2.0 30
0.3142368997165088 1.0 1.0 1.0 31
0.1506779878750553 1.1506779878750555 0.5 1.5 32
0.8270624850153552 1.0 0.0 1.0 33
0.63883021085382 1.0 0.0 1.0 34
1.0354293427349435 1.0 1.0 1.0 35
0.08279377521680337 1.0 1.0 1.0 36
0.0 0.7557849959138494 0.0 1.0 37
0.0 1.4902140883029045 0.0 1.0 38
0.9252340028221206 1.0747659971778794 0.5 1.5 39
0.0 1.1256810570530593 0.0 1.0 40
-0.029019157743090995 1.0 0.0 1.0 41
1.0 0.6994878414627703 1.0 1.0 42
1.0348528113869113 1.0 1.0 1.0 43
0.0 0.5908487328873256 0.0 1.0 44
0.0 1.2891932514219988 0.0 1.0 45
1.0 1.4242869846413202 1.0 1.0 46
0.0 1.4469582779333345 0.0 1.0 47
0.0 0.3849920476811533 0.0 1.0 48
0.0 1.5473958809019566 0.0 1.0 49
-0.725492178802843 1.0 0.0 1.0 50
1.0 0.35006363186938205 1.0 1.0 51
1.0 1.5585704951222383 1.0 1.0 52
1.5797564961716066 1.0 1.0 1.0 53
0.0 1.779178157445037 0.0 1.0 54
0.0 0.10855969056772517 0.0 1.0 55
0.0 1.8660103583517713 0.0 1.0 56
1.0 1.8479117980030502 1.0 1.0 57
0.0 2.0 0.0 1.0 58
-1.0 1.0 0.0 1.0 59
1.0 0.0 1.0 1.0 60
2.0 1.0 1.0 1.0 61
*** t = 22
0.05925127673965512 1.0 0.0 1.0 3
0.040969134922113196 1.0409691349221133 0.0 1.0 7
0.8385961846001604 1.1614038153998396 1.0 1.0 9
1.0 1.1345894752323364 1.0 2.0 11
0.0 1.969900709071049 0.0 2.0 14
0.28542207779372514 1.0 1.0 1.0 20
1.883290307699876 1.0 2.0 1.0 21
0.4559040736097426 1.4559040736097426 0.5 1.5 22
0.3806730761391554 1.3806730761391555 0.5 1.5 23
1.0 1.924449018109773 1.0 2.0 24
1.0 1.1371006330671696 1.0 2.0 25
-0.21738074140049302 1.0 -1.0 1.0 26
0.10977319862618803 1.0 1.0 1.0 27
0.1129211405349661 1.0 0.0 1.0 28
0.0 1.0606128881921622 0.0 1.0 29
0.0 1.2488556482775761 0.0 2.0 30
0.460263221907232 1.0 1.0 1.0 31
0.24598740665967783 1.2459874066596779 0.5 1.5 32
0.6967360944615058 1.0 0.0 1.0 33
0.4875891231709111 1.0 0.0 1.0 34
1.0 1.0717451747389517 1.0 2.0 35
0.21814299711890384 1.0 1.0 1.0 36
0.0 0.8637542810443993 0.0 1.0 37
0.0 1.4173875294890337 0.0 1.0 38
0.8135378916272026 1.1864621083727973 0.5 1.5 39
0.0 0.9799612332285693 0.0 0.0 40
0.0 0.8671890173669395 0.0 0.0 41
1.0 0.8160691483732321 1.0 1.0 42
1.0 1.1260050533819368 1.0 2.0 43
0.0 0.7090184794647908 0.0 1.0 44
0.0 1.1470319017063986 0.0 1.0 45
1.0 1.3091443815695842 1.0 1.0 46
0.0 1.3086978474166682 0.0 1.0 47
0.0 0.5133227302415377 0.0 1.0 48
0.0 1.3965278412026088 0.0 1.0 49
-0.633989571737124 1.0 0.0 1.0 50
1.0 0.46675150915917607 1.0 1.0 51
1.0 1.411427326829651 1.0 1.0 52
1.4396753282288088 1.0 1.0 1.0 53
0.0 1.6687672361675554 0.0 1.0 54
0.0 0.21711938113545035 0.0 1.0 55
0.0 1.7320207167035426 0.0 1.0 56
1.0 1.6958235960061003 1.0 1.0 57
0.0 1.855770033071934 0.0 1.0 58
-0.8506763378162536 1.0 0.0 1.0 59
1.0 0.1362215162703305 1.0 1.0 60
1.901671821227644 1.0 1.0 1.0 61
0.0 0.0 0.0 1.0 62
0.0 2.0 0.0 1.0 63
1.0 2.0 1.0 1.0 64
*** t = 23
0.0 0.962213840576638 0.0 0.0 3
-0.06607533881379893 1.0 -1.0 1.0 7
0.9244685715883109 1.0755314284116892 1.0 1.0 9
1.0 1.2601535620107092 1.0 2.0 11
0.37723794049327697 1.0 1.0 1.0 20
0.5453664470556111 1.454633552944389 1.0 1.0 22
0.4643484497795941 1.4643484497795942 0.5 1.5 23
1.0 1.224569912533875 1.0 2.0 25
-0.31882913651720074 1.0 -1.0 1.0 26
0.20225429851170368 1.0 1.0 1.0 27
-0.044335431087120014 1.0 -1.0 1.0 28
-0.02478594015400487 1.0 -1.0 1.0 29
0.0 1.3737412131053337 0.0 2.0 30
0.6062895440979552 1.0 1.0 1.0 31
0.34129682544430034 1.3412968254443003 0.5 1.5 32
0.5664097039076563 1.0 0.0 1.0 33
0.3363480354880022 1.0 0.0 1.0 34
1.0 1.1789196922128469 1.0 2.0 35
0.3534922190210043 1.0 1.0 1.0 36
0.0 0.9717235661749493 0.0 1.0 37
0.0 1.344560970675163 0.0 1.0 38
0.7018417804322845 1.2981582195677155 0.5 1.5 39
0.0 0.8342414094040793 0.0 0.0 40
0.0 0.705358876990788 0.0 0.0 41
1.0 0.9326504552836938 1.0 1.0 42
1.0 1.286862918150785 1.0 2.0 43
0.0 0.827188226042256 0.0 1.0 44
0.0 1.0048705519907983 0.0 1.0 45
1.0 1.1940017784978483 1.0 1.0 46
0.0 1.1704374169000018 0.0 1.0 47
0.0 0.6416534128019222 0.0 1.0 48
0.0 1.245659801503261 0.0 1.0 49
-0.542486964671405 1.0 0.0 1.0 50
1.0 0.5834393864489701 1.0 1.0 51
1.0 1.2642841585370639 1.0 1.0 52
1.299594160286011 1.0 1.0 1.0 53
0.0 1.5583563148900739 0.0 1.0 54
0.0 0.3256790717031755 0.0 1.0 55
0.0 1.598031075055314 0.0 1.0 56
1.0 1.5437353940091505 1.0 1.0 57
0.0 1.711540066143868 0.0 1.0 58
-0.7013526756325072 1.0 0.0 1.0 59
1.0 0.272443032540661 1.0 1.0 60
1.803343642455288 1.0 1.0 1.0 61
0.0 0.161534720589193 0.0 1.0 62
0.0 1.8764513014155915 0.0 1.0 63
1.0 1.9008096106903971 1.0 1.0 64
0.0 2.0 0.0 1.0 65
*** t = 24
0.0 0.8651764044136208 0.0 0.0 3
-0.1900897838731436 1.0 -1.0 1.0 7
0.9853756761332301 1.0 0.0 1.0 9
1.0 1.3857176487890819 1.0 2.0 11
0.4690538031928288 1.0 1.0 1.0 20
0.6348288205014796 1.3651711794985206 1.0 1.0 22
0.5480238234200329 1.4519761765799672 1.0 1.0 23
1.0 1.3120391920005803 1.0 2.0 25
-0.42027753163390846 1.0 -1.0 1.0 26
0.29473539839721935 1.0 1.0 1.0 27
-0.20159200270920613 1.0 -1.0 1.0 28
-0.11018476850017189 1.0 -1.0 1.0 29
0.0 1.4986267779330913 0.0 2.0 30
0.7523158662886784 1.0 1.0 1.0 31
0.43660624422892286 1.436606244228923 0.5 1.5 32
0.4360833133538069 1.0 0.0 1.0 33
0.1851069478050933 1.0 0.0 1.0 34
1.0 1.286094209686742 1.0 2.0 35
0.4888414409231048 1.0 1.0 1.0 36
0.05635135557020966 1.0563513555702098 0.5 1.5 37
0.0 1.271734411861292 0.0 1.0 38
0.5901456692373664 1.4098543307626334 0.5 1.5 39
0.0 0.6885215855795893 0.0 0.0 40
0.0 0.5435287366146365 0.0 0.0 41
0.9507682378058444 1.0 0.0 1.0 42
1.0 1.447720782919633 1.0 2.0 43
0.0 0.9453579726197211 0.0 1.0 44
0.13729079772480185 1.0 1.0 1.0 45
1.0 1.0788591754261123 1.0 1.0 46
0.0 1.0321769863833354 0.0 1.0 47
0.0 0.7699840953623067 0.0 1.0 48
0.0 1.0947917618039131 0.0 1.0 49
-0.45098435760568606 1.0 0.0 1.0 50
1.0 0.7001272637387641 1.0 1.0 51
1.0 1.1171409902444767 1.0 1.0 52
1.1595129923432133 1.0 1.0 1.0 53
0.0 1.4479453936125923 0.0 1.0 54
0.0 0.4342387622709007 0.0 1.0 55
0.0 1.4640414334070853 0.0 1.0 56
1.0 1.3916471920122007 1.0 1.0 57
0.0 1.567310099215802 0.0 1.0 58
-0.5520290134487609 1.0 0.0 1.0 59
1.0 0.40866454881099146 1.0 1.0 60
1.705015463682932 1.0 1.0 1.0 61
0.0 0.323069441178386 0.0 1.0 62
0.0 1.752902602831183 0.0 1.0 63
1.0 1.8016192213807942 1.0 1.0 64
0.0 1.8423223003246683 0.0 1.0 65
0.0 0.0 0.0 1.0 66
0.0 2.0 0.0 1.0 67
-1.0 1.0 0.0 1.0 68
1.0 0.0 1.0 1.0 69
1.0 2.0 1.0 1.0 70
2.0 1.0 1.0 1.0 71
*** t = 25
0.0 0.7681389682506036 0.0 0.0 3
-0.31410422893248824 1.0 -1.0 1.0 7
0.8639337818212368 1.0 0.0 1.0 9
1.0 1.5112817355674546 1.0 2.0 11
0.5608696658923806 1.0 1.0 1.0 20
0.724291193947348 1.275708806052652 1.0 1.0 22
0.6316991970604715 1.3683008029395285 1.0 1.0 23
1.0 1.3995084714672856 1.0 2.0 25
-0.5217259267506162 1.0 -1.0 1.0 26
0.387216498282735 1.0 1.0 1.0 27
-0.35884857433129225 1.0 -1.0 1.0 28
-0.19558359684633891 1.0 -1.0 1.0 29
0.0 1.6235123427608489 0.0 2.0 30
0.8983421884794016 1.0 1.0 1.0 31
0.5319156630135454 1.4680843369864547 1.0 1.0 32
0.3057569227999575 1.0 0.0 1.0 33
0.0338658601221844 1.0 0.0 1.0 34
1.0 1.3932687271606372 1.0 2.0 35
0.6241906628252052 1.0 1.0 1.0 36
0.13269716924588537 1.1326971692458854 0.5 1.5 37
0.0 1.1989078530474213 0.0 1.0 38
0.47844955804244843 1.4784495580424484 0.0 1.0 39
0.0 0.5428017617550993 0.0 0.0 40
0.0 0.381698596238485 0.0 0.0 41
0.8341869308953827 1.0 0.0 1.0 42
1.0 1.6085786476884811 1.0 2.0 43
0.06352771919718624 1.0 1.0 1.0 44
0.27945214744040203 1.0 1.0 1.0 45
1.0362834276456236 1.0 2.0 1.0 46
0.0 0.8939165558666691 0.0 0.0 47
0.0 0.8983147779226912 0.0 1.0 48
0.056076277895434734 1.0 1.0 1.0 49
-0.3594817505399671 1.0 0.0 1.0 50
1.0 0.8168151410285581 1.0 1.0 51
1.0 0.9699978219518894 1.0 0.0 52
1.0194318244004155 1.0 1.0 1.0 53
0.0 1.3375344723351108 0.0 1.0 54
0.0 0.5427984528386258 0.0 1.0 55
0.0 1.3300517917588566 0.0 1.0 56
1.0 1.2395589900152508 1.0 1.0 57
0.0 1.423080132287736 0.0 1.0 58
-0.4027053512650145 1.0 0.0 1.0 59
1.0 0.544886065081322 1.0 1.0 60
1.606687284910576 1.0 1.0 1.0 61
0.0 0.484604161767579 0.0 1.0 62
0.0 1.6293539042467744 0.0 1.0 63
1.0 1.7024288320711913 1.0 1.0 64
0.0 1.6846446006493365 0.0 1.0 65
0.0 0.10746453872969333 0.0 1.0 66
0.0 1.8593308376558164 0.0 1.0 67
-0.9022849328242668 1.0 0.0 1.0 68
1.0 0.11741603309237003 1.0 1.0 69
1.0 1.8966495821171336 1.0 1.0 70
1.8684762121979295 1.0 1.0 1.0 71
0.0 2.0 0.0 1.0 72
*** t = 26
0.0 0.6711015320875864 0.0 0.0 3
-0.4381186739918329 1.0 -1.0 1.0 7
0.7424918875092436 1.0 0.0 1.0 9
1.0 1.6368458223458273 1.0 2.0 11
0.6526855285919325 1.0 1.0 1.0 20
0.8137535673932165 1.1862464326067836 1.0 1.0 22
0.7153745707009102 1.2846254292990897 1.0 1.0 23
1.0 1.486977750933991 1.0 2.0 25
-0.623174321867324 1.0 -1.0 1.0 26
0.4796975981682507 1.0 1.0 1.0 27
-0.5161051459533783 1.0 -1.0 1.0 28
-0.28098242519250594 1.0 -1.0 1.0 29
0.0 1.7483979075886065 0.0 2.0 30
1.0443685106701248 1.0 2.0 1.0 31
0.6272250817981679 1.372774918201832 1.0 1.0 32
0.17543053224610805 1.0 0.0 1.0 33
-0.1173752275607245 1.0 -1.0 1.0 34
1.0 1.5004432446345324 1.0 2.0 35
0.7595398847273056 1.0 1.0 1.0 36
0.2090429829215611 1.209042982921561 0.5 1.5 37
0.0 1.1260812942335505 0.0 1.0 38
0.36675344684753036 1.3667534468475304 0.0 1.0 39
0.0 0.3970819379306093 0.0 0.0 40
0.0 0.21986845586233353 0.0 0.0 41
0.7176056239849209 1.0 0.0 1.0 42
1.0 1.7694365124573292 1.0 2.0 43
0.18169746577465137 1.0 1.0 1.0 44
0.4216134971560022 1.0 1.0 1.0 45
1.1514260307173596 1.0 2.0 1.0 46
0.0 0.7556561253500027 0.0 0.0 47
0.01884118579542097 1.018841185795421 0.5 1.5 48
0.2069443175947826 1.0 1.0 1.0 49
-0.26797914347424817 1.0 0.0 1.0 50
1.0 0.9335030183183521 1.0 1.0 51
1.0 0.8228546536593022 1.0 0.0 52
0.8793506564576177 1.0 0.0 1.0 53
0.0 1.2271235510576293 0.0 1.0 54
0.0 0.651358143406351 0.0 1.0 55
0.0 1.1960621501106279 0.0 1.0 56
1.0 1.087470788018301 1.0 1.0 57
0.0 1.27885016535967 0.0 1.0 58
-0.2533816890812681 1.0 0.0 1.0 59
1.0 0.6811075813516525 1.0 1.0 60
1.50835910613822 1.0 1.0 1.0 61
0.0 0.646138882356772 0.0 1.0 62
0.0 1.5058052056623659 0.0 1.0 63
1.0 1.6032384427615884 1.0 1.0 64
0.0 1.5269669009740048 0.0 1.0 65
0.0 0.21492907745938666 0.0 1.0 66
0.0 1.7186616753116328 0.0 1.0 67
-0.8045698656485336 1.0 0.0 1.0 68
1.0 0.23483206618474006 1.0 1.0 69
1.0 1.7932991642342673 1.0 1.0 70
1.736952424395859 1.0 1.0 1.0 71
0.0 1.9104572955677492 0.0 1.0 72
0.0 0.0 0.0 1.0 73
0.0 2.0 0.0 1.0 74
1.0 2.0 1.0 1.0 75
*** t = 27
0.0 0.5740640959245692 0.0 0.0 3
-0.5621331190511776 1.0 -1.0 1.0 7
0.6210499931972503 1.0 0.0 1.0 9
1.0 1.7624099091242 1.0 2.0 11
0.7445013912914844 1.0 1.0 1.0 20
0.903215940839085 1.0967840591609153 1.0 1.0 22
0.7990499443413488 1.200950055658651 1.0 1.0 23
1.0 1.5744470304006963 1.0 2.0 25
-0.7246227169840318 1.0 -1.0 1.0 26
0.5721786980537663 1.0 1.0 1.0 27
-0.6733617175754645 1.0 -1.0 1.0 28
-0.36638125353867296 1.0 -1.0 1.0 29
0.0 1.873283472416364 0.0 2.0 30
1.190394832860848 1.0 2.0 1.0 31
0.7225345005827905 1.2774654994172094 1.0 1.0 32
0.045104141692258626 1.0 0.0 1.0 33
-0.2686163152436334 1.0 -1.0 1.0 34
1.0 1.6076177621084276 1.0 2.0 35
0.894889106629406 1.0 1.0 1.0 36
0.2853887965972368 1.2853887965972368 0.5 1.5 37
0.0 1.0532547354196797 0.0 1.0 38
0.25505733565261235 1.2550573356526125 0.0 1.0 39
0.0 0.2513621141061193 0.0 0.0 40
0.0 0.058038315486182046 0.0 0.0 41
0.6010243170744591 1.0 0.0 1.0 42
1.0 1.9302943772261774 1.0 2.0 43
0.2998672123521165 1.0 1.0 1.0 44
0.5637748468716024 1.0 1.0 1.0 45
1.2665686337890956 1.0 2.0 1.0 46
0.0 0.6173956948333363 0.0 0.0 47
0.10958468166816701 1.109584681668167 0.5 1.5 48
0.35781235729413047 1.0 1.0 1.0 49
-0.17647653640852923 1.0 0.0 1.0 50
0.9498091043918538 1.0 0.0 1.0 51
1.0 0.675711485366715 1.0 0.0 52
0.7392694885148199 1.0 0.0 1.0 53
0.0 1.1167126297801477 0.0 1.0 54
0.0 0.7599178339740762 0.0 1.0 55
0.0 1.0620725084623992 0.0 1.0 56
1.0 0.9353825860213512 1.0 0.0 57
0.0 1.134620198431604 0.0 1.0 58
-0.10405802689752172 1.0 0.0 1.0 59
1.0 0.817329097621983 1.0 1.0 60
1.410030927365864 1.0 1.0 1.0 61
0.0 0.807673602945965 0.0 1.0 62
0.0 1.3822565070779573 0.0 1.0 63
1.0 1.5040480534519856 1.0 1.0 64
0.0 1.369289201298673 0.0 1.0 65
0.0 0.32239361618908 0.0 1.0 66
0.0 1.5779925129674492 0.0 1.0 67
-0.7068547984728004 1.0 0.0 1.0 68
1.0 0.3522480992771101 1.0 1.0 69
1.0 1.689948746351401 1.0 1.0 70
1.6054286365937884 1.0 1.0 1.0 71
0.0 1.8209145911354985 0.0 1.0 72
0.0 0.11600289804055391 0.0 1.0 73
0.0 1.8885062300596709 0.0 1.0 74
1.0 1.8696218720767432 1.0 1.0 75
0.0 2.0 0.0 1.0 76
-1.0 1.0 0.0 1.0 77
1.0 0.0 1.0 1.0 78
2.0 1.0 1.0 1.0 79
*** t = 28
0.0 0.477026659761552 0.0 0.0 3
-0.6861475641105222 1.0 -1.0 1.0 7
0.49960809888525703 1.0 0.0 1.0 9
1.0 1.8879739959025728 1.0 2.0 11
0.8363172539910363 1.0 1.0 1.0 20
0.9926783142849533 1.0073216857150467 1.0 1.0 22
0.8827253179817875 1.1172746820182125 1.0 1.0 23
1.0 1.6619163098674017 1.0 2.0 25
-0.8260711121007396 1.0 -1.0 1.0 26
0.664659797939282 1.0 1.0 1.0 27
-0.8306182891975507 1.0 -1.0 1.0 28
-0.45178008188484 1.0 -1.0 1.0 29
0.0 1.9981690372441216 0.0 2.0 30
1.3364211550515712 1.0 2.0 1.0 31
0.817843919367413 1.1821560806325868 1.0 1.0 32
0.0 0.9147777511384092 0.0 0.0 33
-0.4198574029265423 1.0 -1.0 1.0 34
1.0 1.7147922795823227 1.0 2.0 35
1.0302383285315064 1.0 2.0 1.0 36
0.36173461027291254 1.3617346102729124 0.5 1.5 37
-0.019571823394190946 1.0 -1.0 1.0 38
0.1433612244576943 1.1433612244576943 0.0 1.0 39
0.0 0.1056422902816293 0.0 0.0 40
0.48444301016399743 1.0 0.0 1.0 42
0.41803695892958165 1.0 1.0 1.0 44
0.7059361965872026 1.0 1.0 1.0 45
1.3817112368608315 1.0 2.0 1.0 46
0.0 0.47913526431667 0.0 0.0 47
0.20032817754091303 1.200328177540913 0.5 1.5 48
0.5086803969934783 1.0 1.0 1.0 49
-0.08497392934281028 1.0 0.0 1.0 50
0.8331212271020598 1.0 0.0 1.0 51
1.0 0.5285683170741278 1.0 0.0 52
0.5991883205720221 1.0 0.0 1.0 53
0.0 1.0063017085026662 0.0 1.0 54
0.0 0.8684775245418014 0.0 1.0 55
-0.07191713318582948 1.0 -1.0 1.0 56
1.0 0.7832943840244013 1.0 0.0 57
0.0 0.990390231503538 0.0 0.0 58
0.04526563528622468 1.0 1.0 1.0 59
1.0 0.9535506138923135 1.0 1.0 60
1.311702748593508 1.0 1.0 1.0 61
0.0 0.9692083235351581 0.0 1.0 62
0.0 1.2587078084935488 0.0 1.0 63
1.0 1.4048576641423827 1.0 1.0 64
0.0 1.2116115016233413 0.0 1.0 65
0.0 0.4298581549187733 0.0 1.0 66
0.0 1.4373233506232657 0.0 1.0 67
-0.6091397312970672 1.0 0.0 1.0 68
1.0 0.4696641323694801 1.0 1.0 69
1.0 1.5865983284685345 1.0 1.0 70
1.473904848791718 1.0 1.0 1.0 71
0.0 1.7313718867032477 0.0 1.0 72
0.0 0.23200579608110783 0.0 1.0 73
0.0 1.7770124601193418 0.0 1.0 74
1.0 1.7392437441534865 1.0 1.0 75
0.0 1.87450946566609 0.0 1.0 76
-0.8566104843845581 1.0 0.0 1.0 77
1.0 0.11942460546448533 1.0 1.0 78
1.8992413009698352 1.0 1.0 1.0 79
0.0 0.0 0.0 1.0 80
0.0 2.0 0.0 1.0 81
1.0 2.0 1.0 1.0 82
*** t = 29
0.0 0.3799892235985348 0.0 0.0 3
-0.8101620091698669 1.0 -1.0 1.0 7
0.3781662045732638 1.0 0.0 1.0 9
0.9281331166905882 1.0 1.0 1.0 20
1.1161644746115815 1.0 2.0 1.0 22
0.9664006916222262 1.0335993083777737 1.0 1.0 23
1.0 1.749385589334107 1.0 2.0 25
-0.9275195072174474 1.0 -1.0 1.0 26
0.7571408978247977 1.0 1.0 1.0 27
-0.9878748608196368 1.0 -1.0 1.0 28
-0.537178910231007 1.0 -1.0 1.0 29
1.4824474772422944 1.0 2.0 1.0 31
0.9131533381520356 1.0868466618479644 1.0 1.0 32
0.0 0.7844513605845598 0.0 0.0 33
-0.5710984906094512 1.0 -1.0 1.0 34
1.0 1.821966797056218 1.0 2.0 35
1.1655875504336068 1.0 2.0 1.0 36
0.4380804239485882 1.438080423948588 0.5 1.5 37
-0.09239838220806162 1.0 -1.0 1.0 38
0.031665113262776254 1.0316651132627763 0.0 1.0 39
0.36786170325353573 1.0 0.0 1.0 42
0.5362067055070467 1.0 1.0 1.0 44
0.8480975463028029 1.0 1.0 1.0 45
1.4968538399325675 1.0 2.0 1.0 46
0.0 0.3408748338000036 0.0 0.0 47
0.2910716734136591 1.291071673413659 0.5 1.5 48
0.6595484366928261 1.0 1.0 1.0 49
0.0 0.9934713222770913 0.0 0.0 50
0.7164333498122658 1.0 0.0 1.0 51
1.0 0.38142514878154055 1.0 0.0 52
0.45910715262922436 1.0 0.0 1.0 53
-0.10410921277481541 1.0 -1.0 1.0 54
0.0 0.9770372151095266 0.0 1.0 55
-0.20590677483405817 1.0 -1.0 1.0 56
1.0 0.6312061820274515 1.0 0.0 57
0.0 0.846160264575472 0.0 0.0 58
0.19458929746997108 1.0 1.0 1.0 59
0.9102278698373559 1.0 0.0 1.0 60
1.213374569821152 1.0 1.0 1.0 61
0.13074304412435106 1.0 1.0 1.0 62
0.0 1.1351591099091403 0.0 1.0 63
1.0 1.3056672748327798 1.0 1.0 64
0.0 1.0539338019480096 0.0 1.0 65
0.0 0.5373226936484666 0.0 1.0 66
0.0 1.296654188279082 0.0 1.0 67
-0.511424664121334 1.0 0.0 1.0 68
1.0 0.5870801654618502 1.0 1.0 69
1.0 1.4832479105856682 1.0 1.0 70
1.3423810609896474 1.0 1.0 1.0 71
0.0 1.641829182270997 0.0 1.0 72
0.0 0.34800869412166174 0.0 1.0 73
0.0 1.6655186901790127 0.0 1.0 74
1.0 1.6088656162302297 1.0 1.0 75
0.0 1.7490189313321798 0.0 1.0 76
-0.7132209687691162 1.0 0.0 1.0 77
1.0 0.23884921092897066 1.0 1.0 78
1.7984826019396705 1.0 1.0 1.0 79
0.0 0.1409626859978344 0.0 1.0 80
0.0 1.8660134720697616 0.0 1.0 81
1.0 1.8984620590068633 1.0 1.0 82
0.0 2.0 0.0 1.0 83
*** t = 30
0.0 0.28295178743551763 0.0 0.0 3
-0.9341764542292116 1.0 -1.0 1.0 7
0.2567243102612705 1.0 0.0 1.0 9
1.0 0.9800510206098599 1.0 0.0 20
1.2426833764608154 1.0 2.0 1.0 22
1.0 1.070818250644741 1.0 2.0 23
1.0 1.8368548688008124 1.0 2.0 25
0.8496219977103133 1.0 1.0 1.0 27
-0.622577738577174 1.0 -1.0 1.0 29
1.6284737994330176 1.0 2.0 1.0 31
1.0 1.0119681456348888 1.0 2.0 32
0.0 0.6541249700307104 0.0 0.0 33
-0.7223395782923601 1.0 -1.0 1.0 34
1.0 1.929141314530113 1.0 2.0 35
1.3009367723357073 1.0 2.0 1.0 36
0.5144262376242639 1.4855737623757361 1.0 1.0 37
-0.1652249410219323 1.0 -1.0 1.0 38
0.0 1.113180922685888 0.0 2.0 39
0.25128039634307403 1.0 0.0 1.0 42
0.6543764520845119 1.0 1.0 1.0 44
0.9902588960184031 1.0 1.0 1.0 45
1.6119964430043034 1.0 2.0 1.0 46
0.0 0.20261440328333727 0.0 0.0 47
0.3818151692864051 1.381815169286405 0.5 1.5 48
0.810416476392174 1.0 1.0 1.0 49
0.0 0.9019687152113725 0.0 0.0 50
0.5997454725224718 1.0 0.0 1.0 51
1.0 0.23428198048895335 1.0 0.0 52
0.3190259846864266 1.0 0.0 1.0 53
-0.21452013405229703 1.0 -1.0 1.0 54
0.0 1.0855969056772516 0.0 2.0 55
-0.33989641648228686 1.0 -1.0 1.0 56
1.0 0.47911798003050166 1.0 0.0 57
0.0 0.701930297647406 0.0 0.0 58
0.3439129596537175 1.0 1.0 1.0 59
0.7740063535670254 1.0 0.0 1.0 60
1.115046391048796 1.0 1.0 1.0 61
0.29227776471354405 1.0 1.0 1.0 62
0.0 1.0116104113247317 0.0 1.0 63
1.0 1.206476885523177 1.0 1.0 64
0.0 0.8962561022726779 0.0 0.0 65
0.0 0.6447872323781599 0.0 1.0 66
0.0 1.1559850259348985 0.0 1.0 67
-0.41370959694560083 1.0 0.0 1.0 68
1.0 0.7044961985542202 1.0 1.0 69
1.0 1.3798974927028018 1.0 1.0 70
1.2108572731875769 1.0 1.0 1.0 71
0.0 1.5522864778387462 0.0 1.0 72
0.0 0.46401159216221566 0.0 1.0 73
0.0 1.5540249202386835 0.0 1.0 74
1.0 1.478487488306973 1.0 1.0 75
0.0 1.6235283969982697 0.0 1.0 76
-0.5698314531536743 1.0 0.0 1.0 77
1.0 0.358273816393456 1.0 1.0 78
1.6977239029095057 1.0 1.0 1.0 79
0.0 0.2819253719956688 0.0 1.0 80
0.0 1.7320269441395233 0.0 1.0 81
1.0 1.7969241180137265 1.0 1.0 82
0.0 1.873911086021572 0.0 1.0 83
0.0 0.0 0.0 1.0 84
0.0 2.0 0.0 1.0 85
-1.0 1.0 0.0 1.0 86
1.0 0.0 1.0 1.0 87
1.0 2.0 1.0 1.0 88
2.0 1.0 1.0 1.0 89
*** t = 31
0.0 0.18591435127250044 0.0 0.0 3
0.13528241594927726 1.0 0.0 1.0 9
1.0 0.888235157910308 1.0 0.0 20
1.3692022783100493 1.0 2.0 1.0 22
1.0 1.1891530988836856 1.0 2.0 23
1.0 1.9243241482675177 1.0 2.0 25
0.942103097595829 1.0 1.0 1.0 27
-0.7079765669233411 1.0 -1.0 1.0 29
1.7745001216237408 1.0 2.0 1.0 31
1.0 1.146756018301999 1.0 2.0 32
0.0 0.5237985794768609 0.0 0.0 33
-0.873580665975269 1.0 -1.0 1.0 34
1.4362859942378077 1.0 2.0 1.0 36
0.5907720512999396 1.4092279487000605 1.0 1.0 37
-0.23805149983580298 1.0 -1.0 1.0 38
0.0 1.2711430780020745 0.0 2.0 39
0.13469908943261233 1.0 0.0 1.0 42
0.772546198661977 1.0 1.0 1.0 44
1.0 0.8675797542659966 1.0 0.0 45
1.7271390460760394 1.0 2.0 1.0 46
0.0 0.06435397276667093 0.0 0.0 47
0.47255866515915107 1.4725586651591511 0.5 1.5 48
0.9612845160915218 1.0 1.0 1.0 49
0.0 0.8104661081456535 0.0 0.0 50
0.48305759523267777 1.0 0.0 1.0 51
1.0 0.08713881219636616 1.0 0.0 52
0.1789448167436289 1.0 0.0 1.0 53
-0.3249310553297786 1.0 -1.0 1.0 54
0.0 1.1941565962449767 0.0 2.0 55
-0.47388605813051554 1.0 -1.0 1.0 56
1.0 0.3270297780335518 1.0 0.0 57
0.0 0.55770033071934 0.0 0.0 58
0.49323662183746386 1.0 1.0 1.0 59
0.6377848372966949 1.0 0.0 1.0 60
1.01671821227644 1.0 1.0 1.0 61
0.45381248530273705 1.0 1.0 1.0 62
-0.11193828725967686 1.0 -1.0 1.0 63
1.0 1.107286496213574 1.0 1.0 64
0.0 0.7385784025973463 0.0 0.0 65
0.0 0.7522517711078532 0.0 1.0 66
0.0 1.015315863590715 0.0 1.0 67
-0.31599452976986764 1.0 0.0 1.0 68
1.0 0.8219122316465902 1.0 1.0 69
1.0 1.2765470748199355 1.0 1.0 70
1.0793334853855063 1.0 1.0 1.0 71
0.0 1.4627437734064954 0.0 1.0 72
0.0 0.5800144902027695 0.0 1.0 73
0.0 1.4425311502983544 0.0 1.0 74
1.0 1.3481093603837162 1.0 1.0 75
0.0 1.4980378626643596 0.0 1.0 76
-0.4264419375382325 1.0 0.0 1.0 77
1.0 0.4776984218579413 1.0 1.0 78
1.596965203879341 1.0 1.0 1.0 79
0.0 0.4228880579935032 0.0 1.0 80
0.0 1.598040416209285 0.0 1.0 81
1.0 1.6953861770205898 1.0 1.0 82
0.0 1.747822172043144 0.0 1.0 83
0.0 0.07375289647545918 0.0 1.0 84
0.0 1.8075839550384225 0.0 1.0 85
-0.9093146828884577 1.0 0.0 1.0 86
1.0 0.15169971205385455 1.0 1.0 87
1.0 1.8724922503095598 1.0 1.0 88
1.882893047679014 1.0 1.0 1.0 89
0.0 2.0 0.0 1.0 90
*** t = 32
0.0 0.08887691510948324 0.0 0.0 3
0.013840521637283998 1.0 0.0 1.0 9
1.0 0.7964192952107562 1.0 0.0 20
1.4957211801592831 1.0 2.0 1.0 22
1.0 1.3074879471226302 1.0 2.0 23
1.0345841974813446 1.0 2.0 1.0 27
-0.7933753952695082 1.0 -1.0 1.0 29
1.920526443814464 1.0 2.0 1.0 31
1.0 1.281543890969109 1.0 2.0 32
0.0 0.3934721889230115 0.0 0.0 33
1.571635216139908 1.0 2.0 1.0 36
0.6671178649756153 1.3328821350243847 1.0 1.0 37
-0.31087805864967366 1.0 -1.0 1.0 38
0.0 1.429105233318261 0.0 2.0 39
0.018117782522150613 1.0 0.0 1.0 42
0.8907159452394422 1.0 1.0 1.0 44
1.0 0.7254184045503964 1.0 0.0 45
1.8422816491477754 1.0 2.0 1.0 46
0.5633021610318971 1.4366978389681029 1.0 1.0 48
1.1121525557908696 1.0 2.0 1.0 49
0.0 0.7189635010799345 0.0 0.0 50
0.36636971794288375 1.0 0.0 1.0 51
0.03886364880083115 1.0 0.0 1.0 53
-0.43534197660726026 1.0 -1.0 1.0 54
0.0 1.3027162868127018 0.0 2.0 55
-0.6078756997787442 1.0 -1.0 1.0 56
1.0 0.17494157603660196 1.0 0.0 57
0.0 0.41347036379127405 0.0 0.0 58
0.6425602840212102 1.0 1.0 1.0 59
0.5015633210263644 1.0 0.0 1.0 60
1.0 1.081609966495916 1.0 2.0 61
0.61534720589193 1.0 1.0 1.0 62
-0.23548698584408545 1.0 -1.0 1.0 63
1.0 1.0080961069039711 1.0 1.0 64
0.0 0.5809007029220147 0.0 0.0 65
0.0 0.8597163098375465 0.0 1.0 66
-0.12535329875346868 1.0 -1.0 1.0 67
-0.21827946259413447 1.0 0.0 1.0 68
1.0 0.9393282647389603 1.0 1.0 69
1.0 1.173196656937069 1.0 1.0 70
1.0 1.0521903024165642 1.0 2.0 71
0.0 1.3732010689742447 0.0 1.0 72
0.0 0.6960173882433234 0.0 1.0 73
0.0 1.3310373803580253 0.0 1.0 74
1.0 1.2177312324604594 1.0 1.0 75
0.0 1.3725473283304495 0.0 1.0 76
-0.2830524219227907 1.0 0.0 1.0 77
1.0 0.5971230273224266 1.0 1.0 78
1.4962065048491762 1.0 1.0 1.0 79
0.0 0.5638507439913376 0.0 1.0 80
0.0 1.4640538882790466 0.0 1.0 81
1.0 1.593848236027453 1.0 1.0 82
0.0 1.621733258064716 0.0 1.0 83
0.0 0.14750579295091837 0.0 1.0 84
0.0 1.615167910076845 0.0 1.0 85
-0.8186293657769155 1.0 0.0 1.0 86
1.0 0.3033994241077091 1.0 1.0 87
1.0 1.7449845006191196 1.0 1.0 88
1.765786095358028 1.0 1.0 1.0 89
0.0 1.906301903296583 0.0 1.0 90
0.0 0.0 0.0 1.0 91
0.0 2.0 0.0 1.0 92
1.0 2.0 1.0 1.0 93
*** t = 33
0.0 0.8923986273252907 0.0 0.0 9
1.0 0.7046034325112043 1.0 0.0 20
1.622240082008517 1.0 2.0 1.0 22
1.0 1.4258227953615747 1.0 2.0 23
1.1270652973668602 1.0 2.0 1.0 27
-0.8787742236156753 1.0 -1.0 1.0 29
1.0 1.4163317636362192 1.0 2.0 32
0.0 0.2631457983691621 0.0 0.0 33
1.7069844380420085 1.0 2.0 1.0 36
0.743463678651291 1.256536321348709 1.0 1.0 37
-0.38370461746354434 1.0 -1.0 1.0 38
0.0 1.5870673886344475 0.0 2.0 39
0.0 0.9015364756116889 0.0 0.0 42
0.993716867060731 1.006283132939269 0.5 1.5 44
1.0 0.5832570548347962 1.0 0.0 45
1.9574242522195113 1.0 2.0 1.0 46
0.6540456569046431 1.3459543430953569 1.0 1.0 48
1.2630205954902174 1.0 2.0 1.0 49
0.0 0.6274608940142155 0.0 0.0 50
0.24968184065308974 1.0 0.0 1.0 51
-0.10121751914196658 1.0 -1.0 1.0 53
-0.5457528978847419 1.0 -1.0 1.0 54
0.0 1.4112759773804269 0.0 2.0 55
-0.7418653414269729 1.0 -1.0 1.0 56
1.0 0.022853374039652097 1.0 0.0 57
0.0 0.2692403968632081 0.0 0.0 58
0.7918839462049566 1.0 1.0 1.0 59
0.36534180475603384 1.0 0.0 1.0 60
1.0 1.179938145268272 1.0 2.0 61
0.7768819264811231 1.0 1.0 1.0 62
-0.35903568442849404 1.0 -1.0 1.0 63
0.9355866151836554 1.0644133848163446 0.5 1.5 64
0.0 0.42322300324668305 0.0 0.0 65
0.0 0.9671808485672398 0.0 1.0 66
-0.26602246109765226 1.0 -1.0 1.0 67
-0.1205643954184013 1.0 0.0 1.0 68
1.0567442978313304 1.0 2.0 1.0 69
1.0 1.0698462390542027 1.0 1.0 70
1.0 1.1837140902186347 1.0 2.0 71
0.0 1.283658364541994 0.0 1.0 72
0.0 0.8120202862838772 0.0 1.0 73
0.0 1.2195436104176962 0.0 1.0 74
1.0 1.0873531045372027 1.0 1.0 75
0.0 1.2470567939965393 0.0 1.0 76
-0.13966290630734884 1.0 0.0 1.0 77
1.0 0.7165476327869119 1.0 1.0 78
1.3954478058190114 1.0 1.0 1.0 79
0.0 0.704813429989172 0.0 1.0 80
0.0 1.3300673603488082 0.0 1.0 81
1.0 1.4923102950343163 1.0 1.0 82
0.0 1.4956443440862879 0.0 1.0 83
0.0 0.22125868942637755 0.0 1.0 84
0.0 1.4227518651152675 0.0 1.0 85
-0.7279440486653732 1.0 0.0 1.0 86
1.0 0.4550991361615636 1.0 1.0 87
1.0 1.6174767509286794 1.0 1.0 88
1.648679143037042 1.0 1.0 1.0 89
0.0 1.8126038065931658 0.0 1.0 90
0.0 0.1273333219264387 0.0 1.0 91
0.0 1.854873907581147 0.0 1.0 92
1.0 1.8862660541082148 1.0 1.0 93
0.0 2.0 0.0 1.0 94
-1.0 1.0 0.0 1.0 95
1.0 0.0 1.0 1.0 96
2.0 1.0 1.0 1.0 97
*** t = 34
0.0 0.7709567330132975 0.0 0.0 9
1.0 0.6127875698116524 1.0 0.0 20
1.7487589838577509 1.0 2.0 1.0 22
1.0 1.5441576436005193 1.0 2.0 23
1.219546397252376 1.0 2.0 1.0 27
-0.9641730519618423 1.0 -1.0 1.0 29
1.0 1.5511196363033293 1.0 2.0 32
0.0 0.13281940781531265 0.0 0.0 33
1.842333659944109 1.0 2.0 1.0 36
0.8198094923269668 1.1801905076730335 1.0 1.0 37
-0.456531176277415 1.0 -1.0 1.0 38
0.0 1.745029543950634 0.0 2.0 39
0.0 0.7849551687012272 0.0 0.0 42
0.9101582379247096 1.0898417620752905 0.5 1.5 44
1.0 0.441095705119196 1.0 0.0 45
0.7447891527773891 1.255210847222611 1.0 1.0 48
1.4138886351895652 1.0 2.0 1.0 49
0.0 0.5359582869484965 0.0 0.0 50
0.13299396336329572 1.0 0.0 1.0 51
-0.24129868708476432 1.0 -1.0 1.0 53
-0.6561638191622235 1.0 -1.0 1.0 54
0.0 1.519835667948152 0.0 2.0 55
-0.8758549830752016 1.0 -1.0 1.0 56
0.0 0.12501042993514216 0.0 0.0 58
0.941207608388703 1.0 1.0 1.0 59
0.22912028848570334 1.0 0.0 1.0 60
1.0 1.278266324040628 1.0 2.0 61
0.9384166470703161 1.0 1.0 1.0 62
-0.48258438301290263 1.0 -1.0 1.0 63
0.8654484182743015 1.1345515817256986 0.5 1.5 64
0.0 0.2655453035713514 0.0 0.0 65
0.05278225954195762 1.0527822595419576 0.5 1.5 66
-0.40669162344183585 1.0 -1.0 1.0 67
-0.022849328242668138 1.0 0.0 1.0 68
1.1741603309237005 1.0 2.0 1.0 69
1.0 0.9664958211713365 1.0 0.0 70
1.0 1.3152378780207052 1.0 2.0 71
0.0 1.1941156601097431 0.0 1.0 72
0.0 0.9280231843244311 0.0 1.0 73
0.0 1.108049840477367 0.0 1.0 74
1.0 0.9569749766139459 1.0 0.0 75
0.0 1.1215662596626292 0.0 1.0 76
0.0 1.003726609308093 0.0 2.0 77
1.0 0.8359722382513972 1.0 1.0 78
1.2946891067888466 1.0 1.0 1.0 79
0.0 0.8457761159870063 0.0 1.0 80
0.0 1.1960808324185699 0.0 1.0 81
1.0 1.3907723540411796 1.0 1.0 82
0.0 1.3695554301078599 0.0 1.0 83
0.0 0.29501158590183674 0.0 1.0 84
0.0 1.23033582015369 0.0 1.0 85
-0.637258731553831 1.0 0.0 1.0 86
1.0 0.6067988482154182 1.0 1.0 87
1.0 1.4899690012382392 1.0 1.0 88
1.531572190716056 1.0 1.0 1.0 89
0.0 1.7189057098897487 0.0 1.0 90
0.0 0.2546666438528774 0.0 1.0 91
0.0 1.7097478151622938 0.0 1.0 92
1.0 1.7725321082164296 1.0 1.0 93
0.0 1.8848587041958054 0.0 1.0 94
-0.836794479649318 1.0 0.0 1.0 95
1.0 0.11776390039360927 1.0 1.0 96
1.8904565871950678 1.0 1.0 1.0 97
0.0 0.0 0.0 1.0 98
0.0 2.0 0.0 1.0 99
1.0 2.0 1.0 1.0 100
*** t = 35
0.0 0.6495148387013042 0.0 0.0 9
1.0 0.5209717071121005 1.0 0.0 20
1.8752778857069847 1.0 2.0 1.0 22
1.0 1.662492491839464 1.0 2.0 23
1.3120274971378916 1.0 2.0 1.0 27
1.0 1.6859075089704394 1.0 2.0 32
0.0 0.0024930172614632262 0.0 0.0 33
1.9776828818462093 1.0 2.0 1.0 36
0.8961553060026424 1.1038446939973576 1.0 1.0 37
-0.5293577350912857 1.0 -1.0 1.0 38
0.0 1.9029916992668205 0.0 2.0 39
0.0 0.6683738617907654 0.0 0.0 42
0.8265996087886882 1.1734003912113118 0.5 1.5 44
1.0 0.2989343554035958 1.0 0.0 45
0.8355326486501351 1.164467351349865 1.0 1.0 48
1.564756674888913 1.0 2.0 1.0 49
0.0 0.4444556798827775 0.0 0.0 50
0.016306086073501702 1.0 0.0 1.0 51
-0.38137985502756205 1.0 -1.0 1.0 53
-0.7665747404397052 1.0 -1.0 1.0 54
0.0 1.628395358515877 0.0 2.0 55
1.0 1.0905312705724495 1.0 2.0 59
0.09289877221537285 1.0 0.0 1.0 60
1.0 1.376594502812984 1.0 2.0 61
0.9293237101390913 1.0706762898609088 0.5 1.5 62
-0.6061330815973112 1.0 -1.0 1.0 63
0.7953102213649477 1.2046897786350526 0.5 1.5 64
0.0 0.10786760389601976 0.0 0.0 65
0.12877116361480814 1.1287711636148081 0.5 1.5 66
-0.5473607857860194 1.0 -1.0 1.0 67
0.0 1.074865738933065 0.0 2.0 68
1.2915763640160707 1.0 2.0 1.0 69
1.0 0.8631454032884702 1.0 0.0 70
1.0 1.4467616658227758 1.0 2.0 71
0.0 1.1045729556774924 0.0 1.0 72
0.04402608236498501 1.0 1.0 1.0 73
-0.003443929462961945 1.0 -1.0 1.0 74
1.0 0.8265968486906892 1.0 0.0 75
-0.003924274671280897 1.0 -1.0 1.0 76
0.0 1.1471161249235349 0.0 2.0 77
1.0 0.9553968437158825 1.0 1.0 78
1.1939304077586819 1.0 1.0 1.0 79
0.0 0.9867388019848407 0.0 1.0 80
0.0 1.0620943044883315 0.0 1.0 81
1.0 1.2892344130480429 1.0 1.0 82
0.0 1.2434665161294318 0.0 1.0 83
0.0 0.3687644823772959 0.0 1.0 84
0.0 1.0379197751921125 0.0 1.0 85
-0.5465734144422887 1.0 0.0 1.0 86
1.0 0.7584985602692728 1.0 1.0 87
1.0 1.362461251547799 1.0 1.0 88
1.41446523839507 1.0 1.0 1.0 89
0.0 1.6252076131863316 0.0 1.0 90
0.0 0.3819999657793161 0.0 1.0 91
0.0 1.5646217227434407 0.0 1.0 92
1.0 1.6587981623246444 1.0 1.0 93
0.0 1.7697174083916107 0.0 1.0 94
-0.6735889592986359 1.0 0.0 1.0 95
1.0 0.23552780078721855 1.0 1.0 96
1.7809131743901356 1.0 1.0 1.0 97
0.0 0.13526506302346875 0.0 1.0 98
0.0 1.8753133312281953 0.0 1.0 99
1.0 1.8791453321168075 1.0 1.0 100
0.0 2.0 0.0 1.0 101
*** t = 36
0.0 0.528072944389311 0.0 0.0 9
1.0 0.42915584441254867 1.0 0.0 20
1.0 1.7808273400784085 1.0 2.0 23
1.4045085970234072 1.0 2.0 1.0 27
1.0 1.8206953816375495 1.0 2.0 32
0.9725011196783181 1.027498880321682 1.0 1.0 37
-0.6021842939051564 1.0 -1.0 1.0 38
0.0 0.5517925548803037 0.0 0.0 42
0.7430409796526668 1.2569590203473333 0.5 1.5 44
1.0 0.15677300568799563 1.0 0.0 45
0.9262761445228811 1.073723855477119 1.0 1.0 48
1.7156247145882608 1.0 2.0 1.0 49
0.0 0.35295307281705857 0.0 0.0 50
-0.10038179121629232 1.0 -1.0 1.0 51
-0.5214610229703598 1.0 -1.0 1.0 53
-0.8769856617171868 1.0 -1.0 1.0 54
0.0 1.736955049083602 0.0 2.0 55
1.0 1.2398549327561958 1.0 2.0 59
-0.043322744054957646 1.0 -1.0 1.0 60
1.0 1.47492268158534 1.0 2.0 61
0.8151014138133987 1.1848985861866013 0.5 1.5 62
-0.7296817801817197 1.0 -1.0 1.0 63
0.7251720244555938 1.2748279755444063 0.5 1.5 64
0.20476006768765867 1.2047600676876586 0.5 1.5 66
-0.688029948130203 1.0 -1.0 1.0 67
0.0 1.1725808061087981 0.0 2.0 68
1.4089923971084408 1.0 2.0 1.0 69
1.0 0.759794985405604 1.0 0.0 70
1.0 1.5782854536248463 1.0 2.0 71
0.0 1.0150302512452416 0.0 1.0 72
0.16002898040553892 1.0 1.0 1.0 73
-0.11493769940329099 1.0 -1.0 1.0 74
1.0 0.6962187207674324 1.0 0.0 75
-0.12941480900519103 1.0 -1.0 1.0 76
0.0 1.2905056405389768 0.0 2.0 77
0.9470932459063572 1.0529067540936428 0.5 1.5 78
1.093171708728517 1.0 1.0 1.0 79
-0.12770148798267505 1.0 -1.0 1.0 80
-0.0718922234419069 1.0 -1.0 1.0 81
1.0 1.1876964720549061 1.0 1.0 82
0.0 1.1173776021510038 0.0 1.0 83
0.0 0.4425173788527551 0.0 1.0 84
0.15449626976946496 1.0 1.0 1.0 85
-0.45588809733074637 1.0 0.0 1.0 86
1.0 0.9101982723231273 1.0 1.0 87
1.0 1.2349535018573587 1.0 1.0 88
1.297358286074084 1.0 1.0 1.0 89
0.0 1.5315095164829144 0.0 1.0 90
0.0 0.5093332877057548 0.0 1.0 91
0.0 1.4194956303245876 0.0 1.0 92
1.0 1.5450642164328592 1.0 1.0 93
0.0 1.654576112587416 0.0 1.0 94
-0.5103834389479539 1.0 0.0 1.0 95
1.0 0.3532917011808278 1.0 1.0 96
1.6713697615852035 1.0 1.0 1.0 97
0.0 0.2705301260469375 0.0 1.0 98
0.0 1.7506266624563906 0.0 1.0 99
1.0 1.758290664233615 1.0 1.0 100
0.0 1.8745827313212349 0.0 1.0 101
0.0 0.0 0.0 1.0 102
0.0 2.0 0.0 1.0 103
-1.0 1.0 0.0 1.0 104
1.0 0.0 1.0 1.0 105
1.0 2.0 1.0 1.0 106
2.0 1.0 1.0 1.0 107
*** t = 37
0.0 0.4066310500773177 0.0 0.0 9
1.0 0.33733998171299684 1.0 0.0 20
1.0 1.899162188317353 1.0 2.0 23
1.496989696908923 1.0 2.0 1.0 27
1.0 1.9554832543046596 1.0 2.0 32
1.0 0.9309200043704473 1.0 0.0 37
-0.675010852719027 1.0 -1.0 1.0 38
0.0 0.43521124796984195 0.0 0.0 42
0.6594823505166454 1.3405176494833548 0.5 1.5 44
1.0 0.014611655972395443 1.0 0.0 45
1.0 1.0240694062742088 1.0 2.0 48
1.8664927542876086 1.0 2.0 1.0 49
0.0 0.2614504657513396 0.0 0.0 50
-0.21706966850608633 1.0 -1.0 1.0 51
-0.6615421909131576 1.0 -1.0 1.0 53
-0.9873965829946685 1.0 -1.0 1.0 54
0.0 1.8455147396513272 0.0 2.0 55
1.0 1.3891785949399422 1.0 2.0 59
-0.17954426032528814 1.0 -1.0 1.0 60
1.0 1.573250860357696 1.0 2.0 61
0.7008791174877061 1.2991208825122937 0.5 1.5 62
-0.8532304787661282 1.0 -1.0 1.0 63
0.65503382754624 1.34496617245376 0.5 1.5 64
0.28074897176050917 1.2807489717605092 0.5 1.5 66
-0.8286991104743866 1.0 -1.0 1.0 67
0.0 1.2702958732845313 0.0 2.0 68
1.526408430200811 1.0 2.0 1.0 69
1.0 0.6564445675227377 1.0 0.0 70
1.0 1.7098092414269168 1.0 2.0 71
0.07451245318700914 1.0 1.0 1.0 72
0.27603187844609284 1.0 1.0 1.0 73
-0.22643146934362002 1.0 -1.0 1.0 74
1.0 0.5658405928441756 1.0 0.0 75
-0.2549053433391012 1.0 -1.0 1.0 76
0.0 1.4338951561544186 0.0 2.0 77
0.8626472975418916 1.1373527024581083 0.5 1.5 78
0.9946351877089084 1.0053648122910916 0.5 1.5 79
-0.26866417398050946 1.0 -1.0 1.0 80
-0.20587875137214534 1.0 -1.0 1.0 81
1.0 1.0861585310617694 1.0 1.0 82
0.0061598276662022155 1.0061598276662023 0.5 1.5 83
0.0 0.5162702753282142 0.0 1.0 84
0.34691231473104245 1.0 1.0 1.0 85
-0.36520278021920405 1.0 0.0 1.0 86
0.9562315155052571 1.0437684844947428 0.5 1.5 87
1.0 1.1074457521669185 1.0 1.0 88
1.180251333753098 1.0 1.0 1.0 89
0.0 1.4378114197794973 0.0 1.0 90
0.0 0.6366666096321936 0.0 1.0 91
0.0 1.2743695379057345 0.0 1.0 92
1.0 1.431330270541074 1.0 1.0 93
0.0 1.5394348167832215 0.0 1.0 94
-0.3471779185972719 1.0 0.0 1.0 95
1.0 0.4710556015744371 1.0 1.0 96
1.5618263487802713 1.0 1.0 1.0 97
0.0 0.40579518907040624 0.0 1.0 98
0.0 1.625939993684586 0.0 1.0 99
1.0 1.6374359963504224 1.0 1.0 100
0.0 1.7491654626424697 0.0 1.0 101
0.0 0.11838138789756109 0.0 1.0 102
0.0 1.8964302262184476 0.0 1.0 103
-0.8903809872384512 1.0 0.0 1.0 104
1.0 0.14101925977953392 1.0 1.0 105
1.0 1.8989291241415245 1.0 1.0 106
1.9002574669351544 1.0 1.0 1.0 107
0.0 2.0 0.0 1.0 108
*** t = 38
0.0 0.28518915576532444 0.0 0.0 9
1.0 0.245524119013445 1.0 0.0 20
1.5894707967944386 1.0 2.0 1.0 27
1.0 0.8229507192398974 1.0 0.0 37
-0.7478374115328977 1.0 -1.0 1.0 38
0.0 0.31862994105938025 0.0 0.0 42
0.5759237213806239 1.4240762786193761 0.5 1.5 44
1.0 1.1524000888345933 1.0 2.0 48
0.0 0.16994785868562068 0.0 0.0 50
-0.33375754579588035 1.0 -1.0 1.0 51
-0.8016233588559554 1.0 -1.0 1.0 53
0.0 1.9540744302190522 0.0 2.0 55
1.0 1.5385022571236886 1.0 2.0 59
-0.31576577659561866 1.0 -1.0 1.0 60
1.0 1.671579039130052 1.0 2.0 61
0.5866568211620136 1.4133431788379864 0.5 1.5 62
-0.9767791773505368 1.0 -1.0 1.0 63
0.5848956306368861 1.415104369363114 0.5 1.5 64
0.3567378758333597 1.3567378758333597 0.5 1.5 66
-0.9693682728185702 1.0 -1.0 1.0 67
0.0 1.3680109404602645 0.0 2.0 68
1.643824463293181 1.0 2.0 1.0 69
1.0 0.5530941496398715 1.0 0.0 70
1.0 1.8413330292289873 1.0 2.0 71
0.16405515761925987 1.0 1.0 1.0 72
0.39203477648664675 1.0 1.0 1.0 73
-0.3379252392839491 1.0 -1.0 1.0 74
1.0 0.43546246492091895 1.0 0.0 75
-0.3803958776730113 1.0 -1.0 1.0 76
0.0 1.5772846717698605 0.0 2.0 77
0.778201349177426 1.2217986508225738 0.5 1.5 78
0.9233880283611444 1.0766119716388556 0.5 1.5 79
-0.40962685997834386 1.0 -1.0 1.0 80
-0.33986527930238375 1.0 -1.0 1.0 81
0.9846205900686327 1.0 0.0 1.0 82
0.0953181537727959 1.0953181537727958 0.5 1.5 83
0.0 0.5900231718036735 0.0 1.0 84
0.5393283596926199 1.0 1.0 1.0 85
-0.27451746310766173 1.0 0.0 1.0 86
0.8489636204079299 1.15103637959207 0.5 1.5 87
0.9799380024764783 1.0 0.0 1.0 88
1.063144381432112 1.0 1.0 1.0 89
0.0 1.3441133230760802 0.0 1.0 90
0.0 0.7639999315586323 0.0 1.0 91
0.0 1.1292434454868814 0.0 1.0 92
1.0 1.3175963246492888 1.0 1.0 93
0.0 1.4242935209790268 0.0 1.0 94
-0.1839723982465898 1.0 0.0 1.0 95
1.0 0.5888195019680463 1.0 1.0 96
1.452282935975339 1.0 1.0 1.0 97
0.0 0.541060252093875 0.0 1.0 98
0.0 1.5012533249127813 0.0 1.0 99
1.0 1.5165813284672298 1.0 1.0 100
0.0 1.6237481939637046 0.0 1.0 101
0.0 0.23676277579512217 0.0 1.0 102
0.0 1.7928604524368952 0.0 1.0 103
-0.7807619744769023 1.0 0.0 1.0 104
1.0 0.28203851955906784 1.0 1.0 105
1.0 1.797858248283049 1.0 1.0 106
1.8005149338703088 1.0 1.0 1.0 107
0.0 1.8725093207425456 0.0 1.0 108
0.0 0.0 0.0 1.0 109
0.0 2.0 0.0 1.0 110
1.0 2.0 1.0 1.0 111
*** t = 39
0.0 0.16374726145333118 0.0 0.0 9
1.0 0.15370825631389318 1.0 0.0 20
1.6819518966799543 1.0 2.0 1.0 27
1.0 0.7149814341093474 1.0 0.0 37
-0.8206639703467684 1.0 -1.0 1.0 38
0.0 0.20204863414891855 0.0 0.0 42
0.49236509224460245 1.4923650922446023 0.0 1.0 44
1.0 1.2807307713949778 1.0 2.0 48
0.0 0.07844525161990173 0.0 0.0 50
-0.45044542308567437 1.0 -1.0 1.0 51
-0.9417045267987532 1.0 -1.0 1.0 53
1.0 1.687825919307435 1.0 2.0 59
-0.4519872928659492 1.0 -1.0 1.0 60
1.0 1.769907217902408 1.0 2.0 61
0.472434524836321 1.472434524836321 0.0 1.0 62
0.5147574337275321 1.4852425662724678 0.5 1.5 64
0.4327267799062102 1.4327267799062102 0.5 1.5 66
0.0 1.4657260076359977 0.0 2.0 68
1.7612404963855512 1.0 2.0 1.0 69
1.0 0.44974373175700516 1.0 0.0 70
1.0 1.9728568170310579 1.0 2.0 71
0.2535978620515106 1.0 1.0 1.0 72
0.5080376745272006 1.0 1.0 1.0 73
-0.44941900922427813 1.0 -1.0 1.0 74
1.0 0.30508433699766224 1.0 0.0 75
-0.5058864120069214 1.0 -1.0 1.0 76
0.0 1.7206741873853024 0.0 2.0 77
0.6937554008129605 1.3062445991870395 0.5 1.5 78
0.8521408690133805 1.1478591309866195 0.5 1.5 79
-0.5505895459761783 1.0 -1.0 1.0 80
-0.4738518072326222 1.0 -1.0 1.0 81
0.8830826490754959 1.0 0.0 1.0 82
0.1844764798793896 1.1844764798793896 0.5 1.5 83
0.0 0.6637760682791327 0.0 1.0 84
0.7317444046541974 1.0 1.0 1.0 85
-0.1838321459961194 1.0 0.0 1.0 86
0.7416957253106028 1.258304274689397 0.5 1.5 87
0.8524302527860381 1.0 0.0 1.0 88
0.9460374291111259 1.0 0.0 1.0 89
0.0 1.2504152263726631 0.0 1.0 90
0.0 0.8913332534850711 0.0 1.0 91
0.015882646931971722 1.0 1.0 1.0 92
1.0 1.2038623787575036 1.0 1.0 93
0.0 1.3091522251748322 0.0 1.0 94
-0.020766877895907754 1.0 0.0 1.0 95
1.0 0.7065834023616556 1.0 1.0 96
1.342739523170407 1.0 1.0 1.0 97
0.0 0.6763253151173437 0.0 1.0 98
0.0 1.3765666561409766 0.0 1.0 99
1.0 1.3957266605840373 1.0 1.0 100
0.0 1.4983309252849395 0.0 1.0 101
0.0 0.35514416369268326 0.0 1.0 102
0.0 1.6892906786553428 0.0 1.0 103
-0.6711429617153535 1.0 0.0 1.0 104
1.0 0.4230577793386018 1.0 1.0 105
1.0 1.6967873724245734 1.0 1.0 106
1.7007724008054632 1.0 1.0 1.0 107
0.0 1.7450186414850912 0.0 1.0 108
0.0 0.1208851907548112 0.0 1.0 109
0.0 1.7866723303282215 0.0 1.0 110
1.0 1.8769878900236636 1.0 1.0 111
0.0 2.0 0.0 1.0 112
-1.0 1.0 0.0 1.0 113
1.0 0.0 1.0 1.0 114
2.0 1.0 1.0 1.0 115
*** t = 40
0.0 0.042305367141337924 0.0 0.0 9
1.0 0.06189239361434133 1.0 0.0 20
1.77443299656547 1.0 2.0 1.0 27
1.0 0.6070121489787975 1.0 0.0 37
-0.8934905291606391 1.0 -1.0 1.0 38
0.0 0.08546732723845683 0.0 0.0 42
0.40880646310858104 1.408806463108581 0.0 1.0 44
1.0 1.4090614539553623 1.0 2.0 48
-0.5671333003754684 1.0 -1.0 1.0 51
1.0 1.8371495814911813 1.0 2.0 59
-0.5882088091362797 1.0 -1.0 1.0 60
1.0 1.868235396674764 1.0 2.0 61
0.3582122285106284 1.3582122285106284 0.0 1.0 62
0.44461923681817833 1.4446192368181783 0.0 1.0 64
0.5087156839790608 1.4912843160209392 1.0 1.0 66
0.0 1.563441074811731 0.0 2.0 68
1.8786565294779214 1.0 2.0 1.0 69
1.0 0.34639331387413885 1.0 0.0 70
0.34314056648376134 1.0 1.0 1.0 72
0.6240405725677545 1.0 1.0 1.0 73
-0.5609127791646071 1.0 -1.0 1.0 74
1.0 0.17470620907440554 1.0 0.0 75
-0.6313769463408315 1.0 -1.0 1.0 76
0.0 1.8640637030007443 0.0 2.0 77
0.6093094524484949 1.390690547551505 0.5 1.5 78
0.7808937096656166 1.2191062903343834 0.5 1.5 79
-0.6915522319740126 1.0 -1.0 1.0 80
-0.6078383351628607 1.0 -1.0 1.0 81
0.7815447080823592 1.0 0.0 1.0 82
0.2736348059859833 1.2736348059859832 0.5 1.5 83
0.0 0.737528964754592 0.0 1.0 84
0.9241604496157749 1.0 1.0 1.0 85
-0.0931468288845771 1.0 0.0 1.0 86
0.6344278302132756 1.3655721697867242 0.5 1.5 87
0.7249225030955979 1.0 0.0 1.0 88
0.8289304767901398 1.0 0.0 1.0 89
0.0 1.156717129669246 0.0 1.0 90
0.01319926205500864 1.0131992620550085 0.5 1.5 91
0.16100873935082483 1.0 1.0 1.0 92
1.0 1.0901284328657184 1.0 1.0 93
0.0 1.1940109293706376 0.0 1.0 94
0.0 1.1424386424547743 0.0 2.0 95
1.0 0.8243473027552649 1.0 1.0 96
1.2331961103654747 1.0 1.0 1.0 97
0.0 0.8115903781408125 0.0 1.0 98
0.0 1.251879987369172 0.0 1.0 99
1.0 1.2748719927008447 1.0 1.0 100
0.0 1.3729136566061744 0.0 1.0 101
0.0 0.47352555159024434 0.0 1.0 102
0.0 1.5857209048737904 0.0 1.0 103
-0.5615239489538046 1.0 0.0 1.0 104
1.0 0.5640770391181357 1.0 1.0 105
1.0 1.595716496566098 1.0 1.0 106
1.6010298677406176 1.0 1.0 1.0 107
0.0 1.6175279622276368 0.0 1.0 108
0.0 0.2417703815096224 0.0 1.0 109
0.0 1.573344660656443 0.0 1.0 110
1.0 1.7539757800473272 1.0 1.0 111
0.0 1.8380521005936927 0.0 1.0 112
-0.8440078271872494 1.0 0.0 1.0 113
1.0 0.10747298128162522 1.0 1.0 114
1.8715376270657225 1.0 1.0 1.0 115
0.0 0.0 0.0 1.0 116
0.0 2.0 0.0 1.0 117
1.0 2.0 1.0 1.0 118
*** t = 41
1.8669140964509856 1.0 2.0 1.0 27
1.0 0.4990428638482476 1.0 0.0 37
-0.9663170879745098 1.0 -1.0 1.0 38
0.32524783397255963 1.3252478339725595 0.0 1.0 44
1.0 1.5373921365157468 1.0 2.0 48
-0.6838211776652624 1.0 -1.0 1.0 51
1.0 1.9864732436749277 1.0 2.0 59
-0.7244303254066102 1.0 -1.0 1.0 60
1.0 1.96656357544712 1.0 2.0 61
0.2439899321849358 1.243989932184936 0.0 1.0 62
0.3744810399088245 1.3744810399088243 0.0 1.0 64
0.5847045880519113 1.4152954119480887 1.0 1.0 66
0.0 1.661156141987464 0.0 2.0 68
1.9960725625702915 1.0 2.0 1.0 69
1.0 0.24304289599127255 1.0 0.0 70
0.4326832709160121 1.0 1.0 1.0 72
0.7400434706083083 1.0 1.0 1.0 73
-0.6724065491049361 1.0 -1.0 1.0 74
1.0 0.044328081151148835 1.0 0.0 75
-0.7568674806747416 1.0 -1.0 1.0 76
0.5248635040840294 1.4751364959159707 0.5 1.5 78
0.7096465503178526 1.2903534496821474 0.5 1.5 79
-0.832514917971847 1.0 -1.0 1.0 80
-0.7418248630930991 1.0 -1.0 1.0 81
0.6800067670892225 1.0 0.0 1.0 82
0.3627931320925769 1.3627931320925768 0.5 1.5 83
0.0 0.8112818612300512 0.0 1.0 84
1.1165764945773524 1.0 2.0 1.0 85
-0.0024615117730347746 1.0 0.0 1.0 86
0.5271599351159485 1.4728400648840514 0.5 1.5 87
0.5974147534051577 1.0 0.0 1.0 88
0.7118235244691536 1.0 0.0 1.0 89
0.0 1.063019032965829 0.0 1.0 90
0.10323751746020313 1.1032375174602032 0.5 1.5 91
0.30613483176967793 1.0 1.0 1.0 92
0.9833083816658807 1.0166916183341193 0.5 1.5 93
0.0 1.078869633566443 0.0 1.0 94
0.0 1.3056441628054565 0.0 2.0 95
1.0 0.9421112031488742 1.0 1.0 96
1.1236526975605425 1.0 1.0 1.0 97
0.0 0.9468554411642812 0.0 1.0 98
0.0 1.1271933185973673 0.0 1.0 99
1.0 1.1540173248176522 1.0 1.0 100
0.0 1.2474963879274092 0.0 1.0 101
0.0 0.5919069394878054 0.0 1.0 102
0.0 1.482151131092238 0.0 1.0 103
-0.45190493619225586 1.0 0.0 1.0 104
1.0 0.7050962988976696 1.0 1.0 105
1.0 1.4946456207076224 1.0 1.0 106
1.501287334675772 1.0 1.0 1.0 107
0.0 1.4900372829701825 0.0 1.0 108
0.0 0.3626555722644336 0.0 1.0 109
0.0 1.3600169909846644 0.0 1.0 110
1.0 1.6309636700709909 1.0 1.0 111
0.0 1.6761042011873855 0.0 1.0 112
-0.6880156543744989 1.0 0.0 1.0 113
1.0 0.21494596256325044 1.0 1.0 114
1.743075254131445 1.0 1.0 1.0 115
0.0 0.11690203076822976 0.0 1.0 116
0.0 1.8966249666453556 0.0 1.0 117
1.0 1.8777276143107144 1.0 1.0 118
0.0 2.0 0.0 1.0 119
*** t = 42
1.9593951963365013 1.0 2.0 1.0 27
1.0 0.39107357871769766 1.0 0.0 37
0.24168920483653822 1.2416892048365382 0.0 1.0 44
1.0 1.6657228190761313 1.0 2.0 48
-0.8005090549550564 1.0 -1.0 1.0 51
-0.8606518416769408 1.0 -1.0 1.0 60
0.12976763585924322 1.1297676358592432 0.0 1.0 62
0.30434284299947056 1.3043428429994703 0.0 1.0 64
0.6606934921247618 1.3393065078752382 1.0 1.0 66
0.0 1.7588712091631973 0.0 2.0 68
1.0 0.13969247810840624 1.0 0.0 70
0.5222259753482629 1.0 1.0 1.0 72
0.8560463686488622 1.0 1.0 1.0 73
-0.7839003190452651 1.0 -1.0 1.0 74
-0.8823580150086517 1.0 -1.0 1.0 76
0.44041755571956376 1.4404175557195638 0.0 1.0 78
0.6383993909700887 1.3616006090299113 0.5 1.5 79
-0.9734776039696813 1.0 -1.0 1.0 80
-0.8758113910233376 1.0 -1.0 1.0 81
0.5784688260960857 1.0 0.0 1.0 82
0.45195145819917054 1.4519514581991706 0.5 1.5 83
0.0 0.8850347577055104 0.0 1.0 84
1.30899253953893 1.0 2.0 1.0 85
0.062383651016940614 1.0623836510169407 0.5 1.5 86
0.41989204001862135 1.4198920400186215 0.0 1.0 87
0.46990700371471755 1.0 0.0 1.0 88
0.5947165721481675 1.0 0.0 1.0 89
0.021693374009302897 1.0216933740093028 0.5 1.5 90
0.19327577286539765 1.1932757728653978 0.5 1.5 91
0.45126092418853103 1.0 1.0 1.0 92
0.9028863372746956 1.0971136627253044 0.5 1.5 93
0.0 0.9637283377622484 0.0 0.0 94
0.0 1.4688496831561386 0.0 2.0 95
0.9576619082608633 1.0423380917391367 0.5 1.5 96
1.0141092847556104 1.0 1.0 1.0 97
0.0 1.08212050418775 0.0 2.0 98
0.0 1.0025066498255626 0.0 1.0 99
1.0 1.0331626569344596 1.0 1.0 100
0.0 1.1220791192486441 0.0 1.0 101
0.0 0.7102883273853664 0.0 1.0 102
0.0 1.3785813573106855 0.0 1.0 103
-0.3422859234307071 1.0 0.0 1.0 104
1.0 0.8461155586772034 1.0 1.0 105
1.0 1.393574744849147 1.0 1.0 106
1.4015448016109264 1.0 1.0 1.0 107
0.0 1.362546603712728 0.0 1.0 108
0.0 0.4835407630192448 0.0 1.0 109
0.0 1.146689321312886 0.0 1.0 110
1.0 1.5079515600946545 1.0 1.0 111
0.0 1.5141563017810782 0.0 1.0 112
-0.5320234815617483 1.0 0.0 1.0 113
1.0 0.3224189438448757 1.0 1.0 114
1.6146128811971674 1.0 1.0 1.0 115
0.0 0.23380406153645952 0.0 1.0 116
0.0 1.7932499332907113 0.0 1.0 117
1.0 1.7554552286214289 1.0 1.0 118
0.0 1.8697621848353 0.0 1.0 119
0.0 0.0 0.0 1.0 120
0.0 2.0 0.0 1.0 121
-1.0 1.0 0.0 1.0 122
1.0 0.0 1.0 1.0 123
1.0 2.0 1.0 1.0 124
2.0 1.0 1.0 1.0 125
*** t = 43
1.0 0.2831042935871477 1.0 0.0 37
0.1581305757005168 1.1581305757005167 0.0 1.0 44
1.0 1.7940535016365158 1.0 2.0 48
-0.9171969322448504 1.0 -1.0 1.0 51
-0.9968733579472713 1.0 -1.0 1.0 60
0.015545339533550653 1.0155453395335508 0.0 1.0 62
0.23420464609011665 1.2342046460901166 0.0 1.0 64
0.7366823961976123 1.2633176038023877 1.0 1.0 66
0.0 1.8565862763389305 0.0 2.0 68
1.0 0.03634206022553994 1.0 0.0 70
0.6117686797805136 1.0 1.0 1.0 72
0.972049266689416 1.0 1.0 1.0 73
-0.8953940889855941 1.0 -1.0 1.0 74
0.35597160735509814 1.3559716073550983 0.0 1.0 78
0.5671522316223248 1.4328477683776752 0.5 1.5 79
0.476930885102949 1.0 0.0 1.0 82
0.5411097843057643 1.4588902156942358 1.0 1.0 83
0.0 0.9587876541809697 0.0 1.0 84
1.5014085845005074 1.0 2.0 1.0 85
0.12650785370056467 1.1265078537005646 0.5 1.5 86
0.3126241449212942 1.3126241449212943 0.0 1.0 87
0.3423992540242774 1.0 0.0 1.0 88
0.4776096198271814 1.0 0.0 1.0 89
0.08794793357256198 1.087947933572562 0.5 1.5 90
0.28331402827059216 1.2833140282705924 0.5 1.5 91
0.5963870166073841 1.0 1.0 1.0 92
0.8224642928835104 1.1775357071164896 0.5 1.5 93
0.0 0.8485870419580539 0.0 0.0 94
0.0 1.6320552035068208 0.0 2.0 95
0.874390255713565 1.125609744286435 0.5 1.5 96
0.9325178808996993 1.0674821191003008 0.5 1.5 97
0.0 1.2173855672112186 0.0 2.0 98
0.1221800189462421 1.0 1.0 1.0 99
0.9379923844022661 1.062007615597734 0.5 1.5 100
0.00333814943012109 1.0 1.0 1.0 101
0.0 0.8286697152829274 0.0 1.0 102
0.0 1.2750115835291331 0.0 1.0 103
-0.2326669106691583 1.0 0.0 1.0 104
1.0 0.9871348184567373 1.0 1.0 105
1.0 1.2925038689906714 1.0 1.0 106
1.3018022685460808 1.0 1.0 1.0 107
0.0 1.2350559244552737 0.0 1.0 108
0.0 0.6044259537740561 0.0 1.0 109
0.047120428011644414 1.0471204280116444 0.5 1.5 110
1.0 1.384939450118318 1.0 1.0 111
0.0 1.352208402374771 0.0 1.0 112
-0.3760313087489977 1.0 0.0 1.0 113
1.0 0.4298919251265009 1.0 1.0 114
1.4861505082628899 1.0 1.0 1.0 115
0.0 0.3507060923046893 0.0 1.0 116
0.0 1.6898748999360669 0.0 1.0 117
1.0 1.6331828429321433 1.0 1.0 118
0.0 1.7395243696706002 0.0 1.0 119
0.0 0.1484682769473874 0.0 1.0 120
0.0 1.8478462882769227 0.0 1.0 121
-0.9336717023282539 1.0 0.0 1.0 122
1.0 0.1824090435966075 1.0 1.0 123
1.0 1.8530453181673592 1.0 1.0 124
1.8424961989659003 1.0 1.0 1.0 125
0.0 2.0 0.0 1.0 126
*** t = 44
0.0 2.0 0.0 1.0 128
1.0 2.0 1.0 1.0 129
1.0 0.17513500845659782 1.0 0.0 37
0.07457194656449537 1.0745719465644954 0.0 1.0 44
1.0 1.9223841841969003 1.0 2.0 48
0.13955029058915094 1.0 1.0 1.0 62
0.1640664491807628 1.1640664491807626 0.0 1.0 64
0.8126713002704629 1.1873286997295371 1.0 1.0 66
0.0 1.9543013435146637 0.0 2.0 68
0.7013113842127644 1.0 1.0 1.0 72
1.0 1.08805216472997 1.0 2.0 73
0.2715256589906326 1.2715256589906327 0.0 1.0 78
0.4959050722745608 1.4959050722745608 0.0 1.0 79
0.3753929441098123 1.0 0.0 1.0 82
0.630268110412358 1.369731889587642 1.0 1.0 83
0.0 1.032540550656429 0.0 2.0 84
1.693824629462085 1.0 2.0 1.0 85
0.1906320563841887 1.1906320563841886 0.5 1.5 86
0.20535624982396705 1.2053562498239672 0.0 1.0 87
0.21489150433383725 1.0 0.0 1.0 88
0.3605026675061953 1.0 0.0 1.0 89
0.15420249313582107 1.154202493135821 0.5 1.5 90
0.3733522836757867 1.3733522836757868 0.5 1.5 91
0.7415131090262372 1.0 1.0 1.0 92
0.7420422484923253 1.2579577515076747 0.5 1.5 93
0.0 0.7334457461538594 0.0 0.0 94
0.0 1.795260723857503 0.0 2.0 95
0.7911186031662667 1.2088813968337333 0.5 1.5 96
0.8550589908710146 1.1449410091289856 0.5 1.5 97
0.0 1.3526506302346872 0.0 2.0 98
0.2468666877180468 1.0 1.0 1.0 99
0.8525352292040126 1.1474647707959875 0.5 1.5 100
0.1287554181088863 1.0 1.0 1.0 101
0.0 0.9470511031804885 0.0 1.0 102
0.0 1.1714418097475807 0.0 1.0 103
-0.1230478979076095 1.0 0.0 1.0 104
1.0 1.1281540782362713 1.0 2.0 105
1.0 1.1914329931321959 1.0 1.0 106
1.2020597354812352 1.0 1.0 1.0 107
0.0 1.1075652451978193 0.0 1.0 108
0.0 0.7253111445288672 0.0 1.0 109
0.19796586985128284 1.1979658698512827 0.5 1.5 110
1.0 1.2619273401419817 1.0 1.0 111
0.0 1.1902605029684636 0.0 1.0 112
-0.22003913593624716 1.0 0.0 1.0 113
1.0 0.5373649064081261 1.0 1.0 114
1.3576881353286123 1.0 1.0 1.0 115
0.0 0.46760812307291905 0.0 1.0 116
0.0 1.5864998665814225 0.0 1.0 117
1.0 1.5109104572428578 1.0 1.0 118
0.0 1.6092865545059003 0.0 1.0 119
0.0 0.2969365538947748 0.0 1.0 120
0.0 1.6956925765538453 0.0 1.0 121
-0.8673434046565078 1.0 0.0 1.0 122
1.0 0.364818087193215 1.0 1.0 123
1.0 1.7060906363347184 1.0 1.0 124
1.6849923979318007 1.0 1.0 1.0 125
0.0 1.8063136805869018 0.0 1.0 126
0.0 0.0 0.0 1.0 127
*** t = 45
0.0 1.8860825090540805 0.0 1.0 128
1.0 1.8712638626332458 1.0 1.0 129
0.0 2.0 0.0 1.0 130
-1.0 1.0 0.0 1.0 131
1.0 0.0 1.0 1.0 132
2.0 1.0 1.0 1.0 133
1.0 0.06716572332604792 1.0 0.0 37
-0.012709088373394031 1.0 -1.0 1.0 44
0.30108501117834396 1.0 1.0 1.0 62
0.09392825227140889 1.0939282522714089 0.0 1.0 64
0.8886602043433134 1.1113397956566866 1.0 1.0 66
0.7908540886450152 1.0 1.0 1.0 72
1.0 1.2040550627705238 1.0 2.0 73
0.18707971062616702 1.187079710626167 0.0 1.0 78
0.4246579129267969 1.4246579129267969 0.0 1.0 79
0.27385500311667554 1.0 0.0 1.0 82
0.7194264365189517 1.2805735634810484 1.0 1.0 83
0.0 1.1062934471318882 0.0 2.0 84
1.8862406744236624 1.0 2.0 1.0 85
0.25475625906781274 1.2547562590678125 0.5 1.5 86
0.09808835472663989 1.09808835472664 0.0 1.0 87
0.0873837546433971 1.0 0.0 1.0 88
0.2433957151852092 1.0 0.0 1.0 89
0.22045705269908017 1.2204570526990801 0.5 1.5 90
0.4633905390809812 1.4633905390809812 0.5 1.5 91
0.8866392014450903 1.0 1.0 1.0 92
0.6616202041011401 1.33837979589886 0.5 1.5 93
0.0 0.6183044503496649 0.0 0.0 94
0.0 1.958466244208185 0.0 2.0 95
0.7078469506189684 1.2921530493810316 0.5 1.5 96
0.7776001008423298 1.2223998991576703 0.5 1.5 97
0.0 1.4879156932581559 0.0 2.0 98
0.3715533564898515 1.0 1.0 1.0 99
0.7670780740057591 1.232921925994241 0.5 1.5 100
0.2541726867876515 1.0 1.0 1.0 101
0.0462677581512171 1.0462677581512172 0.5 1.5 102
0.0 1.0678720359660283 0.0 1.0 103
-0.01342888514606072 1.0 0.0 1.0 104
1.0 1.2691733380158052 1.0 2.0 105
1.0 1.0903621172737203 1.0 1.0 106
1.1023172024163896 1.0 1.0 1.0 107
-0.01992543405963501 1.0 -1.0 1.0 108
0.0 0.8461963352836784 0.0 1.0 109
0.34881131169092117 1.348811311690921 0.5 1.5 110
1.0 1.1389152301656453 1.0 1.0 111
0.0 1.0283126035621564 0.0 1.0 112
-0.06404696312349661 1.0 0.0 1.0 113
1.0 0.6448378876897513 1.0 1.0 114
1.2292257623943348 1.0 1.0 1.0 115
0.0 0.5845101538411488 0.0 1.0 116
0.0 1.4831248332267781 0.0 1.0 117
1.0 1.3886380715535722 1.0 1.0 118
0.0 1.4790487393412004 0.0 1.0 119
0.0 0.4454048308421622 0.0 1.0 120
0.0 1.543538864830768 0.0 1.0 121
-0.8010151069847617 1.0 0.0 1.0 122
1.0 0.5472271307898225 1.0 1.0 123
1.0 1.5591359545020775 1.0 1.0 124
1.527488596897701 1.0 1.0 1.0 125
0.0 1.6126273611738036 0.0 1.0 126
0.0 0.11597528838900244 0.0 1.0 127
*** t = 46
0.0 1.772165018108161 0.0 1.0 128
1.0 1.7425277252664917 1.0 1.0 129
0.0 1.8810608540374354 0.0 1.0 130
-0.8537967774096664 1.0 0.0 1.0 131
1.0 0.12042704742134709 1.0 1.0 132
1.8858283677376033 1.0 1.0 1.0 133
0.0 0.0 0.0 1.0 134
0.0 2.0 0.0 1.0 135
1.0 2.0 1.0 1.0 136
-0.13087883495085917 1.0 -1.0 1.0 44
0.46261973176753696 1.0 1.0 1.0 62
0.023790055362055015 1.023790055362055 0.0 1.0 64
0.9646491084161639 1.035350891583836 1.0 1.0 66
0.8803967930772659 1.0 1.0 1.0 72
1.0 1.3200579608110776 1.0 2.0 73
0.10263376226170141 1.1026337622617015 0.0 1.0 78
0.35341075357903295 1.353410753579033 0.0 1.0 79
0.1723170621235388 1.0 0.0 1.0 82
0.8085847626255454 1.1914152373744546 1.0 1.0 83
0.0 1.1800463436073474 0.0 2.0 84
0.31888046175143675 1.3188804617514365 0.5 1.5 86
0.012981830488577234 1.0 1.0 1.0 87
0.0 0.9598760049529569 0.0 0.0 88
0.12628876286422308 1.0 0.0 1.0 89
0.28671161226233927 1.2867116122623392 0.5 1.5 90
0.5534287944861757 1.4465712055138242 1.0 1.0 91
1.0 0.9682347061360566 1.0 0.0 92
0.5811981597099549 1.418801840290045 0.5 1.5 93
0.0 0.5031631545454703 0.0 0.0 94
0.6245752980716701 1.3754247019283299 0.5 1.5 96
0.700141210813645 1.2998587891863551 0.5 1.5 97
0.0 1.6231807562816245 0.0 2.0 98
0.49624002526165617 1.0 1.0 1.0 99
0.6816209188075056 1.3183790811924945 0.5 1.5 100
0.3795899554664167 1.0 1.0 1.0 101
0.12997604029985765 1.1299760402998578 0.5 1.5 102
0.0 0.9643022621844759 0.0 0.0 103
0.068016691520111 1.068016691520111 0.5 1.5 104
1.0 1.4101925977953391 1.0 2.0 105
0.9892912414152448 1.0 0.0 1.0 106
1.002574669351544 1.0 1.0 1.0 107
-0.14741611331708931 1.0 -1.0 1.0 108
0.0 0.9670815260384896 0.0 1.0 109
0.4996567535305595 1.4996567535305596 0.5 1.5 110
1.0 1.015903120189309 1.0 1.0 111
0.0 0.866364704155849 0.0 0.0 112
0.09194520968925393 1.0 1.0 1.0 113
1.0 0.7523108689713764 1.0 1.0 114
1.1007633894600573 1.0 1.0 1.0 115
0.0 0.7014121846093786 0.0 1.0 116
0.0 1.3797497998721338 0.0 1.0 117
1.0 1.2663656858642867 1.0 1.0 118
0.0 1.3488109241765005 0.0 1.0 119
0.0 0.5938731077895496 0.0 1.0 120
0.0 1.3913851531076906 0.0 1.0 121
-0.7346868093130157 1.0 0.0 1.0 122
1.0 0.72963617438643 1.0 1.0 123
1.0 1.4121812726694367 1.0 1.0 124
1.3699847958636013 1.0 1.0 1.0 125
0.0 1.4189410417607053 0.0 1.0 126
0.0 0.23195057677800487 0.0 1.0 127
*** t = 47
0.0 1.6582475271622414 0.0 1.0 128
1.0 1.6137915878997375 1.0 1.0 129
0.0 1.7621217080748708 0.0 1.0 130
-0.7075935548193328 1.0 0.0 1.0 131
1.0 0.24085409484269418 1.0 1.0 132
1.7716567354752066 1.0 1.0 1.0 133
0.0 0.1419442232907618 0.0 1.0 134
0.0 1.8753985988944457 0.0 1.0 135
1.0 1.8921798649063075 1.0 1.0 136
0.0 2.0 0.0 1.0 137
-0.24904858152832432 1.0 -1.0 1.0 44
0.62415445235673 1.0 1.0 1.0 62
0.0 1.065546170366978 0.0 2.0 64
1.0 0.9425291715901486 1.0 0.0 66
0.9699394975095167 1.0 1.0 1.0 72
1.0 1.4360608588516315 1.0 2.0 73
0.018187813897235866 1.0181878138972358 0.0 1.0 78
0.282163594231269 1.282163594231269 0.0 1.0 79
0.07077912113040208 1.0 0.0 1.0 82
0.897743088732139 1.102256911267861 1.0 1.0 83
0.0 1.2537992400828066 0.0 2.0 84
0.38300466443506076 1.3830046644350606 0.5 1.5 86
0.16468154254243178 1.0 1.0 1.0 87
0.0 0.8323682552625167 0.0 0.0 88
0.009181810543236982 1.0 0.0 1.0 89
0.35296617182559836 1.3529661718255983 0.5 1.5 90
0.6434670498913702 1.3565329501086296 1.0 1.0 91
1.0 0.8231086137172035 1.0 0.0 92
0.5007761153187698 1.4992238846812302 0.5 1.5 93
0.0 0.3880218587412758 0.0 0.0 94
0.5413036455243718 1.4586963544756282 0.5 1.5 96
0.6226823207849602 1.37731767921504 0.5 1.5 97
0.0 1.7584458193050931 0.0 2.0 98
0.6209266940334609 1.0 1.0 1.0 99
0.5961637636092522 1.403836236390748 0.5 1.5 100
0.505007224145182 1.0 1.0 1.0 101
0.21368432244849822 1.2136843224484983 0.5 1.5 102
0.0 0.8607324884029235 0.0 0.0 103
0.14552903879077683 1.1455290387907768 0.5 1.5 104
1.0 1.551211857574873 1.0 2.0 105
0.8882203655567693 1.0 0.0 1.0 106
0.9312919446549142 1.0687080553450858 0.5 1.5 107
-0.27490679257454365 1.0 -1.0 1.0 108
0.08796671679330083 1.0 1.0 1.0 109
0.6505021953701979 1.349497804629802 1.0 1.0 110
1.1071089897870274 1.0 2.0 1.0 111
0.0 0.7044168047495416 0.0 0.0 112
0.24793738250200448 1.0 1.0 1.0 113
1.0 0.8597838502530016 1.0 1.0 114
1.0 0.9723010165257797 1.0 0.0 115
0.0 0.8183142153776084 0.0 1.0 116
0.0 1.2763747665174894 0.0 1.0 117
1.0 1.144093300175001 1.0 1.0 118
0.0 1.2185731090118006 0.0 1.0 119
0.0 0.742341384736937 0.0 1.0 120
0.0 1.2392314413846133 0.0 1.0 121
-0.6683585116412696 1.0 0.0 1.0 122
1.0 0.9120452179830375 1.0 1.0 123
1.0 1.265226590836796 1.0 1.0 124
1.2124809948295017 1.0 1.0 1.0 125
0.0 1.2252547223476071 0.0 1.0 126
0.0 0.3479258651670073 0.0 1.0 127
*** t = 48
0.0 1.544330036216322 0.0 1.0 128
1.0 1.4850554505329834 1.0 1.0 129
0.0 1.6431825621123062 0.0 1.0 130
-0.5613903322289993 1.0 0.0 1.0 131
1.0 0.3612811422640413 1.0 1.0 132
1.65748510321281 1.0 1.0 1.0 133
0.0 0.2838884465815236 0.0 1.0 134
0.0 1.7507971977888914 0.0 1.0 135
1.0 1.784359729812615 1.0 1.0 136
0.0 1.8764378628330214 0.0 1.0 137
0.0 0.0 0.0 1.0 138
0.0 2.0 0.0 1.0 139
-1.0 1.0 0.0 1.0 140
1.0 0.0 1.0 1.0 141
1.0 2.0 1.0 1.0 142
2.0 1.0 1.0 1.0 143
-0.36721832810578947 1.0 -1.0 1.0 44
0.785689172945923 1.0 1.0 1.0 62
0.0 1.1647365596765809 0.0 2.0 64
1.0 0.8350646328604553 1.0 0.0 66
1.0 1.0594822019417673 1.0 2.0 72
1.0 1.5520637568921853 1.0 2.0 73
0.0 0.9062968476189034 0.0 0.0 78
0.2109164348835051 1.210916434883505 0.0 1.0 79
0.021749770106235144 1.0217497701062352 0.5 1.5 82
0.9869014148387327 1.0130985851612673 1.0 1.0 83
0.0 1.3275521365582659 0.0 2.0 84
0.44712886711868477 1.4471288671186846 0.5 1.5 86
0.3163812545962863 1.0 1.0 1.0 87
0.0 0.7048605055720765 0.0 0.0 88
-0.10792514177774912 1.0 -1.0 1.0 89
0.41922073138885746 1.4192207313888574 0.5 1.5 90
0.7335053052965647 1.2664946947034352 1.0 1.0 91
1.0 0.6779825212983503 1.0 0.0 92
0.4203540709275846 1.4203540709275846 0.0 1.0 93
0.0 0.2728805629370813 0.0 0.0 94
0.4580319929770736 1.4580319929770735 0.0 1.0 96
0.5452234307562754 1.4547765692437247 0.5 1.5 97
0.0 1.8937108823285618 0.0 2.0 98
0.7456133628052656 1.0 1.0 1.0 99
0.5107066084109987 1.4892933915890014 0.5 1.5 100
0.6304244928239472 1.0 1.0 1.0 101
0.2973926045971388 1.297392604597139 0.5 1.5 102
0.0 0.7571627146213711 0.0 0.0 103
0.2230413860614427 1.2230413860614426 0.5 1.5 104
1.0 1.692231117354407 1.0 2.0 105
0.7871494896982938 1.0 0.0 1.0 106
0.8607633231520384 1.1392366768479616 0.5 1.5 107
-0.4023974718319979 1.0 -1.0 1.0 108
0.20885190754811203 1.0 1.0 1.0 109
0.8013476372098364 1.1986523627901637 1.0 1.0 110
1.2301210997633638 1.0 2.0 1.0 111
0.0 0.5424689053432342 0.0 0.0 112
0.40392955531475505 1.0 1.0 1.0 113
1.0 0.9672568315346268 1.0 1.0 114
1.0 0.8438386435915022 1.0 0.0 115
0.0 0.9352162461458382 0.0 1.0 116
0.0 1.172999733162845 0.0 1.0 117
1.0 1.0218209144857155 1.0 1.0 118
0.0 1.0883352938471007 0.0 1.0 119
0.0 0.8908096616843244 0.0 1.0 120
0.0 1.087077729661536 0.0 1.0 121
-0.6020302139695235 1.0 0.0 1.0 122
0.933210751125065 1.0667892488749349 0.5 1.5 123
1.0 1.118271909004155 1.0 1.0 124
1.054977193795402 1.0 1.0 1.0 125
0.0 1.031568402934509 0.0 1.0 126
0.0 0.46390115355600975 0.0 1.0 127
*** t = 49
0.0 1.4304125452704024 0.0 1.0 128
1.0 1.3563193131662292 1.0 1.0 129
0.0 1.5242434161497416 0.0 1.0 130
-0.4151871096386657 1.0 0.0 1.0 131
1.0 0.48170818968538837 1.0 1.0 132
1.5433134709504133 1.0 1.0 1.0 133
0.0 0.4258326698722854 0.0 1.0 134
0.0 1.6261957966833371 0.0 1.0 135
1.0 1.6765395947189226 1.0 1.0 136
0.0 1.7528757256660428 0.0 1.0 137
0.0 0.10762929067774292 0.0 1.0 138
0.0 1.8632851223968656 0.0 1.0 139
-0.8592302858329428 1.0 0.0 1.0 140
1.0 0.120416166209124 1.0 1.0 141
1.0 1.8691690445580802 1.0 1.0 142
1.8748987764709688 1.0 1.0 1.0 143
0.0 2.0 0.0 1.0 144
-0.4853880746832546 1.0 -1.0 1.0 44
0.947223893535116 1.0 1.0 1.0 62
0.0 1.2639269489861837 0.0 2.0 64
1.0 0.727600094130762 1.0 0.0 66
1.0 1.149024906374018 1.0 2.0 72
1.0 1.6680666549327392 1.0 2.0 73
0.0 0.7868722421544181 0.0 0.0 78
0.13966927553574116 1.1396692755357412 0.0 1.0 79
0.09354793673020166 1.0935479367302017 0.5 1.5 82
1.1075647171954648 1.0 2.0 1.0 83
0.0 1.4013050330337251 0.0 2.0 84
0.5112530698023087 1.4887469301976912 1.0 1.0 86
0.4680809666501409 1.0 1.0 1.0 87
0.0 0.5773527558816363 0.0 0.0 88
-0.2250320940987352 1.0 -1.0 1.0 89
0.48547529095211656 1.4854752909521165 0.5 1.5 90
0.8235435607017592 1.1764564392982408 1.0 1.0 91
1.0 0.5328564288794972 1.0 0.0 92
0.3399320265363994 1.3399320265363994 0.0 1.0 93
0.0 0.15773926713288675 0.0 0.0 94
0.37476034042977535 1.3747603404297752 0.0 1.0 96
0.4677645407275906 1.4677645407275905 0.0 1.0 97
0.8703000315770703 1.0 1.0 1.0 99
0.4252494532127452 1.425249453212745 0.0 1.0 100
0.7558417615027124 1.0 1.0 1.0 101
0.38110088674577935 1.3811008867457795 0.5 1.5 102
0.0 0.6535929408398187 0.0 0.0 103
0.3005537333321085 1.3005537333321084 0.5 1.5 104
1.0 1.8332503771339408 1.0 2.0 105
0.6860786138398183 1.0 0.0 1.0 106
0.7902347016491627 1.2097652983508373 0.5 1.5 107
-0.5298881510894522 1.0 -1.0 1.0 108
0.32973709830292325 1.0 1.0 1.0 109
0.9521930790494747 1.0478069209505254 1.0 1.0 110
1.3531332097397002 1.0 2.0 1.0 111
0.0 0.38052100593692684 0.0 0.0 112
0.5599217281275056 1.0 1.0 1.0 113
0.9471580426008268 1.0528419573991732 0.5 1.5 114
1.0 0.7153762706572246 1.0 0.0 115
0.03685318702969574 1.0368531870296958 0.5 1.5 116
0.0 1.0696246998082006 0.0 1.0 117
1.0 0.89954852879643 1.0 0.0 118
0.04190252131759911 1.0 1.0 1.0 119
0.02777369675751248 1.0277736967575124 0.5 1.5 120
0.0 0.9349240179384586 0.0 0.0 121
-0.5357019162977774 1.0 0.0 1.0 122
0.8042280794481513 1.1957719205518487 0.5 1.5 123
0.9797182168297446 1.0202817831702555 0.5 1.5 124
1.0 0.8974733927613023 1.0 0.0 125
0.16211791647858922 1.0 1.0 1.0 126
0.0 0.5798764419450122 0.0 1.0 127
*** t = 50
0.0 1.3164950543244829 0.0 1.0 128
1.0 1.227583175799475 1.0 1.0 129
0.0 1.405304270187177 0.0 1.0 130
-0.2689838870483321 1.0 0.0 1.0 131
1.0 0.6021352371067354 1.0 1.0 132
1.4291418386880166 1.0 1.0 1.0 133
0.0 0.5677768931630472 0.0 1.0 134
0.0 1.5015943955777828 0.0 1.0 135
1.0 1.56871945962523 1.0 1.0 136
0.0 1.6293135884990642 0.0 1.0 137
0.0 0.21525858135548584 0.0 1.0 138
0.0 1.7265702447937312 0.0 1.0 139
-0.7184605716658856 1.0 0.0 1.0 140
1.0 0.240832332418248 1.0 1.0 141
1.0 1.7383380891161604 1.0 1.0 142
1.7497975529419376 1.0 1.0 1.0 143
0.0 1.921582743318951 0.0 1.0 144
0.0 0.0 0.0 1.0 145
0.0 2.0 0.0 1.0 146
1.0 2.0 1.0 1.0 147
-0.6035578212607198 1.0 -1.0 1.0 44
1.0 1.108758614124309 1.0 2.0 62
0.0 1.3631173382957866 0.0 2.0 64
1.0 0.6201355554010687 1.0 0.0 66
1.0 1.2385676108062689 1.0 2.0 72
1.0 1.784069552973293 1.0 2.0 73
0.0 0.6674476366899328 0.0 0.0 78
0.06842211618797721 1.0684221161879772 0.0 1.0 79
0.16534610335416816 1.165346103354168 0.5 1.5 82
1.2336536311738928 1.0 2.0 1.0 83
0.0 1.4750579295091844 0.0 2.0 84
0.5753772724859327 1.4246227275140673 1.0 1.0 86
0.6197806787039954 1.0 1.0 1.0 87
0.0 0.4498450061911961 0.0 0.0 88
-0.3421390464197213 1.0 -1.0 1.0 89
0.5517298505153756 1.4482701494846244 1.0 1.0 90
0.9135818161069537 1.0864181838930462 1.0 1.0 91
1.0 0.38773033646064414 1.0 0.0 92
0.25950998214521426 1.2595099821452143 0.0 1.0 93
0.0 0.0425979713286922 0.0 0.0 94
0.29148868788247706 1.291488687882477 0.0 1.0 96
0.3903056506989058 1.3903056506989058 0.0 1.0 97
0.9949867003488749 1.0 1.0 1.0 99
0.33979229801449173 1.3397922980144916 0.0 1.0 100
0.8812590301814777 1.0 1.0 1.0 101
0.4648091688944199 1.46480916889442 0.5 1.5 102
0.0 0.5500231670582663 0.0 0.0 103
0.37806608060277436 1.3780660806027742 0.5 1.5 104
1.0 1.9742696369134747 1.0 2.0 105
0.5850077379813428 1.0 0.0 1.0 106
0.7197060801462869 1.280293919853713 0.5 1.5 107
-0.6573788303469065 1.0 -1.0 1.0 108
0.45062228905773444 1.0 1.0 1.0 109
1.145718473688247 1.0 2.0 1.0 110
1.4761453197160366 1.0 2.0 1.0 111
0.0 0.21857310653061945 0.0 0.0 112
0.7159139009402562 1.0 1.0 1.0 113
0.8711631687422547 1.1288368312577453 0.5 1.5 114
1.0 0.5869138977229471 1.0 0.0 115
0.11951540572038942 1.1195154057203895 0.5 1.5 116
0.03375033354644365 1.0 1.0 1.0 117
1.0 0.7772761431071444 1.0 0.0 118
0.17214033648229893 1.0 1.0 1.0 119
0.13275662217809248 1.1327566221780925 0.5 1.5 120
0.0 0.7827703062153812 0.0 0.0 121
-0.46937361862603133 1.0 0.0 1.0 122
0.6752454077712375 1.3247545922287625 0.5 1.5 123
0.8758055647787728 1.1241944352212274 0.5 1.5 124
1.0 0.7399695917272027 1.0 0.0 125
0.35580423589168736 1.0 1.0 1.0 126
0.0 0.6958517303340146 0.0 1.0 127
*** t = 51
0.0 1.2025775633785634 0.0 1.0 128
1.0 1.098847038432721 1.0 1.0 129
0.0 1.2863651242246124 0.0 1.0 130
-0.12278066445799854 1.0 0.0 1.0 131
1.0 0.7225622845280826 1.0 1.0 132
1.31497020642562 1.0 1.0 1.0 133
0.0 0.7097211164538091 0.0 1.0 134
0.0 1.3769929944722286 0.0 1.0 135
1.0 1.4608993245315376 1.0 1.0 136
0.0 1.5057514513320855 0.0 1.0 137
0.0 0.3228878720332288 0.0 1.0 138
0.0 1.5898553671905968 0.0 1.0 139
-0.5776908574988284 1.0 0.0 1.0 140
1.0 0.361248498627372 1.0 1.0 141
1.0 1.6075071336742406 1.0 1.0 142
1.6246963294129064 1.0 1.0 1.0 143
0.0 1.843165486637902 0.0 1.0 144
0.0 0.11060466361010411 0.0 1.0 145
0.0 1.87171664868448 0.0 1.0 146
1.0 1.8947635184129747 1.0 1.0 147
0.0 2.0 0.0 1.0 148
-1.0 1.0 0.0 1.0 149
1.0 0.0 1.0 1.0 150
2.0 1.0 1.0 1.0 151
-0.7217275678381849 1.0 -1.0 1.0 44
1.0 1.2702933347135021 1.0 2.0 62
0.0 1.4623077276053895 0.0 2.0 64
1.0 0.5126710166713754 1.0 0.0 66
1.0 1.3281103152385196 1.0 2.0 72
1.0 1.900072451013847 1.0 2.0 73
0.0 0.5480230312254475 0.0 0.0 78
0.003995214350859741 1.0 1.0 1.0 79
0.23714426997813465 1.2371442699781345 0.5 1.5 82
1.3597425451523208 1.0 2.0 1.0 83
0.0 1.5488108259846436 0.0 2.0 84
0.6395014751695568 1.3604985248304433 1.0 1.0 86
0.77148039075785 1.0 1.0 1.0 87
0.0 0.32233725650075595 0.0 0.0 88
-0.45924599874070743 1.0 -1.0 1.0 89
0.6179844100786347 1.3820155899213653 1.0 1.0 90
1.0 0.9948804457707595 1.0 0.0 91
1.0 0.24260424404179104 1.0 0.0 92
0.17908793775402906 1.179087937754029 0.0 1.0 93
0.2082170353351788 1.2082170353351787 0.0 1.0 96
0.31284676067022105 1.312846760670221 0.0 1.0 97
0.9153781491673266 1.0846218508326733 0.5 1.5 99
0.25433514281623826 1.2543351428162381 0.0 1.0 100
0.9952791438026942 1.0047208561973058 0.5 1.5 101
0.5485174510430605 1.4514825489569394 1.0 1.0 102
0.0 0.4464533932767139 0.0 0.0 103
0.45557842787344016 1.45557842787344 0.5 1.5 104
0.4839368621228672 1.0 0.0 1.0 106
0.6491774586434111 1.3508225413565889 0.5 1.5 107
-0.7848695096043607 1.0 -1.0 1.0 108
0.5715074798125457 1.0 1.0 1.0 109
1.3590461433600256 1.0 2.0 1.0 110
1.599157429692373 1.0 2.0 1.0 111
0.0 0.05662520712431207 0.0 0.0 112
0.8719060737530068 1.0 1.0 1.0 113
0.7951682948836827 1.2048317051163173 0.5 1.5 114
1.0 0.4584515247886696 1.0 0.0 115
0.2021776244110831 1.2021776244110831 0.5 1.5 116
0.13712536690108793 1.0 1.0 1.0 117
1.0 0.6550037574178589 1.0 0.0 118
0.30237815164699877 1.0 1.0 1.0 119
0.23773954759867247 1.2377395475986726 0.5 1.5 120
0.0 0.6306165944923039 0.0 0.0 121
-0.40304532095428525 1.0 0.0 1.0 122
0.5462627360943237 1.4537372639056763 0.5 1.5 123
0.7718929127278009 1.228107087272199 0.5 1.5 124
1.0 0.582465790693103 1.0 0.0 125
0.5494905553047855 1.0 1.0 1.0 126
0.0 0.811827018723017 0.0 1.0 127
*** t = 52
0.0 1.0886600724326438 0.0 1.0 128
1.0 0.9701109010659669 1.0 0.0 129
0.0 1.1674259782620477 0.0 1.0 130
0.023422558132335014 1.0 1.0 1.0 131
1.0 0.8429893319494297 1.0 1.0 132
1.2007985741632232 1.0 1.0 1.0 133
0.0 0.8516653397445709 0.0 1.0 134
0.0 1.2523915933666743 0.0 1.0 135
1.0 1.353079189437845 1.0 1.0 136
0.0 1.382189314165107 0.0 1.0 137
0.0 0.4305171627109717 0.0 1.0 138
0.0 1.4531404895874624 0.0 1.0 139
-0.43692114333177123 1.0 0.0 1.0 140
1.0 0.481664664836496 1.0 1.0 141
1.0 1.4766761782323208 1.0 1.0 142
1.4995951058838752 1.0 1.0 1.0 143
0.0 1.7647482299568529 0.0 1.0 144
0.0 0.22120932722020822 0.0 1.0 145
0.0 1.7434332973689601 0.0 1.0 146
1.0 1.7895270368259495 1.0 1.0 147
0.0 1.8105128586975536 0.0 1.0 148
-0.8895452121784523 1.0 0.0 1.0 149
1.0 0.08775104866068624 1.0 1.0 150
1.846489136025329 1.0 1.0 1.0 151
0.0 0.0 0.0 1.0 152
0.0 2.0 0.0 1.0 153
1.0 2.0 1.0 1.0 154
-0.8398973144156501 1.0 -1.0 1.0 44
1.0 1.4318280553026952 1.0 2.0 62
0.0 1.5614981169149924 0.0 2.0 64
1.0 0.4052064779416821 1.0 0.0 66
1.0 1.4176530196707704 1.0 2.0 72
0.0 0.4285984257609622 0.0 0.0 78
0.10475391338102455 1.0 1.0 1.0 79
0.30894243660210113 1.308942436602101 0.5 1.5 82
1.4858314591307489 1.0 2.0 1.0 83
0.0 1.6225637224601028 0.0 2.0 84
0.7036256778531809 1.2963743221468194 1.0 1.0 86
0.9231801028117046 1.0 1.0 1.0 87
0.0 0.1948295068103158 0.0 0.0 88
-0.5763529510616935 1.0 -1.0 1.0 89
0.6842389696418938 1.3157610303581062 1.0 1.0 90
1.0 0.8675471238443209 1.0 0.0 91
1.0 0.09747815162293794 1.0 0.0 92
0.09866589336284387 1.098665893362844 0.0 1.0 93
0.12494538278788053 1.1249453827878804 0.0 1.0 96
0.23538787064153627 1.2353878706415362 0.0 1.0 97
0.8272113601552227 1.1727886398447773 0.5 1.5 99
0.16887798761798478 1.1688779876179847 0.0 1.0 100
0.9065957426420441 1.0934042573579559 0.5 1.5 101
0.6322257331917011 1.3677742668082988 1.0 1.0 102
0.0 0.34288361949516155 0.0 0.0 103
0.533090775144106 1.4669092248558941 1.0 1.0 104
0.3828659862643916 1.0 0.0 1.0 106
0.5786488371405354 1.4213511628594646 0.5 1.5 107
-0.912360188861815 1.0 -1.0 1.0 108
0.6923926705673569 1.0 1.0 1.0 109
1.5723738130318041 1.0 2.0 1.0 110
1.7221695396687093 1.0 2.0 1.0 111
1.0 0.9721017534342427 1.0 0.0 113
0.7191734210251106 1.2808265789748894 0.5 1.5 114
1.0 0.32998915185439204 1.0 0.0 115
0.2848398431017768 1.284839843101777 0.5 1.5 116
0.24050040025573222 1.0 1.0 1.0 117
1.0 0.5327313717285733 1.0 0.0 118
0.43261596681169856 1.0 1.0 1.0 119
0.3427224730192525 1.3427224730192526 0.5 1.5 120
0.0 0.47846288276922655 0.0 0.0 121
-0.33671702328253916 1.0 0.0 1.0 122
0.41728006441741 1.41728006441741 0.0 1.0 123
0.6679802606768291 1.332019739323171 0.5 1.5 124
1.0 0.4249619896590034 1.0 0.0 125
0.7431768747178836 1.0 1.0 1.0 126
0.0 0.9278023071120194 0.0 1.0 127
*** t = 53
0.017859691906003818 1.017859691906004 0.5 1.5 128
1.0 0.8413747636992128 1.0 0.0 129
0.0 1.0484868322994831 0.0 1.0 130
0.16962578072266857 1.0 1.0 1.0 131
1.0 0.9634163793707768 1.0 1.0 132
1.0866269419008265 1.0 1.0 1.0 133
0.0 0.9936095630353328 0.0 1.0 134
0.0 1.12779019226112 0.0 1.0 135
1.0 1.2452590543441526 1.0 1.0 136
0.0 1.2586271769981283 0.0 1.0 137
0.0 0.5381464533887146 0.0 1.0 138
0.0 1.316425611984328 0.0 1.0 139
-0.29615142916471404 1.0 0.0 1.0 140
1.0 0.60208083104562 1.0 1.0 141
1.0 1.345845222790401 1.0 1.0 142
1.374493882354844 1.0 1.0 1.0 143
0.0 1.6863309732758038 0.0 1.0 144
0.0 0.3318139908303123 0.0 1.0 145
0.0 1.6151499460534402 0.0 1.0 146
1.0 1.6842905552389242 1.0 1.0 147
0.0 1.6210257173951073 0.0 1.0 148
-0.7790904243569046 1.0 0.0 1.0 149
1.0 0.17550209732137248 1.0 1.0 150
1.692978272050658 1.0 1.0 1.0 151
0.0 0.13679168918044934 0.0 1.0 152
0.0 1.8651036935608025 0.0 1.0 153
1.0 1.8757402523569755 1.0 1.0 154
0.0 2.0 0.0 1.0 155
-0.9580670609931152 1.0 -1.0 1.0 44
1.0 1.5933627758918882 1.0 2.0 62
0.0 1.6606885062245953 0.0 2.0 64
1.0 0.29774193921198877 1.0 0.0 66
1.0 1.5071957241030212 1.0 2.0 72
0.0 0.3091738202964769 0.0 0.0 78
0.20551261241118934 1.0 1.0 1.0 79
0.3807406032260676 1.3807406032260676 0.5 1.5 82
1.611920373109177 1.0 2.0 1.0 83
0.0 1.696316618935562 0.0 2.0 84
0.7677498805368048 1.2322501194631954 1.0 1.0 86
1.0748798148655592 1.0 2.0 1.0 87
0.0 0.06732175711987565 0.0 0.0 88
-0.6934599033826796 1.0 -1.0 1.0 89
0.7504935292051529 1.2495064707948471 1.0 1.0 90
1.0 0.7402138019178821 1.0 0.0 91
0.01824384897165872 1.0182438489716588 0.0 1.0 93
0.04167373024058223 1.041673730240582 0.0 1.0 96
0.1579289806128515 1.1579289806128514 0.0 1.0 97
0.7390445711431186 1.2609554288568814 0.5 1.5 99
0.08342083241973132 1.0834208324197312 0.0 1.0 100
0.817912341481394 1.182087658518606 0.5 1.5 101
0.7159340153403416 1.2840659846596583 1.0 1.0 102
0.0 0.2393138457136092 0.0 0.0 103
0.6106031224147718 1.3893968775852283 1.0 1.0 104
0.28179511040591604 1.0 0.0 1.0 106
0.5081202156376596 1.4918797843623404 0.5 1.5 107
0.8132778613221681 1.0 1.0 1.0 109
1.7857014827035826 1.0 2.0 1.0 110
1.8451816496450457 1.0 2.0 1.0 111
1.0 0.8161095806214921 1.0 0.0 113
0.6431785471665386 1.3568214528334614 0.5 1.5 114
1.0 0.20152677892011447 1.0 0.0 115
0.3675020617924705 1.3675020617924705 0.5 1.5 116
0.3438754336103765 1.0 1.0 1.0 117
1.0 0.4104589860392878 1.0 0.0 118
0.5628537819763983 1.0 1.0 1.0 119
0.4477053984398326 1.4477053984398327 0.5 1.5 120
0.0 0.3263091710461492 0.0 0.0 121
-0.2703887256107931 1.0 0.0 1.0 122
0.28829739274049626 1.2882973927404962 0.0 1.0 123
0.5640676086258573 1.4359323913741426 0.5 1.5 124
1.0 0.2674581886249038 1.0 0.0 125
0.9368631941309817 1.0 1.0 1.0 126
-0.043777595501021824 1.0 -1.0 1.0 127
*** t = 54
0.09841152224962058 1.0984115222496207 0.5 1.5 128
1.0 0.7126386263324588 1.0 0.0 129
-0.07045231366308141 1.0 -1.0 1.0 130
0.3158290033130021 1.0 1.0 1.0 131
1.083843426792124 1.0 2.0 1.0 132
1.0 0.9724553096384299 1.0 0.0 133
-0.13555378632609458 1.0 -1.0 1.0 134
0.0 1.0031887911555657 0.0 1.0 135
1.0 1.1374389192504601 1.0 1.0 136
0.0 1.1350650398311497 0.0 1.0 137
0.0 0.6457757440664575 0.0 1.0 138
0.0 1.1797107343811937 0.0 1.0 139
-0.15538171499765682 1.0 0.0 1.0 140
1.0 0.722496997254744 1.0 1.0 141
1.0 1.2150142673484812 1.0 1.0 142
1.2493926588258129 1.0 1.0 1.0 143
0.0 1.6079137165947548 0.0 1.0 144
0.0 0.44241865444041645 0.0 1.0 145
0.0 1.4868665947379203 0.0 1.0 146
1.0 1.579054073651899 1.0 1.0 147
0.0 1.4315385760926609 0.0 1.0 148
-0.6686356365353568 1.0 0.0 1.0 149
1.0 0.26325314598205873 1.0 1.0 150
1.5394674080759871 1.0 1.0 1.0 151
0.0 0.2735833783608987 0.0 1.0 152
0.0 1.730207387121605 0.0 1.0 153
1.0 1.751480504713951 1.0 1.0 154
0.0 1.9009256658284486 0.0 1.0 155
0.0 0.0 0.0 1.0 156
0.0 2.0 0.0 1.0 157
-1.0 1.0 0.0 1.0 158
1.0 0.0 1.0 1.0 159
1.0 2.0 1.0 1.0 160
2.0 1.0 1.0 1.0 161
1.0 1.7548974964810813 1.0 2.0 62
0.0 1.7598788955341982 0.0 2.0 64
1.0 0.19027740048229544 1.0 0.0 66
1.0 1.596738428535272 1.0 2.0 72
0.0 0.18974921483199156 0.0 0.0 78
0.30627131144135417 1.0 1.0 1.0 79
0.45253876985003416 1.452538769850034 0.5 1.5 82
1.738009287087605 1.0 2.0 1.0 83
0.0 1.7700695154110213 0.0 2.0 84
0.8318740832204288 1.1681259167795714 1.0 1.0 86
1.2265795269194137 1.0 2.0 1.0 87
-0.8105668557036657 1.0 -1.0 1.0 89
0.816748088768412 1.183251911231588 1.0 1.0 90
1.0 0.6128804799914433 1.0 0.0 91
-0.08793324724617896 1.0 -1.0 1.0 93
0.0 0.9411716541072997 0.0 0.0 96
0.08047009058416671 1.0804700905841667 0.0 1.0 97
0.6508777821310145 1.3491222178689855 0.5 1.5 99
0.002879795290755341 1.0 1.0 1.0 100
0.7292289403207439 1.270771059679256 0.5 1.5 101
0.7996422974889822 1.2003577025110177 1.0 1.0 102
0.0 0.13574407193205684 0.0 0.0 103
0.6881154696854376 1.3118845303145625 1.0 1.0 104
0.18072423454744047 1.0 0.0 1.0 106
0.4375915941347838 1.4375915941347839 0.0 1.0 107
0.9341630520769793 1.0 1.0 1.0 109
1.9990291523753612 1.0 2.0 1.0 110
1.968193759621382 1.0 2.0 1.0 111
1.0 0.6601174078087415 1.0 0.0 113
0.5671836733079665 1.4328163266920335 0.5 1.5 114
1.0 0.07306440598583691 1.0 0.0 115
0.4501642804831642 1.4501642804831643 0.5 1.5 116
0.44725046696502074 1.0 1.0 1.0 117
1.0 0.2881866003500023 1.0 0.0 118
0.6930915971410981 1.0 1.0 1.0 119
0.5526883238604127 1.4473116761395874 1.0 1.0 120
0.0 0.17415545932307186 0.0 0.0 121
-0.20406042793904702 1.0 0.0 1.0 122
0.1593147210635825 1.1593147210635824 0.0 1.0 123
0.46015495657488553 1.4601549565748855 0.0 1.0 124
1.0 0.10995438759080417 1.0 0.0 125
1.0 1.13054951354408 1.0 2.0 126
-0.15975288389002426 1.0 -1.0 1.0 127
*** t = 55
0.17896335259323734 1.1789633525932375 0.5 1.5 128
1.0 0.5839024889657047 1.0 0.0 129
-0.18939145962564596 1.0 -1.0 1.0 130
0.4620322259033357 1.0 1.0 1.0 131
1.204270474213471 1.0 2.0 1.0 132
1.0 0.8582836773760332 1.0 0.0 133
-0.2774980096168564 1.0 -1.0 1.0 134
0.0 0.8785873900500114 0.0 0.0 135
1.0 1.0296187841567677 1.0 1.0 136
0.0 1.011502902664171 0.0 1.0 137
0.0 0.7534050347442005 0.0 1.0 138
0.0 1.0429958567780593 0.0 1.0 139
-0.014612000830599603 1.0 0.0 1.0 140
1.0 0.842913163463868 1.0 1.0 141
1.0 1.0841833119065614 1.0 1.0 142
1.1242914352967817 1.0 1.0 1.0 143
0.0 1.5294964599137058 0.0 1.0 144
0.0 0.5530233180505205 0.0 1.0 145
0.0 1.3585832434224003 0.0 1.0 146
1.0 1.4738175920648737 1.0 1.0 147
0.0 1.2420514347902145 0.0 1.0 148
-0.5581808487138091 1.0 0.0 1.0 149
1.0 0.35100419464274496 1.0 1.0 150
1.3859565441013162 1.0 1.0 1.0 151
0.0 0.410375067541348 0.0 1.0 152
0.0 1.5953110806824076 0.0 1.0 153
1.0 1.6272207570709265 1.0 1.0 154
0.0 1.8018513316568971 0.0 1.0 155
0.0 0.1281096269546954 0.0 1.0 156
0.0 1.9110109318246462 0.0 1.0 157
-0.891445413710155 1.0 0.0 1.0 158
1.0 0.18013604165642058 1.0 1.0 159
1.0 1.911177193016172 1.0 1.0 160
1.863181542675575 1.0 1.0 1.0 161
0.0 2.0 0.0 1.0 162
1.0 1.9164322170702743 1.0 2.0 62
0.0 1.859069284843801 0.0 2.0 64
1.0 0.08281286175260211 1.0 0.0 66
1.0 1.6862811329675227 1.0 2.0 72
0.0 0.07032460936750623 0.0 0.0 78
0.407030010471519 1.0 1.0 1.0 79
0.5243369364740006 1.4756630635259993 1.0 1.0 82
1.864098201066033 1.0 2.0 1.0 83
0.0 1.8438224118864806 0.0 2.0 84
0.8959982859040527 1.1040017140959473 1.0 1.0 86
1.3782792389732683 1.0 2.0 1.0 87
-0.9276738080246518 1.0 -1.0 1.0 89
0.8830026483316711 1.116997351668329 1.0 1.0 90
1.0 0.48554715806500465 1.0 0.0 91
-0.20166719313796416 1.0 -1.0 1.0 93
0.0 0.8234077537136905 0.0 0.0 96
0.003011200555481902 1.0030112005554819 0.0 1.0 97
0.5627109931189105 1.4372890068810895 0.5 1.5 99
0.1237344631739478 1.0 1.0 1.0 100
0.6405455391600938 1.3594544608399062 0.5 1.5 101
0.8833505796376228 1.1166494203623771 1.0 1.0 102
0.0 0.03217429815050449 0.0 0.0 103
0.7656278169561034 1.2343721830438967 1.0 1.0 104
0.07965335868896489 1.0 0.0 1.0 106
0.367062972631908 1.3670629726319081 0.0 1.0 107
1.0 0.9449517571682096 1.0 0.0 109
1.0 0.5041252349959909 1.0 0.0 113
0.4911887994493944 1.4911887994493944 0.0 1.0 114
0.5328264991738579 1.4671735008261422 1.0 1.0 116
0.5506255003196651 1.0 1.0 1.0 117
1.0 0.16591421466071682 1.0 0.0 118
0.8233294123057979 1.0 1.0 1.0 119
0.6576712492809926 1.3423287507190074 1.0 1.0 120
0.0 0.022001747599994514 0.0 0.0 121
-0.13773213026730097 1.0 0.0 1.0 122
0.030332049386668697 1.0303320493866686 0.0 1.0 123
0.35624230452391376 1.3562423045239136 0.0 1.0 124
1.0 1.3242358329571782 1.0 2.0 126
-0.2757281722790267 1.0 -1.0 1.0 127
*** t = 56
0.2595151829368541 1.2595151829368543 0.5 1.5 128
1.0 0.4551663515989507 1.0 0.0 129
-0.3083306055882105 1.0 -1.0 1.0 130
0.6082354484936693 1.0 1.0 1.0 131
1.3246975216348182 1.0 2.0 1.0 132
1.0 0.7441120451136365 1.0 0.0 133
-0.4194422329076182 1.0 -1.0 1.0 134
0.0 0.7539859889444571 0.0 0.0 135
0.9447032944545515 1.0552967055454485 0.5 1.5 136
0.07923784461150878 1.0792378446115087 0.5 1.5 137
0.0 0.8610343254219435 0.0 1.0 138
0.0937190208250751 1.0 1.0 1.0 139
0.0 0.8738422866635424 0.0 0.0 140
1.0 0.963329329672992 1.0 1.0 141
0.9670151349297752 1.032984865070225 0.5 1.5 142
0.9991902117677505 1.0 0.0 1.0 143
0.0 1.4510792032326567 0.0 1.0 144
0.0 0.6636279816606246 0.0 1.0 145
0.0 1.2302998921068804 0.0 1.0 146
1.0 1.3685811104778485 1.0 1.0 147
0.0 1.0525642934877681 0.0 1.0 148
-0.4477260608922614 1.0 0.0 1.0 149
1.0 0.4387552433034312 1.0 1.0 150
1.2324456801266452 1.0 1.0 1.0 151
0.0 0.5471667567217974 0.0 1.0 152
0.0 1.46041477424321 0.0 1.0 153
1.0 1.502961009427902 1.0 1.0 154
0.0 1.7027769974853457 0.0 1.0 155
0.0 0.2562192539093908 0.0 1.0 156
0.0 1.8220218636492924 0.0 1.0 157
-0.7828908274203099 1.0 0.0 1.0 158
1.0 0.36027208331284116 1.0 1.0 159
1.0 1.8223543860323441 1.0 1.0 160
1.7263630853511498 1.0 1.0 1.0 161
0.0 1.8541889814431038 0.0 1.0 162
0.0 0.0 0.0 1.0 163
0.0 2.0 0.0 1.0 164
1.0 2.0 1.0 1.0 165
0.0 1.958259674153404 0.0 2.0 64
1.0 1.7758238373997735 1.0 2.0 72
0.5077887095016838 1.0 1.0 1.0 79
0.5961351030979671 1.4038648969020329 1.0 1.0 82
1.990187115044461 1.0 2.0 1.0 83
0.0 1.9175753083619398 0.0 2.0 84
0.9601224885876768 1.0398775114123233 1.0 1.0 86
1.529978951027123 1.0 2.0 1.0 87
0.9492572078949302 1.0507427921050698 1.0 1.0 90
1.0 0.35821383613856594 1.0 0.0 91
-0.31540113902974937 1.0 -1.0 1.0 93
0.0 0.7056438533200812 0.0 0.0 96
-0.10528493214034422 1.0 -1.0 1.0 97
0.4745442041068065 1.4745442041068064 0.0 1.0 99
0.24458913105714025 1.0 1.0 1.0 100
0.5518621379994437 1.4481378620005563 0.5 1.5 101
0.9670588617862633 1.0329411382137366 1.0 1.0 102
0.8431401642267692 1.156859835773231 1.0 1.0 104
0.015144471626740312 1.0151444716267404 0.5 1.5 106
0.29653435112903226 1.2965343511290324 0.0 1.0 107
1.0 0.8240665664133984 1.0 0.0 109
1.0 0.34813306218324036 1.0 0.0 113
0.41519392559082235 1.4151939255908224 0.0 1.0 114
0.6154887178645516 1.3845112821354484 1.0 1.0 116
0.6540005336743093 1.0 1.0 1.0 117
1.0 0.04364182897143132 1.0 0.0 118
0.9535672274704977 1.0 1.0 1.0 119
0.7626541747015726 1.2373458252984273 1.0 1.0 120
-0.07140383259555491 1.0 0.0 1.0 122
0.0 0.8604869520205898 0.0 0.0 123
0.2523296524729419 1.252329652472942 0.0 1.0 124
1.0 1.5179221523702764 1.0 2.0 126
-0.39170346066802914 1.0 -1.0 1.0 127
*** t = 57
0.3400670132804709 1.340067013280471 0.5 1.5 128
1.0 0.32643021423219665 1.0 0.0 129
-0.42726975155077507 1.0 -1.0 1.0 130
0.7544386710840029 1.0 1.0 1.0 131
1.4451245690561654 1.0 2.0 1.0 132
1.0 0.6299404128512398 1.0 0.0 133
-0.56138645619838 1.0 -1.0 1.0 134
0.0 0.6293845878389028 0.0 0.0 135
0.8684629457813519 1.131537054218648 0.5 1.5 136
0.16660946970018173 1.1666094697001816 0.5 1.5 137
0.0 0.9686636160996864 0.0 1.0 138
0.2304338984282095 1.0 1.0 1.0 139
0.0 0.7330725724964852 0.0 0.0 140
0.9407829919679257 1.0592170080320744 0.5 1.5 141
0.8745036791476786 1.1254963208523214 0.5 1.5 142
0.8740889882387193 1.0 0.0 1.0 143
0.0 1.3726619465516077 0.0 1.0 144
0.0 0.7742326452707288 0.0 1.0 145
0.0 1.1020165407913605 0.0 1.0 146
1.0 1.2633446288908232 1.0 1.0 147
0.13692284781467817 1.0 1.0 1.0 148
-0.3372712730707137 1.0 0.0 1.0 149
1.0 0.5265062919641175 1.0 1.0 150
1.0789348161519743 1.0 1.0 1.0 151
0.0 0.6839584459022467 0.0 1.0 152
0.0 1.3255184678040126 0.0 1.0 153
1.0 1.3787012617848775 1.0 1.0 154
0.0 1.6037026633137943 0.0 1.0 155
0.0 0.38432888086408623 0.0 1.0 156
0.0 1.7330327954739386 0.0 1.0 157
-0.6743362411304649 1.0 0.0 1.0 158
1.0 0.5404081249692617 1.0 1.0 159
1.0 1.7335315790485162 1.0 1.0 160
1.5895446280267247 1.0 1.0 1.0 161
0.0 1.7083779628862077 0.0 1.0 162
0.0 0.17653272663103614 0.0 1.0 163
0.0 1.9103347393993821 0.0 1.0 164
1.0 1.8745151557402568 1.0 1.0 165
0.0 2.0 0.0 1.0 166
-1.0 1.0 0.0 1.0 167
1.0 0.0 1.0 1.0 168
2.0 1.0 1.0 1.0 169
1.0 1.8653665418320242 1.0 2.0 72
0.6085474085318485 1.0 1.0 1.0 79
0.6679332697219337 1.3320667302780664 1.0 1.0 82
0.0 1.991328204837399 0.0 2.0 84
0.9657100003614532 1.0 0.0 1.0 86
1.6816786630809775 1.0 2.0 1.0 87
1.0219369519157488 1.0 2.0 1.0 90
1.0 0.23088051421212724 1.0 0.0 91
-0.42913508492153457 1.0 -1.0 1.0 93
0.0 0.5878799529264719 0.0 0.0 96
-0.2148283449452763 1.0 -1.0 1.0 97
0.38637741509470247 1.3863774150947024 0.0 1.0 99
0.36544379894033274 1.0 1.0 1.0 100
0.4631787368387937 1.4631787368387936 0.0 1.0 101
0.9282044165243118 1.0 0.0 1.0 102
0.920652511497435 1.0793474885025651 1.0 1.0 104
0.0866123733267321 1.086612373326732 0.5 1.5 106
0.22600572962615648 1.2260057296261566 0.0 1.0 107
1.0 0.7031813756585872 1.0 0.0 109
1.0 0.19214088937048981 1.0 0.0 113
0.3391990517322503 1.3391990517322503 0.0 1.0 114
0.6981509365552453 1.3018490634447546 1.0 1.0 116
0.7573755670289536 1.0 1.0 1.0 117
1.0 0.9161949573648025 1.0 0.0 119
0.8676371001221526 1.1323628998778472 1.0 1.0 120
-0.005075534923808855 1.0 0.0 1.0 122
0.0 0.6780779084239823 0.0 0.0 123
0.14841700042197015 1.14841700042197 0.0 1.0 124
1.0 1.7116084717833746 1.0 2.0 126
-0.5076787490570316 1.0 -1.0 1.0 127
*** t = 58
0.4206188436240877 1.4206188436240879 0.5 1.5 128
1.0 0.19769407686544258 1.0 0.0 129
-0.5462088975133397 1.0 -1.0 1.0 130
0.9006418936743364 1.0 1.0 1.0 131
1.5655516164775125 1.0 2.0 1.0 132
1.0 0.5157687805888431 1.0 0.0 133
-0.7033306794891419 1.0 -1.0 1.0 134
0.0 0.5047831867333485 0.0 0.0 135
0.7922225971081523 1.2077774028918475 0.5 1.5 136
0.25398109478885467 1.2539810947888546 0.5 1.5 137
0.0 1.0762929067774294 0.0 2.0 138
0.3671487760313439 1.0 1.0 1.0 139
0.0 0.592302858329428 0.0 0.0 140
0.8556359042769677 1.1443640957230323 0.5 1.5 141
0.7819922233655819 1.218007776634418 0.5 1.5 142
0.7489877647096881 1.0 0.0 1.0 143
0.0 1.2942446898705586 0.0 1.0 144
0.0 0.8848373088808329 0.0 1.0 145
0.02626681052415955 1.0 1.0 1.0 146
1.0 1.158108147303798 1.0 1.0 147
0.3264099891171245 1.0 1.0 1.0 148
-0.226816485249166 1.0 0.0 1.0 149
1.0 0.6142573406248037 1.0 1.0 150
0.9254239521773034 1.0 0.0 1.0 151
0.0 0.8207501350826961 0.0 1.0 152
0.0 1.1906221613648151 0.0 1.0 153
1.0 1.254441514141853 1.0 1.0 154
0.0 1.5046283291422429 0.0 1.0 155
0.0 0.5124385078187816 0.0 1.0 156
0.0 1.6440437272985848 0.0 1.0 157
-0.5657816548406198 1.0 0.0 1.0 158
1.0 0.7205441666256823 1.0 1.0 159
1.0 1.6447087720646882 1.0 1.0 160
1.4527261707022996 1.0 1.0 1.0 161
0.0 1.5625669443293115 0.0 1.0 162
0.0 0.3530654532620723 0.0 1.0 163
0.0 1.8206694787987643 0.0 1.0 164
1.0 1.7490303114805137 1.0 1.0 165
0.0 1.9008403304303159 0.0 1.0 166
-0.8689228082211768 1.0 0.0 1.0 167
1.0 0.1239056517968757 1.0 1.0 168
1.8529954181479433 1.0 1.0 1.0 169
0.0 0.0 0.0 1.0 170
0.0 2.0 0.0 1.0 171
1.0 2.0 1.0 1.0 172
1.0 1.954909246264275 1.0 2.0 72
0.7093061075620133 1.0 1.0 1.0 79
0.7397314363459002 1.2602685636541 1.0 1.0 82
0.8750246832499109 1.0 0.0 1.0 86
1.833378375134832 1.0 2.0 1.0 87
1.115635048619166 1.0 2.0 1.0 90
1.0 0.10354719228568854 1.0 0.0 91
-0.5428690308133197 1.0 -1.0 1.0 93
0.0 0.4701160525328626 0.0 0.0 96
-0.32437175775020843 1.0 -1.0 1.0 97
0.2982106260825984 1.2982106260825983 0.0 1.0 99
0.4862984668235252 1.0 1.0 1.0 100
0.37449533567814364 1.3744953356781435 0.0 1.0 101
0.8098230286267507 1.0 0.0 1.0 102
0.9981648587681008 1.0018351412318993 1.0 1.0 104
0.1580802750267239 1.1580802750267238 0.5 1.5 106
0.1554771081232807 1.1554771081232809 0.0 1.0 107
1.0 0.582296184903776 1.0 0.0 109
1.0 0.03614871655773927 1.0 0.0 113
0.2632041778736782 1.2632041778736782 0.0 1.0 114
0.780813155245939 1.219186844754061 1.0 1.0 116
0.8607506003835979 1.0 1.0 1.0 117
1.0 0.7859571422001027 1.0 0.0 119
0.9726200255427326 1.0273799744572674 1.0 1.0 120
0.04331224390547714 1.0433122439054772 0.5 1.5 122
0.0 0.4956688648273748 0.0 0.0 123
0.0445043483709983 1.0445043483709984 0.0 1.0 124
1.0 1.9052947911964728 1.0 2.0 126
-0.623654037446034 1.0 -1.0 1.0 127
*** t = 59
0.5011706739677045 1.4988293260322954 1.0 1.0 128
1.0 0.0689579394986885 1.0 0.0 129
-0.6651480434759043 1.0 -1.0 1.0 130
1.0 0.95315488373533 1.0 0.0 131
1.6859786638988596 1.0 2.0 1.0 132
1.0 0.4015971483264464 1.0 0.0 133
-0.8452749027799037 1.0 -1.0 1.0 134
0.0 0.3801817856277942 0.0 0.0 135
0.7159822484349528 1.284017751565047 0.5 1.5 136
0.3413527198775276 1.3413527198775275 0.5 1.5 137
0.0 1.1839221974551724 0.0 2.0 138
0.5038636536344783 1.0 1.0 1.0 139
0.0 0.4515331441623708 0.0 0.0 140
0.7704888165860097 1.2295111834139902 0.5 1.5 141
0.6894807675834853 1.3105192324165145 0.5 1.5 142
0.6238865411806569 1.0 0.0 1.0 143
0.0 1.2158274331895096 0.0 1.0 144
0.0 0.995441972490937 0.0 1.0 145
0.15455016183967957 1.0 1.0 1.0 146
1.0 1.0528716657167727 1.0 1.0 147
0.5158971304195707 1.0 1.0 1.0 148
-0.11636169742761832 1.0 0.0 1.0 149
1.0 0.70200838928549 1.0 1.0 150
0.7719130882026326 1.0 0.0 1.0 151
0.0 0.9575418242631455 0.0 1.0 152
0.0 1.0557258549256177 0.0 1.0 153
1.0 1.1301817664988285 1.0 1.0 154
0.0 1.4055539949706914 0.0 1.0 155
0.0 0.640548134773477 0.0 1.0 156
0.0 1.555054659123231 0.0 1.0 157
-0.4572270685507748 1.0 0.0 1.0 158
1.0 0.9006802082821029 1.0 1.0 159
1.0 1.5558859650808603 1.0 1.0 160
1.3159077133778745 1.0 1.0 1.0 161
0.0 1.4167559257724154 0.0 1.0 162
0.0 0.5295981798931084 0.0 1.0 163
0.0 1.7310042181981464 0.0 1.0 164
1.0 1.6235454672207705 1.0 1.0 165
0.0 1.8016806608606317 0.0 1.0 166
-0.7378456164423537 1.0 0.0 1.0 167
1.0 0.2478113035937514 1.0 1.0 168
1.7059908362958867 1.0 1.0 1.0 169
0.0 0.15046135976466934 0.0 1.0 170
0.0 1.8384597645903797 0.0 1.0 171
1.0 1.8529115227578894 1.0 1.0 172
0.0 2.0 0.0 1.0 173
0.810064806592178 1.0 1.0 1.0 79
0.8115296029698666 1.1884703970301334 1.0 1.0 82
0.7843393661383686 1.0 0.0 1.0 86
1.9850780871886866 1.0 2.0 1.0 87
1.209333145322583 1.0 2.0 1.0 90
-0.6566029767051049 1.0 -1.0 1.0 93
0.0 0.3523521521392533 0.0 0.0 96
-0.4339151705551405 1.0 -1.0 1.0 97
0.21004383707049434 1.2100438370704942 0.0 1.0 99
0.6071531347067176 1.0 1.0 1.0 100
0.28581193451749354 1.2858119345174934 0.0 1.0 101
0.6914416407291897 1.0 0.0 1.0 102
0.8929762688574732 1.0 0.0 1.0 104
0.22954817672671568 1.2295481767267156 0.5 1.5 106
0.08494848662040494 1.084948486620405 0.0 1.0 107
1.0 0.4614109941489648 1.0 0.0 109
0.18720930401510613 1.1872093040151062 0.0 1.0 114
0.8634753739366327 1.1365246260633672 1.0 1.0 116
0.9641256337382421 1.0 1.0 1.0 117
1.0 0.6557193270354029 1.0 0.0 119
1.0 0.890252854267509 1.0 0.0 120
0.09021343297372866 1.0902134329737287 0.5 1.5 122
0.0 0.31325982123076734 0.0 0.0 123
-0.08401602878179794 1.0 -1.0 1.0 124
-0.7396293258350364 1.0 -1.0 1.0 127
*** t = 60
0.5817225043113213 1.4182774956886786 1.0 1.0 128
-0.7840871894384689 1.0 -1.0 1.0 130
1.0 0.8069516611449964 1.0 0.0 131
1.8064057113202068 1.0 2.0 1.0 132
1.0 0.28742551606404965 1.0 0.0 133
-0.9872191260706655 1.0 -1.0 1.0 134
0.0 0.25558038452223986 0.0 0.0 135
0.6397418997617533 1.3602581002382466 0.5 1.5 136
0.4287243449662005 1.4287243449662004 0.5 1.5 137
0.0 1.2915514881329153 0.0 2.0 138
0.6405785312376127 1.0 1.0 1.0 139
0.0 0.3107634299953136 0.0 0.0 140
0.6853417288950516 1.3146582711049482 0.5 1.5 141
0.5969693118013888 1.4030306881986112 0.5 1.5 142
0.4987853176516257 1.0 0.0 1.0 143
0.0 1.1374101765084605 0.0 1.0 144
0.10604663610104113 1.0 1.0 1.0 145
0.28283351315519956 1.0 1.0 1.0 146
1.0 0.9476351841297476 1.0 0.0 147
0.7053842717220171 1.0 1.0 1.0 148
-0.005906909606070626 1.0 0.0 1.0 149
1.0 0.7897594379461763 1.0 1.0 150
0.6184022242279618 1.0 0.0 1.0 151
0.09433351344359484 1.0 1.0 1.0 152
0.07917045151357982 1.0 1.0 1.0 153
1.0 1.005922018855804 1.0 1.0 154
0.0 1.30647966079914 0.0 1.0 155
0.0 0.7686577617281725 0.0 1.0 156
0.0 1.4660655909478773 0.0 1.0 157
-0.34867248226092973 1.0 0.0 1.0 158
1.0808162499385234 1.0 2.0 1.0 159
1.0 1.4670631580970324 1.0 1.0 160
1.1790892560534494 1.0 1.0 1.0 161
0.0 1.2709449072155192 0.0 1.0 162
0.0 0.7061309065241446 0.0 1.0 163
0.0 1.6413389575975286 0.0 1.0 164
1.0 1.4980606229610274 1.0 1.0 165
0.0 1.7025209912909476 0.0 1.0 166
-0.6067684246635305 1.0 0.0 1.0 167
1.0 0.3717169553906271 1.0 1.0 168
1.55898625444383 1.0 1.0 1.0 169
0.0 0.3009227195293387 0.0 1.0 170
0.0 1.6769195291807595 0.0 1.0 171
1.0 1.7058230455157788 1.0 1.0 172
0.0 1.8762261601623142 0.0 1.0 173
0.0 0.0 0.0 1.0 174
0.0 2.0 0.0 1.0 175
-1.0 1.0 0.0 1.0 176
1.0 0.0 1.0 1.0 177
1.0 2.0 1.0 1.0 178
2.0 1.0 1.0 1.0 179
0.9108235056223428 1.0 1.0 1.0 79
0.8833277695938332 1.116672230406167 1.0 1.0 82
0.6936540490268264 1.0 0.0 1.0 86
1.3030312420260002 1.0 2.0 1.0 90
-0.7703369225968901 1.0 -1.0 1.0 93
0.0 0.23458825174564402 0.0 0.0 96
-0.5434585833600726 1.0 -1.0 1.0 97
0.1218770480583903 1.1218770480583902 0.0 1.0 99
0.72800780258991 1.0 1.0 1.0 100
0.19712853335684344 1.1971285333568433 0.0 1.0 101
0.5730602528316286 1.0 0.0 1.0 102
0.7833572560959243 1.0 0.0 1.0 104
0.30101607842670747 1.3010160784267073 0.5 1.5 106
0.014419865117529213 1.0144198651175294 0.0 1.0 107
1.0 0.3405258033941536 1.0 0.0 109
0.11121443015653407 1.111214430156534 0.0 1.0 114
0.9461375926273263 1.0538624073726737 1.0 1.0 116
1.0675006670928864 1.0 2.0 1.0 117
1.0 0.5254815118707031 1.0 0.0 119
1.0 0.7417845773201216 1.0 0.0 120
0.1371146220419802 1.1371146220419803 0.5 1.5 122
0.0 0.13085077763415984 0.0 0.0 123
-0.2309707106144387 1.0 -1.0 1.0 124
-0.8556046142240388 1.0 -1.0 1.0 127
*** t = 61
0.6622743346549381 1.3377256653450618 1.0 1.0 128
-0.9030263354010335 1.0 -1.0 1.0 130
1.0 0.6607484385546628 1.0 0.0 131
1.926832758741554 1.0 2.0 1.0 132
1.0 0.1732538838016529 1.0 0.0 133
0.0 0.1309789834166855 0.0 0.0 135
0.5635015510885538 1.436498448911446 0.5 1.5 136
0.5160959700548734 1.4839040299451267 1.0 1.0 137
0.0 1.3991807788106583 0.0 2.0 138
0.777293408840747 1.0 1.0 1.0 139
0.0 0.16999371582825637 0.0 0.0 140
0.6001946412040937 1.3998053587959063 0.5 1.5 141
0.5044578560192922 1.4955421439807077 0.5 1.5 142
0.3736840941225945 1.0 0.0 1.0 143
0.0 1.0589929198274115 0.0 1.0 144
0.21665129971114525 1.0 1.0 1.0 145
0.4111168644707196 1.0 1.0 1.0 146
1.0 0.8423987025427224 1.0 0.0 147
0.8948714130244635 1.0 1.0 1.0 148
0.0 0.8954521217845229 0.0 0.0 149
1.0 0.8775104866068626 1.0 1.0 150
0.4648913602532909 1.0 0.0 1.0 151
0.23112520262404418 1.0 1.0 1.0 152
0.2140667579527773 1.0 1.0 1.0 153
1.1183377287872205 1.0 2.0 1.0 154
0.0 1.2074053266275886 0.0 1.0 155
0.0 0.8967673886828679 0.0 1.0 156
0.0 1.3770765227725235 0.0 1.0 157
-0.24011789597108468 1.0 0.0 1.0 158
1.260952291594944 1.0 2.0 1.0 159
1.0 1.3782403511132044 1.0 1.0 160
1.0422707987290243 1.0 1.0 1.0 161
0.0 1.125133888658623 0.0 1.0 162
0.0 0.8826636331551807 0.0 1.0 163
0.0 1.5516736969969107 0.0 1.0 164
1.0 1.3725757787012842 1.0 1.0 165
0.0 1.6033613217212634 0.0 1.0 166
-0.4756912328847074 1.0 0.0 1.0 167
1.0 0.4956226071875028 1.0 1.0 168
1.4119816725917733 1.0 1.0 1.0 169
0.0 0.45138407929400803 0.0 1.0 170
0.0 1.5153792937711392 0.0 1.0 171
1.0 1.5587345682736682 1.0 1.0 172
0.0 1.7524523203246285 0.0 1.0 173
0.0 0.07798544255098216 0.0 1.0 174
0.0 1.8546163846644226 0.0 1.0 175
-0.8516482277165592 1.0 0.0 1.0 176
1.0 0.10138738289313393 1.0 1.0 177
1.0 1.832202166888937 1.0 1.0 178
1.922501839733075 1.0 1.0 1.0 179
0.0 2.0 0.0 1.0 180
0.9918101445491214 1.0081898554508786 0.5 1.5 79
0.9551259362177997 1.0448740637822005 1.0 1.0 82
0.6029687319152841 1.0 0.0 1.0 86
1.3967293387294173 1.0 2.0 1.0 90
-0.8840708684886753 1.0 -1.0 1.0 93
0.0 0.11682435135203474 0.0 0.0 96
-0.6530019961650047 1.0 -1.0 1.0 97
0.03371025904628622 1.033710259046286 0.0 1.0 99
0.8488624704731025 1.0 1.0 1.0 100
0.10844513219619335 1.1084451321961932 0.0 1.0 101
0.45467886493406756 1.0 0.0 1.0 102
0.6737382433343755 1.0 0.0 1.0 104
0.37248398012669925 1.372483980126699 0.5 1.5 106
0.0 1.079349764248045 0.0 2.0 107
1.0 0.21964061263934243 1.0 0.0 109
0.03521955629796199 1.035219556297962 0.0 1.0 114
1.0 0.9592709162402699 1.0 0.0 116
1.1708757004475308 1.0 2.0 1.0 117
1.0 0.39524369670600334 1.0 0.0 119
1.0 0.5933163003727342 1.0 0.0 120
0.18401581111023174 1.184015811110232 0.5 1.5 122
-0.37792539244707946 1.0 -1.0 1.0 124
-0.9715799026130412 1.0 -1.0 1.0 127
*** t = 62
0.7428261649985549 1.257173835001445 1.0 1.0 128
1.0 0.5145452159643292 1.0 0.0 131
1.0 0.059082251539256184 1.0 0.0 133
0.0 0.006377582311131183 0.0 0.0 135
0.4872612024153543 1.4872612024153542 0.0 1.0 136
0.6034675951435463 1.3965324048564538 1.0 1.0 137
0.0 1.5068100694884012 0.0 2.0 138
0.9140082864438814 1.0 1.0 1.0 139
0.0 0.02922400166119915 0.0 0.0 140
0.5150475535131357 1.4849524464868642 0.5 1.5 141
0.41194640023719564 1.4119464002371955 0.0 1.0 142
0.2485828705935633 1.0 0.0 1.0 143
0.013735080309258808 1.0137350803092589 0.5 1.5 144
0.32725596332124934 1.0 1.0 1.0 145
0.5394002157862396 1.0 1.0 1.0 146
1.0 0.7371622209556973 1.0 0.0 147
0.9403494941843483 1.0596505058156518 0.5 1.5 148
0.0 0.7849973339629752 0.0 0.0 149
1.0 0.9652615352675489 1.0 1.0 150
0.3113804962786201 1.0 0.0 1.0 151
0.3679168918044935 1.0 1.0 1.0 152
0.3489630643919748 1.0 1.0 1.0 153
1.242597476430245 1.0 2.0 1.0 154
0.0 1.1083309924560372 0.0 1.0 155
-0.024877015637563282 1.0 -1.0 1.0 156
0.0 1.2880874545971697 0.0 1.0 157
-0.13156330968123964 1.0 0.0 1.0 158
1.4410883332513647 1.0 2.0 1.0 159
1.0 1.2894175441293765 1.0 1.0 160
0.9054523414045992 1.0 0.0 1.0 161
0.0 0.9793228701017269 0.0 0.0 162
-0.059196359786216846 1.0 -1.0 1.0 163
0.0 1.4620084363962929 0.0 1.0 164
1.0 1.247090934441541 1.0 1.0 165
0.0 1.5042016521515793 0.0 1.0 166
-0.34461404110588423 1.0 0.0 1.0 167
1.0 0.6195282589843785 1.0 1.0 168
1.2649770907397166 1.0 1.0 1.0 169
0.0 0.6018454390586774 0.0 1.0 170
0.0 1.353839058361519 0.0 1.0 171
1.0 1.4116460910315576 1.0 1.0 172
0.0 1.6286784804869427 0.0 1.0 173
0.0 0.15597088510196433 0.0 1.0 174
0.0 1.7092327693288452 0.0 1.0 175
-0.7032964554331185 1.0 0.0 1.0 176
1.0 0.20277476578626785 1.0 1.0 177
1.0 1.664404333777874 1.0 1.0 178
1.8450036794661502 1.0 1.0 1.0 179
0.0 1.8989473159765389 0.0 1.0 180
0.0 0.0 0.0 1.0 181
0.0 2.0 0.0 1.0 182
1.0 2.0 1.0 1.0 183
0.9205629852013575 1.0794370147986425 0.5 1.5 79
0.9619235686064463 1.0 0.0 1.0 82
0.5122834148037418 1.0 0.0 1.0 86
1.4904274354328344 1.0 2.0 1.0 90
-0.9978048143804605 1.0 -1.0 1.0 93
-0.7625454089699367 1.0 -1.0 1.0 97
0.0 1.0770131632374365 0.0 2.0 99
0.9697171383562949 1.0 1.0 1.0 100
0.01976173103554324 1.0197617310355431 0.0 1.0 101
0.3362974770365065 1.0 0.0 1.0 102
0.5641192305728266 1.0 0.0 1.0 104
0.443951881826691 1.443951881826691 0.5 1.5 106
0.0 1.1790922973128906 0.0 2.0 107
1.0 0.09875542188453122 1.0 0.0 109
0.05766500710428459 1.0 1.0 1.0 114
1.0 0.8423688854720401 1.0 0.0 116
1.2742507338021751 1.0 2.0 1.0 117
1.0 0.26500588154130356 1.0 0.0 119
1.0 0.4448480234253468 1.0 0.0 120
0.2309170001784833 1.2309170001784835 0.5 1.5 122
-0.5248800742797202 1.0 -1.0 1.0 124
*** t = 63
0.8233779953421717 1.1766220046578282 1.0 1.0 128
1.0 0.36834199337399565 1.0 0.0 131
0.41102085374215475 1.4110208537421547 0.0 1.0 136
0.6908392202322192 1.309160779767781 1.0 1.0 137
0.0 1.6144393601661442 0.0 2.0 138
0.9641333067391175 1.0358666932608827 0.5 1.5 139
0.4299004658221778 1.4299004658221777 0.0 1.0 141
0.319434944455099 1.319434944455099 0.0 1.0 142
0.12348164706453207 1.0 0.0 1.0 143
0.06918445427047462 1.0691844542704747 0.5 1.5 144
0.43786062693135347 1.0 1.0 1.0 145
0.6676835671017597 1.0 1.0 1.0 146
1.0 0.6319257393686721 1.0 0.0 147
0.806361851621735 1.193638148378265 0.5 1.5 148
0.0 0.6745425461414275 0.0 0.0 149
0.9469874160717648 1.0 0.0 1.0 150
0.1578696323039492 1.0 0.0 1.0 151
0.5047085809849429 1.0 1.0 1.0 152
0.48385937083117225 1.0 1.0 1.0 153
1.3668572240732695 1.0 2.0 1.0 154
0.0 1.0092566582844857 0.0 1.0 155
-0.1529866425922587 1.0 -1.0 1.0 156
0.0 1.1990983864218159 0.0 1.0 157
-0.023008723391394592 1.0 0.0 1.0 158
1.6212243749077853 1.0 2.0 1.0 159
1.0 1.2005947371455485 1.0 1.0 160
0.7686338840801741 1.0 0.0 1.0 161
0.0 0.8335118515448308 0.0 0.0 162
-0.235729086417253 1.0 -1.0 1.0 163
0.0 1.372343175795675 0.0 1.0 164
1.0 1.121606090181798 1.0 1.0 165
0.0 1.4050419825818952 0.0 1.0 166
-0.2135368493270611 1.0 0.0 1.0 167
1.0 0.7434339107812542 1.0 1.0 168
1.11797250888766 1.0 1.0 1.0 169
0.0 0.7523067988233467 0.0 1.0 170
0.0 1.1922988229518987 0.0 1.0 171
1.0 1.264557613789447 1.0 1.0 172
0.0 1.504904640649257 0.0 1.0 173
0.0 0.2339563276529465 0.0 1.0 174
0.0 1.5638491539932677 0.0 1.0 175
-0.5549446831496777 1.0 0.0 1.0 176
1.0 0.3041621486794018 1.0 1.0 177
1.0 1.496606500666811 1.0 1.0 178
1.7675055191992253 1.0 1.0 1.0 179
0.0 1.7978946319530777 0.0 1.0 180
0.0 0.06188163420491285 0.0 1.0 181
0.0 1.827002355826504 0.0 1.0 182
1.0 1.841224203941533 1.0 1.0 183
0.0 2.0 0.0 1.0 184
-1.0 1.0 0.0 1.0 185
1.0 0.0 1.0 1.0 186
2.0 1.0 1.0 1.0 187
0.8493158258535936 1.1506841741464064 0.5 1.5 79
0.8603856276133096 1.0 0.0 1.0 82
0.4215980976921995 1.0 0.0 1.0 86
1.5841255321362515 1.0 2.0 1.0 90
-0.8720888217748688 1.0 -1.0 1.0 97
0.0 1.2016998320092411 0.0 2.0 99
1.0 1.0905718062394874 1.0 2.0 100
0.0 1.0974699606323308 0.0 2.0 101
0.2179160891389454 1.0 0.0 1.0 102
0.45450021781127786 1.0 0.0 1.0 104
0.5154197835266828 1.4845802164733173 1.0 1.0 106
0.0 1.2788348303777362 0.0 2.0 107
0.16513798838590982 1.0 1.0 1.0 114
1.0 0.7254668547038103 1.0 0.0 116
1.3776257671568195 1.0 2.0 1.0 117
1.0 0.13476806637660374 1.0 0.0 119
1.0 0.2963797464779594 1.0 0.0 120
0.27781818924673485 1.277818189246735 0.5 1.5 122
-0.6718347561123609 1.0 -1.0 1.0 124
*** t = 64
0.9039298256857885 1.0960701743142114 1.0 1.0 128
1.0 0.2221387707836621 1.0 0.0 131
0.3347805050689552 1.3347805050689552 0.0 1.0 136
0.7782108453208921 1.221789154679108 1.0 1.0 137
0.0 1.7220686508438872 0.0 2.0 138
0.8674612896968523 1.132538710303148 0.5 1.5 139
0.34475337813121976 1.3447533781312198 0.0 1.0 141
0.2269234886730024 1.2269234886730025 0.0 1.0 142
0.0 0.9983804235355008 0.0 0.0 143
0.12463382823169045 1.1246338282316906 0.5 1.5 144
0.5484652905414575 1.0 1.0 1.0 145
0.7959669184172797 1.0 1.0 1.0 146
1.0 0.526689257781647 1.0 0.0 147
0.6723742090591217 1.3276257909408784 0.5 1.5 148
0.0 0.5640877583198798 0.0 0.0 149
0.8592363674110786 1.0 0.0 1.0 150
0.00435876832927834 1.0 0.0 1.0 151
0.6415002701653922 1.0 1.0 1.0 152
0.6187556772703697 1.0 1.0 1.0 153
1.491116971716294 1.0 2.0 1.0 154
-0.0898176758870657 1.0 -1.0 1.0 155
-0.2810962695469541 1.0 -1.0 1.0 156
0.0 1.110109318246462 0.0 1.0 157
0.060490059757948994 1.060490059757949 0.5 1.5 158
1.8013604165642059 1.0 2.0 1.0 159
1.0 1.1117719301617206 1.0 1.0 160
0.631815426755749 1.0 0.0 1.0 161
0.0 0.6877008329879346 0.0 0.0 162
-0.4122618130482891 1.0 -1.0 1.0 163
0.0 1.2826779151950571 0.0 1.0 164
0.9972573066889299 1.0027426933110701 0.5 1.5 165
0.0 1.305882313012211 0.0 1.0 166
-0.08245965754823797 1.0 0.0 1.0 167
1.0 0.8673395625781299 1.0 1.0 168
0.9794712243349724 1.0205287756650276 0.5 1.5 169
0.0 0.9027681585880161 0.0 1.0 170
0.0 1.0307585875422784 0.0 1.0 171
1.0 1.1174691365473364 1.0 1.0 172
0.0 1.3811308008115712 0.0 1.0 173
0.0 0.31194177020392866 0.0 1.0 174
0.0 1.4184655386576903 0.0 1.0 175
-0.40659291086623695 1.0 0.0 1.0 176
1.0 0.4055495315725357 1.0 1.0 177
1.0 1.328808667555748 1.0 1.0 178
1.6900073589323004 1.0 1.0 1.0 179
0.0 1.6968419479296166 0.0 1.0 180
0.0 0.1237632684098257 0.0 1.0 181
0.0 1.654004711653008 0.0 1.0 182
1.0 1.682448407883066 1.0 1.0 183
0.0 1.8553718829593113 0.0 1.0 184
-0.9050867425076267 1.0 0.0 1.0 185
1.0 0.113358718522325 1.0 1.0 186
1.853059365496058 1.0 1.0 1.0 187
0.0 0.0 0.0 1.0 188
0.0 2.0 0.0 1.0 189
1.0 2.0 1.0 1.0 190
0.7780686665058296 1.2219313334941704 0.5 1.5 79
0.7588476866201729 1.0 0.0 1.0 82
0.3309127805806572 1.0 0.0 1.0 86
1.6778236288396686 1.0 2.0 1.0 90
-0.9816322345798009 1.0 -1.0 1.0 97
0.0 1.3263865007810458 0.0 2.0 99
1.0 1.21142647412268 1.0 2.0 100
0.0 1.222887229311096 0.0 2.0 101
0.0995347012413843 1.0 0.0 1.0 102
0.3448812050497291 1.0 0.0 1.0 104
0.5868876852266747 1.4131123147733256 1.0 1.0 106
0.0 1.3785773634425817 0.0 2.0 107
0.27261096966753506 1.0 1.0 1.0 114
1.0 0.6085648239355805 1.0 0.0 116
1.4810008005114639 1.0 2.0 1.0 117
1.0 0.004530251211903924 1.0 0.0 119
1.0 0.147911469530572 1.0 0.0 120
0.32471937831498643 1.3247193783149867 0.5 1.5 122
-0.8187894379450016 1.0 -1.0 1.0 124
*** t = 65
0.9844816560294053 1.0155183439705946 1.0 1.0 128
1.0 0.07593554819332854 1.0 0.0 131
0.2585401563957556 1.2585401563957557 0.0 1.0 136
0.865582470409565 1.134417529590435 1.0 1.0 137
0.0 1.8296979415216301 0.0 2.0 138
0.7707892726545871 1.2292107273454131 0.5 1.5 139
0.25960629044026173 1.2596062904402618 0.0 1.0 141
0.13441203289090584 1.134412032890906 0.0 1.0 142
0.0 0.8732792000064696 0.0 0.0 143
0.18008320219290627 1.1800832021929064 0.5 1.5 144
0.6590699541515617 1.0 1.0 1.0 145
0.9242502697327998 1.0 1.0 1.0 146
1.0 0.42145277619462185 1.0 0.0 147
0.5383865664965084 1.4616134335034916 0.5 1.5 148
0.0 0.45363297049833207 0.0 0.0 149
0.7714853187503923 1.0 0.0 1.0 150
0.0 1.1491520956453924 0.0 2.0 151
0.7782919593458416 1.0 1.0 1.0 152
0.7536519837095672 1.0 1.0 1.0 153
1.6153767193593185 1.0 2.0 1.0 154
-0.18889201005861714 1.0 -1.0 1.0 155
-0.4092058965016495 1.0 -1.0 1.0 156
0.0 1.0211202500711083 0.0 1.0 157
0.13724974385239863 1.1372497438523985 0.5 1.5 158
1.9814964582206265 1.0 2.0 1.0 159
1.0 1.0229491231778927 1.0 1.0 160
0.4949969694313239 1.0 0.0 1.0 161
0.0 0.5418898144310385 0.0 0.0 162
-0.5887945396793253 1.0 -1.0 1.0 163
0.0 1.1930126545944393 0.0 1.0 164
0.9085261223767276 1.0914738776232724 0.5 1.5 165
0.0 1.2067226434425269 0.0 1.0 166
0.04861753423058515 1.0 1.0 1.0 167
1.0 0.9912452143750057 1.0 1.0 168
0.8755232876418901 1.1244767123581099 0.5 1.5 169
0.03763895338647764 1.0376389533864776 0.5 1.5 170
0.09247659006174865 1.0924765900617486 0.5 1.5 171
0.9703806593052258 1.0 0.0 1.0 172
0.0 1.2573569609738855 0.0 1.0 173
0.0 0.3899272127549108 0.0 1.0 174
0.0 1.273081923322113 0.0 1.0 175
-0.2582411385827962 1.0 0.0 1.0 176
1.0 0.5069369144656697 1.0 1.0 177
1.0 1.161010834444685 1.0 1.0 178
1.6125091986653755 1.0 1.0 1.0 179
0.0 1.5957892639061555 0.0 1.0 180
0.0 0.18564490261473854 0.0 1.0 181
0.0 1.4810070674795122 0.0 1.0 182
1.0 1.523672611824599 1.0 1.0 183
0.0 1.7107437659186226 0.0 1.0 184
-0.8101734850152533 1.0 0.0 1.0 185
1.0 0.22671743704465 1.0 1.0 186
1.7061187309921162 1.0 1.0 1.0 187
0.0 0.10428119808886793 0.0 1.0 188
0.0 1.8738592373900642 0.0 1.0 189
1.0 1.9126692373123333 1.0 1.0 190
0.0 2.0 0.0 1.0 191
0.7068215071580657 1.2931784928419343 0.5 1.5 79
0.6573097456270361 1.0 0.0 1.0 82
0.2402274634691149 1.0 0.0 1.0 86
1.7715217255430857 1.0 2.0 1.0 90
0.0 1.4510731695528505 0.0 2.0 99
1.0 1.3322811420058724 1.0 2.0 100
0.0 1.348304497989861 0.0 2.0 101
0.0 1.0188466866561767 0.0 2.0 102
0.2352621922881803 1.0 0.0 1.0 104
0.6583555869266664 1.3416444130733338 1.0 1.0 106
0.0 1.4783198965074273 0.0 2.0 107
0.38008395094916025 1.0 1.0 1.0 114
1.0 0.4916627931673508 1.0 0.0 116
1.5843758338661083 1.0 2.0 1.0 117
0.371620567383238 1.3716205673832382 0.5 1.5 122
-0.9657441197776423 1.0 -1.0 1.0 124
*** t = 66
1.0 0.9080287615628663 1.0 0.0 128
0.18229980772255605 1.1822998077225562 0.0 1.0 136
0.952954095498238 1.0470459045017622 1.0 1.0 137
0.0 1.937327232199373 0.0 2.0 138
0.6741172556123218 1.3258827443876782 0.5 1.5 139
0.17445920274930377 1.174459202749304 0.0 1.0 141
0.04190057710880929 1.0419005771088092 0.0 1.0 142
0.0 0.7481779764774384 0.0 0.0 143
0.2355325761541221 1.2355325761541223 0.5 1.5 144
0.7696746177616658 1.0 1.0 1.0 145
1.0525336210483198 1.0 2.0 1.0 146
1.0 0.3162162946075967 1.0 0.0 147
0.4043989239338951 1.4043989239338952 0.0 1.0 148
0.0 0.34317818267678435 0.0 0.0 149
0.683734270089706 1.0 0.0 1.0 150
0.0 1.3026629596200634 0.0 2.0 151
0.915083648526291 1.0 1.0 1.0 152
0.8885482901487647 1.0 1.0 1.0 153
1.739636467002343 1.0 2.0 1.0 154
-0.2879663442301686 1.0 -1.0 1.0 155
-0.5373155234563449 1.0 -1.0 1.0 156
0.06786881810424546 1.0 1.0 1.0 157
0.21400942794684827 1.214009427946848 0.5 1.5 158
1.0 0.9341263161940647 1.0 0.0 160
0.35817851210689877 1.0 0.0 1.0 161
0.0 0.3960787958741423 0.0 0.0 162
-0.7653272663103614 1.0 -1.0 1.0 163
0.0 1.1033473939938214 0.0 1.0 164
0.8197949380645253 1.1802050619354747 0.5 1.5 165
0.0 1.1075629738728427 0.0 1.0 166
0.17969472600940828 1.0 1.0 1.0 167
1.0 1.1151508661718814 1.0 2.0 168
0.7715753509488079 1.228424649051192 0.5 1.5 169
0.14403120118262408 1.1440312011826241 0.5 1.5 170
0.20670278595436242 1.2067027859543624 0.5 1.5 171
0.8232921820631152 1.0 0.0 1.0 172
0.0 1.1335831211361997 0.0 1.0 173
0.0 0.467912655305893 0.0 1.0 174
0.0 1.1276983079865355 0.0 1.0 175
-0.10988936629935545 1.0 0.0 1.0 176
1.0 0.6083242973588037 1.0 1.0 177
0.9952008672191001 1.0047991327809 0.5 1.5 178
1.5350110383984505 1.0 1.0 1.0 179
0.0 1.4947365798826944 0.0 1.0 180
0.0 0.2475265368196514 0.0 1.0 181
0.0 1.3080094233060162 0.0 1.0 182
1.0 1.3648968157661319 1.0 1.0 183
0.0 1.566115648877934 0.0 1.0 184
-0.71526022752288 1.0 0.0 1.0 185
1.0 0.340076155566975 1.0 1.0 186
1.5591780964881743 1.0 1.0 1.0 187
0.0 0.20856239617773586 0.0 1.0 188
0.0 1.7477184747801284 0.0 1.0 189
1.0 1.8253384746246666 1.0 1.0 190
0.0 1.847179417859324 0.0 1.0 191
0.0 0.0 0.0 1.0 192
0.0 2.0 0.0 1.0 193
-1.0 1.0 0.0 1.0 194
1.0 0.0 1.0 1.0 195
1.0 2.0 1.0 1.0 196
2.0 1.0 1.0 1.0 197
0.6355743478103018 1.3644256521896982 0.5 1.5 79
0.5557718046338994 1.0 0.0 1.0 82
0.14954214635757257 1.0 0.0 1.0 86
1.8652198222465028 1.0 2.0 1.0 90
0.0 1.5757598383246552 0.0 2.0 99
1.0 1.453135809889065 1.0 2.0 100
0.0 1.4737217666686262 0.0 2.0 101
0.0 1.1372280745537378 0.0 2.0 102
0.1256431795266315 1.0 0.0 1.0 104
0.7298234886266581 1.270176511373342 1.0 1.0 106
0.0 1.578062429572273 0.0 2.0 107
0.48755693223078544 1.0 1.0 1.0 114
1.0 0.37476076239912104 1.0 0.0 116
1.6877508672207526 1.0 2.0 1.0 117
0.4185217564514896 1.4185217564514898 0.5 1.5 122
*** t = 67
1.0 0.7941112706169469 1.0 0.0 128
0.10605945904935651 1.1060594590493567 0.0 1.0 136
1.0 1.0570291809664774 1.0 2.0 137
0.5774452385700567 1.4225547614299434 0.5 1.5 139
0.08931211505834581 1.089312115058346 0.0 1.0 141
0.0 0.9284254089766178 0.0 0.0 142
0.0 0.6230767529484073 0.0 0.0 143
0.29098195011533795 1.2909819501153381 0.5 1.5 144
0.8802792813717699 1.0 1.0 1.0 145
1.1808169723638398 1.0 2.0 1.0 146
1.0 0.21097981302057156 1.0 0.0 147
0.2704112813712818 1.2704112813712818 0.0 1.0 148
0.0 0.23272339485523666 0.0 0.0 149
0.5959832214290197 1.0 0.0 1.0 150
0.0 1.4561738235947344 0.0 2.0 151
0.9633185969312217 1.0366814030687783 0.5 1.5 152
0.983422166770469 1.016577833229531 0.5 1.5 153
1.8638962146453675 1.0 2.0 1.0 154
-0.38704067840172 1.0 -1.0 1.0 155
-0.6654251504110403 1.0 -1.0 1.0 156
0.1568578862795992 1.0 1.0 1.0 157
0.2907691120412979 1.2907691120412979 0.5 1.5 158
1.0 0.8453035092102368 1.0 0.0 160
0.2213600547824737 1.0 0.0 1.0 161
0.0 0.25026777731724614 0.0 0.0 162
-0.9418599929413976 1.0 -1.0 1.0 163
0.0 1.0136821333932036 0.0 1.0 164
0.731063753752323 1.268936246247677 0.5 1.5 165
0.0 1.0084033043031586 0.0 1.0 166
0.31077191778823143 1.0 1.0 1.0 167
1.0 1.2390565179687572 1.0 2.0 168
0.6676274142557257 1.3323725857442743 0.5 1.5 169
0.2504234489787705 1.2504234489787707 0.5 1.5 170
0.32092898184697627 1.3209289818469763 0.5 1.5 171
0.6762037048210046 1.0 0.0 1.0 172
0.0 1.009809281298514 0.0 1.0 173
0.0 0.5458980978568752 0.0 1.0 174
-0.017685307349041834 1.0 -1.0 1.0 175
0.0 0.9615375940159148 0.0 0.0 176
1.0 0.7097116802519376 1.0 1.0 177
0.8765498815578587 1.1234501184421413 0.5 1.5 178
1.4575128781315256 1.0 1.0 1.0 179
0.0 1.3936838958592332 0.0 1.0 180
0.0 0.30940817102456425 0.0 1.0 181
0.0 1.1350117791325203 0.0 1.0 182
1.0 1.2061210197076648 1.0 1.0 183
0.0 1.4214875318372453 0.0 1.0 184
-0.6203469700305067 1.0 0.0 1.0 185
1.0 0.4534348740893 1.0 1.0 186
1.4122374619842324 1.0 1.0 1.0 187
0.0 0.3128435942666038 0.0 1.0 188
0.0 1.6215777121701926 0.0 1.0 189
1.0 1.7380077119369999 1.0 1.0 190
0.0 1.6943588357186479 0.0 1.0 191
0.0 0.12222755329584827 0.0 1.0 192
0.0 1.8779137497075207 0.0 1.0 193
-0.8693120458550482 1.0 0.0 1.0 194
1.0 0.10455739817966503 1.0 1.0 195
1.0 1.881725165141072 1.0 1.0 196
1.887530967776408 1.0 1.0 1.0 197
0.0 2.0 0.0 1.0 198
0.5643271884625378 1.4356728115374622 0.5 1.5 79
0.4542338636407627 1.0 0.0 1.0 82
0.05885682924603025 1.0 0.0 1.0 86
1.95891791894992 1.0 2.0 1.0 90
0.0 1.7004465070964598 0.0 2.0 99
1.0 1.5739904777722575 1.0 2.0 100
0.0 1.5991390353473913 0.0 2.0 101
0.0 1.2556094624512988 0.0 2.0 102
0.016024166765082726 1.0 0.0 1.0 104
0.8012913903266499 1.1987086096733504 1.0 1.0 106
0.0 1.6778049626371185 0.0 2.0 107
0.5950299135124106 1.0 1.0 1.0 114
1.0 0.2578587316308913 1.0 0.0 116
1.791125900575397 1.0 2.0 1.0 117
0.46542294551974117 1.4654229455197412 0.5 1.5 122
*** t = 68
1.0 0.6801937796710275 1.0 0.0 128
0.02981911037615699 1.029819110376157 0.0 1.0 136
1.0 1.180591318133456 1.0 2.0 137
0.48077322152779145 1.4807732215277916 0.0 1.0 139
0.0041650273673879135 1.0041650273673879 0.0 1.0 141
0.0 0.7975944535346979 0.0 0.0 142
0.0 0.49797552941937606 0.0 0.0 143
0.3464313240765538 1.346431324076554 0.5 1.5 144
0.990883944981874 1.0 1.0 1.0 145
1.3091003236793597 1.0 2.0 1.0 146
1.0 0.1057433314335464 1.0 0.0 147
0.13642363880866845 1.1364236388086684 0.0 1.0 148
0.0 0.12226860703368897 0.0 0.0 149
0.5082321727683334 1.0 0.0 1.0 150
0.0 1.6096846875694053 0.0 2.0 151
0.8665922659017634 1.1334077340982365 0.5 1.5 152
0.8880360737302939 1.111963926269706 0.5 1.5 153
1.988155962288392 1.0 2.0 1.0 154
-0.48611501257327144 1.0 -1.0 1.0 155
-0.7935347773657357 1.0 -1.0 1.0 156
0.24584695445495297 1.0 1.0 1.0 157
0.36752879613574757 1.3675287961357476 0.5 1.5 158
1.0 0.7564807022264088 1.0 0.0 160
0.08454159745804862 1.0 0.0 1.0 161
0.0 0.10445675876034996 0.0 0.0 162
-0.07598312720741426 1.0 -1.0 1.0 164
0.6423325694401207 1.3576674305598793 0.5 1.5 165
-0.09075636526652557 1.0 -1.0 1.0 166
0.4418491095670546 1.0 1.0 1.0 167
1.0 1.362962169765633 1.0 2.0 168
0.5636794775626435 1.4363205224373565 0.5 1.5 169
0.356815696774917 1.356815696774917 0.5 1.5 170
0.4351551777395901 1.4351551777395901 0.5 1.5 171
0.529115227578894 1.0 0.0 1.0 172
0.0 0.8860354414608282 0.0 0.0 173
0.0 0.6238835404078573 0.0 1.0 174
-0.16306892268461914 1.0 -1.0 1.0 175
0.0 0.813185821732474 0.0 0.0 176
1.0 0.8110990631450716 1.0 1.0 177
0.7578988958966174 1.2421011041033825 0.5 1.5 178
1.3800147178646007 1.0 1.0 1.0 179
0.0 1.2926312118357721 0.0 1.0 180
0.0 0.3712898052294771 0.0 1.0 181
-0.037985865040975786 1.0 -1.0 1.0 182
1.0 1.0473452236491978 1.0 1.0 183
0.0 1.2768594147965566 0.0 1.0 184
-0.5254337125381333 1.0 0.0 1.0 185
1.0 0.566793592611625 1.0 1.0 186
1.2652968274802905 1.0 1.0 1.0 187
0.0 0.41712479235547173 0.0 1.0 188
0.0 1.4954369495602569 0.0 1.0 189
1.0 1.6506769492493332 1.0 1.0 190
0.0 1.5415382535779718 0.0 1.0 191
0.0 0.24445510659169653 0.0 1.0 192
0.0 1.7558274994150413 0.0 1.0 193
-0.7386240917100964 1.0 0.0 1.0 194
1.0 0.20911479635933006 1.0 1.0 195
1.0 1.763450330282144 1.0 1.0 196
1.775061935552816 1.0 1.0 1.0 197
0.0 1.8943574220088961 0.0 1.0 198
0.0 0.0 0.0 1.0 199
0.0 2.0 0.0 1.0 200
1.0 2.0 1.0 1.0 201
0.4930800291147739 1.4930800291147739 0.0 1.0 79
0.35269592264762595 1.0 0.0 1.0 82
0.022506139604617323 1.0225061396046173 0.5 1.5 86
0.0 1.8251331758682645 0.0 2.0 99
1.0 1.69484514565545 1.0 2.0 100
0.0 1.7245563040261565 0.0 2.0 101
0.0 1.3739908503488598 0.0 2.0 102
-0.09359484599646606 1.0 -1.0 1.0 104
0.8727592920266416 1.1272407079733586 1.0 1.0 106
0.0 1.7775474957019641 0.0 2.0 107
0.7025028947940358 1.0 1.0 1.0 114
1.0 0.14095670086266154 1.0 0.0 116
1.8945009339300414 1.0 2.0 1.0 117
0.5123241345879928 1.4876758654120072 1.0 1.0 122
*** t = 69
1.0 0.566276288725108 1.0 0.0 128
0.06564954478183099 1.0 1.0 1.0 136
1.0 1.3041534553004346 1.0 2.0 137
0.3841012044855263 1.3841012044855263 0.0 1.0 139
0.0 1.114525928018509 0.0 2.0 141
0.0 0.666763498092778 0.0 0.0 142
0.0 0.37287430589034487 0.0 0.0 143
0.40188069803776966 1.4018806980377698 0.5 1.5 144
1.0 0.8985113914080218 1.0 0.0 145
1.4373836749948796 1.0 2.0 1.0 146
1.0 5.068498465212457E-4 1.0 0.0 147
0.002435996246055089 1.0024359962460552 0.0 1.0 148
0.0 0.01181381921214128 0.0 0.0 149
0.4204811241076472 1.0 0.0 1.0 150
0.0 1.7631955515440763 0.0 2.0 151
0.7698659348723053 1.2301340651276946 0.5 1.5 152
0.7926499806901188 1.2073500193098812 0.5 1.5 153
-0.5851893467448229 1.0 -1.0 1.0 155
-0.9216444043204312 1.0 -1.0 1.0 156
0.3348360226303067 1.0 1.0 1.0 157
0.44428848023019724 1.4442884802301972 0.5 1.5 158
1.0 0.6676578952425809 1.0 0.0 160
0.03696532211065366 1.0369653221106536 0.5 1.5 161
-0.1656483878080321 1.0 -1.0 1.0 164
0.5536013851279185 1.4463986148720815 0.5 1.5 165
-0.18991603483620975 1.0 -1.0 1.0 166
0.5729263013458777 1.0 1.0 1.0 167
1.0 1.4868678215625086 1.0 2.0 168
0.45973154086956125 1.4597315408695613 0.0 1.0 169
0.46320794457106346 1.4632079445710635 0.5 1.5 170
0.549381373632204 1.450618626367796 1.0 1.0 171
0.38202675033678335 1.0 0.0 1.0 172
0.0 0.7622616016231425 0.0 0.0 173
0.0 0.7018689829588395 0.0 1.0 174
-0.30845253802019645 1.0 -1.0 1.0 175
0.0 0.6648340494490332 0.0 0.0 176
1.0 0.9124864460382056 1.0 1.0 177
0.6392479102353761 1.360752089764624 0.5 1.5 178
1.3025165575976758 1.0 1.0 1.0 179
0.0 1.191578527812311 0.0 1.0 180
0.0 0.4331714394343899 0.0 1.0 181
-0.21098350921447184 1.0 -1.0 1.0 182
0.8885694275907309 1.0 0.0 1.0 183
0.0 1.132231297755868 0.0 1.0 184
-0.43052045504576 1.0 0.0 1.0 185
1.0 0.68015231113395 1.0 1.0 186
1.1183561929763486 1.0 1.0 1.0 187
0.0 0.5214059904443397 0.0 1.0 188
0.0 1.369296186950321 0.0 1.0 189
1.0 1.5633461865616665 1.0 1.0 190
0.0 1.3887176714372957 0.0 1.0 191
0.0 0.3666826598875448 0.0 1.0 192
0.0 1.633741249122562 0.0 1.0 193
-0.6079361375651445 1.0 0.0 1.0 194
1.0 0.3136721945389951 1.0 1.0 195
1.0 1.645175495423216 1.0 1.0 196
1.6625929033292242 1.0 1.0 1.0 197
0.0 1.7887148440177922 0.0 1.0 198
0.0 0.13249617627963903 0.0 1.0 199
0.0 1.875407485640085 0.0 1.0 200
1.0 1.8565622206070647 1.0 1.0 201
0.0 2.0 0.0 1.0 202
-1.0 1.0 0.0 1.0 203
1.0 0.0 1.0 1.0 204
2.0 1.0 1.0 1.0 205
0.42183286976700995 1.42183286976701 0.0 1.0 79
0.2511579816544892 1.0 0.0 1.0 82
0.08663034228824136 1.0866303422882413 0.5 1.5 86
0.0 1.9498198446400692 0.0 2.0 99
1.0 1.8156998135386426 1.0 2.0 100
0.0 1.8499735727049216 0.0 2.0 101
0.0 1.4923722382464208 0.0 2.0 102
-0.20321385875801484 1.0 -1.0 1.0 104
0.9442271937266333 1.0557728062733667 1.0 1.0 106
0.0 1.8772900287668097 0.0 2.0 107
0.809975876075661 1.0 1.0 1.0 114
1.0 0.024054670094431782 1.0 0.0 116
1.9978759672846857 1.0 2.0 1.0 117
0.5592253236562443 1.4407746763437557 1.0 1.0 122
*** t = 70
1.0 0.45235879777918864 1.0 0.0 128
0.17346967987552342 1.0 1.0 1.0 136
1.0 1.4277155924674132 1.0 2.0 137
0.2874291874432611 1.287429187443261 0.0 1.0 139
0.0 1.234942094227633 0.0 2.0 141
0.0 0.5359325426508581 0.0 0.0 142
0.0 0.24777308236131365 0.0 0.0 143
0.4573300719989855 1.4573300719989857 0.5 1.5 144
1.0 0.7879067277979177 1.0 0.0 145
1.5656670263103996 1.0 2.0 1.0 146
0.0 1.1860421223733852 0.0 2.0 148
0.332730075446961 1.0 0.0 1.0 150
0.0 1.9167064155187472 0.0 2.0 151
0.673139603842847 1.3268603961571528 0.5 1.5 152
0.6972638876499437 1.3027361123500563 0.5 1.5 153
-0.6842636809163744 1.0 -1.0 1.0 155
0.42382509080566044 1.0 1.0 1.0 157
0.5210481643246468 1.478951835675353 1.0 1.0 158
1.0 0.578835088258753 1.0 0.0 160
0.1337105810762369 1.133710581076237 0.5 1.5 161
-0.2553136484086499 1.0 -1.0 1.0 164
0.4648702008157162 1.4648702008157162 0.0 1.0 165
-0.2890757044058939 1.0 -1.0 1.0 166
0.7040034931247009 1.0 1.0 1.0 167
1.0 1.6107734733593844 1.0 2.0 168
0.35578360417647903 1.355783604176479 0.0 1.0 169
0.5696001923672099 1.43039980763279 1.0 1.0 170
0.6636075695248178 1.3363924304751822 1.0 1.0 171
0.23493827309467277 1.0 0.0 1.0 172
0.0 0.6384877617854567 0.0 0.0 173
0.0 0.7798544255098216 0.0 1.0 174
-0.45383615335577376 1.0 -1.0 1.0 175
0.0 0.5164822771655925 0.0 0.0 176
1.0 1.0138738289313396 1.0 2.0 177
0.5205969245741348 1.4794030754258651 0.5 1.5 178
1.225018397330751 1.0 1.0 1.0 179
0.0 1.0905258437888499 0.0 1.0 180
0.0 0.49505307363930273 0.0 1.0 181
-0.3839811533879679 1.0 -1.0 1.0 182
0.729793631532264 1.0 0.0 1.0 183
0.008765874981440979 1.008765874981441 0.5 1.5 184
-0.33560719755338664 1.0 0.0 1.0 185
1.0 0.7935110296562751 1.0 1.0 186
0.9714155584724067 1.0 0.0 1.0 187
0.0 0.6256871885332076 0.0 1.0 188
0.0 1.2431554243403853 0.0 1.0 189
1.0 1.4760154238739998 1.0 1.0 190
0.0 1.2358970892966197 0.0 1.0 191
0.0 0.48891021318339306 0.0 1.0 192
0.0 1.5116549988300827 0.0 1.0 193
-0.4772481834201927 1.0 0.0 1.0 194
1.0 0.4182295927186601 1.0 1.0 195
1.0 1.526900660564288 1.0 1.0 196
1.5501238711056322 1.0 1.0 1.0 197
0.0 1.6830722660266884 0.0 1.0 198
0.0 0.26499235255927805 0.0 1.0 199
0.0 1.7508149712801702 0.0 1.0 200
1.0 1.7131244412141293 1.0 1.0 201
0.0 1.8694918086996517 0.0 1.0 202
-0.8339460525418073 1.0 0.0 1.0 203
1.0 0.17578984149370633 1.0 1.0 204
1.915966040880281 1.0 1.0 1.0 205
0.0 0.0 0.0 1.0 206
0.350585710419246 1.350585710419246 0.0 1.0 79
0.0 2.0 0.0 1.0 207
1.0 2.0 1.0 1.0 208
0.14962004066135248 1.0 0.0 1.0 82
0.15075454497186538 1.1507545449718652 0.5 1.5 86
1.0 1.9365544814218352 1.0 2.0 100
0.0 1.9753908413836867 0.0 2.0 101
0.0 1.6107536261439819 0.0 2.0 102
-0.3128328715195636 1.0 -1.0 1.0 104
0.9778037831849268 1.0 0.0 1.0 106
0.0 1.9770325618316553 0.0 2.0 107
0.9174488573572862 1.0 1.0 1.0 114
0.6061265127244959 1.393873487275504 1.0 1.0 122
*** t = 71
1.0 0.33844130683326923 1.0 0.0 128
0.28128981496921585 1.0 1.0 1.0 136
1.0 1.5512777296343918 1.0 2.0 137
0.19075717040099593 1.1907571704009958 0.0 1.0 139
0.0 1.3553582604367571 0.0 2.0 141
0.0 0.4051015872089382 0.0 0.0 142
0.0 0.12267185883228243 0.0 0.0 143
0.5127794459602014 1.4872205540397987 1.0 1.0 144
1.0 0.6773020641878136 1.0 0.0 145
1.6939503776259195 1.0 2.0 1.0 146
0.0 1.3755292636758316 0.0 2.0 148
0.24497902678627476 1.0 0.0 1.0 150
0.5764132728133888 1.4235867271866112 0.5 1.5 152
0.6018777946097686 1.3981222053902314 0.5 1.5 153
-0.7833380150879258 1.0 -1.0 1.0 155
0.5128141589810142 1.0 1.0 1.0 157
0.5978078484190965 1.4021921515809035 1.0 1.0 158
1.0 0.4900122812749251 1.0 0.0 160
0.23045584004182013 1.2304558400418202 0.5 1.5 161
-0.34497890900926775 1.0 -1.0 1.0 164
0.3761390165035139 1.376139016503514 0.0 1.0 165
-0.3882353739755781 1.0 -1.0 1.0 166
0.835080684903524 1.0 1.0 1.0 167
1.0 1.73467912515626 1.0 2.0 168
0.2518356674833968 1.2518356674833968 0.0 1.0 169
0.6759924401633564 1.3240075598366434 1.0 1.0 170
0.7778337654174317 1.2221662345825683 1.0 1.0 171
0.0878497958525622 1.0 0.0 1.0 172
0.0 0.514713921947771 0.0 0.0 173
0.0 0.8578398680608038 0.0 1.0 174
-0.5992197686913511 1.0 -1.0 1.0 175
0.0 0.3681305048821517 0.0 0.0 176
1.0 1.1152612118244736 1.0 2.0 177
0.40194593891289354 1.4019459389128934 0.0 1.0 178
1.147520237063826 1.0 1.0 1.0 179
-0.010526840234611243 1.0 -1.0 1.0 180
0.0 0.5569347078442156 0.0 1.0 181
-0.556978797561464 1.0 -1.0 1.0 182
0.571017835473797 1.0 0.0 1.0 183
0.11103339729115369 1.1110333972911537 0.5 1.5 184
-0.2406939400610133 1.0 0.0 1.0 185
1.0 0.9068697481786001 1.0 1.0 186
0.8244749239684648 1.0 0.0 1.0 187
0.0 0.7299683866220755 0.0 1.0 188
0.0 1.1170146617304495 0.0 1.0 189
1.0 1.388684661186333 1.0 1.0 190
0.0 1.0830765071559436 0.0 1.0 191
0.0 0.6111377664792413 0.0 1.0 192
0.0 1.3895687485376034 0.0 1.0 193
-0.3465602292752409 1.0 0.0 1.0 194
1.0 0.5227869908983251 1.0 1.0 195
1.0 1.40862582570536 1.0 1.0 196
1.4376548388820403 1.0 1.0 1.0 197
0.0 1.5774296880355845 0.0 1.0 198
0.0 0.39748852883891705 0.0 1.0 199
0.0 1.6262224569202552 0.0 1.0 200
1.0 1.569686661821194 1.0 1.0 201
0.0 1.7389836173993034 0.0 1.0 202
-0.6678921050836146 1.0 0.0 1.0 203
1.0 0.35157968298741266 1.0 1.0 204
1.831932081760562 1.0 1.0 1.0 205
0.0 0.10800844339720723 0.0 1.0 206
0.2793385510714821 1.279338551071482 0.0 1.0 79
0.0 1.892361632698932 0.0 1.0 207
1.0 1.8603394746979889 1.0 1.0 208
0.0 2.0 0.0 1.0 209
0.04808209966821575 1.0 0.0 1.0 82
0.21487874765548942 1.2148787476554892 0.5 1.5 86
0.0 1.729135014041543 0.0 2.0 102
-0.4224518842811124 1.0 -1.0 1.0 104
0.8767329073264511 1.0 0.0 1.0 106
1.0 1.0249218386389114 1.0 2.0 114
0.6530277017927475 1.3469722982072525 1.0 1.0 122
*** t = 72
1.0 0.2245238158873498 1.0 0.0 128
0.38910995006290827 1.0 1.0 1.0 136
1.0 1.6748398668013704 1.0 2.0 137
0.09408515335873072 1.0940851533587306 0.0 1.0 139
0.0 1.4757744266458812 0.0 2.0 141
0.0 0.27427063176701827 0.0 0.0 142
0.5682288199214173 1.4317711800785828 1.0 1.0 144
1.0 0.5666974005777095 1.0 0.0 145
1.8222337289414394 1.0 2.0 1.0 146
0.0 1.565016404978278 0.0 2.0 148
0.15722797812558853 1.0 0.0 1.0 150
0.4796869417839306 1.4796869417839307 0.0 1.0 152
0.5064917015695936 1.4935082984304064 0.5 1.5 153
-0.8824123492594772 1.0 -1.0 1.0 155
0.601803227156368 1.0 1.0 1.0 157
0.6745675325135462 1.325432467486454 1.0 1.0 158
1.0 0.4011894742910972 1.0 0.0 160
0.32720109900740335 1.3272010990074035 0.5 1.5 161
-0.4346441696098856 1.0 -1.0 1.0 164
0.2874078321913116 1.2874078321913116 0.0 1.0 165
-0.4873950435452623 1.0 -1.0 1.0 166
0.9661578766823472 1.0 1.0 1.0 167
1.0 1.8585847769531358 1.0 2.0 168
0.1478877307903146 1.1478877307903146 0.0 1.0 169
0.7823846879595029 1.2176153120404969 1.0 1.0 170
0.8920599613100455 1.1079400386899545 1.0 1.0 171
0.0 0.9407613186104516 0.0 0.0 172
0.0 0.3909400821100853 0.0 0.0 173
0.0 0.935825310611786 0.0 1.0 174
-0.7446033840269284 1.0 -1.0 1.0 175
0.0 0.21977873259871097 0.0 0.0 176
1.0 1.2166485947176076 1.0 2.0 177
0.2832949532516522 1.2832949532516522 0.0 1.0 178
1.070022076796901 1.0 1.0 1.0 179
-0.11157952425807235 1.0 -1.0 1.0 180
0.0 0.6188163420491285 0.0 1.0 181
-0.72997644173496 1.0 -1.0 1.0 182
0.4122420394153301 1.0 0.0 1.0 183
0.2133009196008664 1.2133009196008664 0.5 1.5 184
-0.14578068256863996 1.0 0.0 1.0 185
0.9797715332990748 1.0 0.0 1.0 186
0.6775342894645229 1.0 0.0 1.0 187
0.0 0.8342495847109435 0.0 1.0 188
0.0 0.9908738991205137 0.0 0.0 189
1.0 1.3013538984986663 1.0 1.0 190
-0.0697440749847324 1.0 -1.0 1.0 191
0.0 0.7333653197750896 0.0 1.0 192
0.0 1.267482498245124 0.0 1.0 193
-0.2158722751302891 1.0 0.0 1.0 194
1.0 0.6273443890779902 1.0 1.0 195
1.0 1.2903509908464321 1.0 1.0 196
1.3251858066584483 1.0 1.0 1.0 197
0.0 1.4717871100444806 0.0 1.0 198
0.0 0.5299847051185561 0.0 1.0 199
0.0 1.5016299425603403 0.0 1.0 200
1.0 1.4262488824282586 1.0 1.0 201
0.0 1.608475426098955 0.0 1.0 202
-0.5018381576254219 1.0 0.0 1.0 203
1.0 0.527369524481119 1.0 1.0 204
1.747898122640843 1.0 1.0 1.0 205
0.0 0.21601688679441447 0.0 1.0 206
0.20809139172371816 1.2080913917237182 0.0 1.0 79
0.0 1.7847232653978642 0.0 1.0 207
1.0 1.7206789493959778 1.0 1.0 208
0.0 1.8972115033892065 0.0 1.0 209
0.0377989878948837 1.0377989878948837 0.5 1.5 82
0.0 0.0 0.0 1.0 210
0.0 2.0 0.0 1.0 211
-1.0 1.0 0.0 1.0 212
1.0 0.0 1.0 1.0 213
0.27900295033911343 1.2790029503391132 0.5 1.5 86
1.0 2.0 1.0 1.0 214
2.0 1.0 1.0 1.0 215
0.0 1.847516401939104 0.0 2.0 102
-0.5320708970426612 1.0 -1.0 1.0 104
0.7756620314679756 1.0 0.0 1.0 106
1.0 1.1323948199205367 1.0 2.0 114
0.6999288908609991 1.300071109139001 1.0 1.0 122
*** t = 73
1.0 0.11060632494143036 1.0 0.0 128
0.4969300851566007 1.0 1.0 1.0 136
1.0 1.798402003968349 1.0 2.0 137
0.003658377705264948 1.0 1.0 1.0 139
0.0 1.5961905928550053 0.0 2.0 141
0.0 0.14343967632509838 0.0 0.0 142
0.6236781938826331 1.376321806117367 1.0 1.0 144
1.0 0.45609273696760533 1.0 0.0 145
1.9505170802569594 1.0 2.0 1.0 146
0.0 1.7545035462807244 0.0 2.0 148
0.06947692946490229 1.0 0.0 1.0 150
0.3829606107544724 1.3829606107544725 0.0 1.0 152
0.41110560852941846 1.4111056085294185 0.0 1.0 153
-0.9814866834310286 1.0 -1.0 1.0 155
0.6907922953317218 1.0 1.0 1.0 157
0.7513272166079958 1.2486727833920042 1.0 1.0 158
1.0 0.3123666673072693 1.0 0.0 160
0.42394635797298663 1.4239463579729867 0.5 1.5 161
-0.5243094302105035 1.0 -1.0 1.0 164
0.19867664787910932 1.1986766478791093 0.0 1.0 165
-0.5865547131149464 1.0 -1.0 1.0 166
1.0972350684611702 1.0 2.0 1.0 167
1.0 1.9824904287500116 1.0 2.0 168
0.043939794097232365 1.0439397940972324 0.0 1.0 169
0.8887769357556494 1.1112230642443506 1.0 1.0 170
1.0 1.00888996877121 1.0 2.0 171
0.0 0.793672841368341 0.0 0.0 172
0.0 0.2671662422723996 0.0 0.0 173
0.0 1.013810753162768 0.0 2.0 174
-0.8899869993625057 1.0 -1.0 1.0 175
0.0 0.07142696031527024 0.0 0.0 176
1.0 1.3180359776107415 1.0 2.0 177
0.1646439675904109 1.164643967590411 0.0 1.0 178
1.0 0.9925239165299762 1.0 0.0 179
-0.21263220828153345 1.0 -1.0 1.0 180
0.0 0.6806979762540414 0.0 1.0 181
-0.9029740859084561 1.0 -1.0 1.0 182
0.2534662433568632 1.0 0.0 1.0 183
0.3155684419105791 1.315568441910579 0.5 1.5 184
-0.050867425076266626 1.0 0.0 1.0 185
0.8664128147767498 1.0 0.0 1.0 186
0.530593654960581 1.0 0.0 1.0 187
0.0 0.9385307827998114 0.0 1.0 188
0.0 0.8647331365105779 0.0 0.0 189
1.0 1.2140231358109996 1.0 1.0 190
-0.2225646571254084 1.0 -1.0 1.0 191
0.0 0.8555928730709378 0.0 1.0 192
0.0 1.1453962479526447 0.0 1.0 193
-0.08518432098533729 1.0 0.0 1.0 194
1.0 0.7319017872576552 1.0 1.0 195
1.0 1.1720761559875041 1.0 1.0 196
1.2127167744348564 1.0 1.0 1.0 197
0.0 1.3661445320533767 0.0 1.0 198
0.0 0.6624808813981952 0.0 1.0 199
0.0 1.3770374282004254 0.0 1.0 200
1.0 1.2828111030353233 1.0 1.0 201
0.0 1.4779672347986068 0.0 1.0 202
-0.33578421016722926 1.0 0.0 1.0 203
1.0 0.7031593659748253 1.0 1.0 204
1.663864163521124 1.0 1.0 1.0 205
0.0 0.3240253301916217 0.0 1.0 206
0.13684423237595422 1.1368442323759542 0.0 1.0 79
0.0 1.6770848980967963 0.0 1.0 207
1.0 1.5810184240939666 1.0 1.0 208
0.0 1.794423006778413 0.0 1.0 209
0.10959715451885021 1.10959715451885 0.5 1.5 82
0.0 0.0468374449498428 0.0 1.0 210
0.0 1.8788376292731144 0.0 1.0 211
-0.880911421534067 1.0 0.0 1.0 212
1.0 0.1311480399136312 1.0 1.0 213
0.34312715302273744 1.343127153022737 0.5 1.5 86
1.0 1.9165044524377102 1.0 1.0 214
1.875959900709673 1.0 1.0 1.0 215
0.0 2.0 0.0 1.0 216
0.0 1.965897789836665 0.0 2.0 102
-0.6416899098042099 1.0 -1.0 1.0 104
0.6745911556095001 1.0 0.0 1.0 106
1.0 1.239867801202162 1.0 2.0 114
0.7468300799292507 1.2531699200707493 1.0 1.0 122
*** t = 74
0.6047502202502931 1.0 1.0 1.0 136
1.0 1.9219641411353277 1.0 2.0 137
0.14037325530839934 1.0 1.0 1.0 139
0.0 1.7166067590641294 0.0 2.0 141
0.0 0.012608720883178492 0.0 0.0 142
0.679127567843849 1.3208724321561511 1.0 1.0 144
1.0 0.3454880733575012 1.0 0.0 145
0.0 1.9439906875831707 0.0 2.0 148
0.0 0.9817258808042161 0.0 0.0 150
0.28623427972501425 1.2862342797250144 0.0 1.0 152
0.3157195154892434 1.3157195154892434 0.0 1.0 153
0.7797813635070756 1.0 1.0 1.0 157
0.8280869007024455 1.1719130992975546 1.0 1.0 158
1.0 0.22354386032344142 1.0 0.0 160
0.5206916169385699 1.47930838306143 1.0 1.0 161
-0.6139746908111213 1.0 -1.0 1.0 164
0.10994546356690706 1.109945463566907 0.0 1.0 165
-0.6857143826846306 1.0 -1.0 1.0 166
1.2283122602399934 1.0 2.0 1.0 167
0.08486432911186947 1.0 1.0 1.0 169
0.9951691835517958 1.004830816448204 1.0 1.0 170
1.0 1.1704302041808305 1.0 2.0 171
0.0 0.6465843641262304 0.0 0.0 172
0.0 0.1433924024347139 0.0 0.0 173
0.0 1.09179619571375 0.0 2.0 174
1.0 1.4194233605038755 1.0 2.0 177
0.04599298192916962 1.0459929819291696 0.0 1.0 178
1.0 0.9150257562630513 1.0 0.0 179
-0.3136848923049946 1.0 -1.0 1.0 180
0.0 0.7425796104589543 0.0 1.0 181
0.09469044729839624 1.0 0.0 1.0 183
0.4178359642202918 1.4178359642202918 0.5 1.5 184
0.04404583241610671 1.0 1.0 1.0 185
0.7530540962544248 1.0 0.0 1.0 186
0.383653020456639 1.0 0.0 1.0 187
0.0 1.0428119808886793 0.0 2.0 188
0.0 0.7385923739006421 0.0 0.0 189
1.0 1.126692373123333 1.0 1.0 190
-0.3753852392660844 1.0 -1.0 1.0 191
0.0 0.977820426366786 0.0 1.0 192
0.0 1.0233099976601654 0.0 1.0 193
0.0 0.9544963668403855 0.0 0.0 194
1.0 0.8364591854373202 1.0 1.0 195
1.0 1.0538013211285762 1.0 1.0 196
1.1002477422112644 1.0 1.0 1.0 197
0.0 1.2605019540622728 0.0 1.0 198
0.0 0.7949770576778342 0.0 1.0 199
0.0 1.2524449138405105 0.0 1.0 200
1.0 1.139373323642388 1.0 1.0 201
0.0 1.3474590434982585 0.0 1.0 202
-0.16973026270903657 1.0 0.0 1.0 203
1.0 0.8789492074685317 1.0 1.0 204
1.579830204401405 1.0 1.0 1.0 205
0.0 0.43203377358882894 0.0 1.0 206
0.06559707302819029 1.0655970730281903 0.0 1.0 79
0.0 1.5694465307957284 0.0 1.0 207
1.0 1.4413578987919555 1.0 1.0 208
0.0 1.6916345101676196 0.0 1.0 209
0.1813953211428167 1.1813953211428165 0.5 1.5 82
0.0 0.0936748898996856 0.0 1.0 210
0.0 1.7576752585462287 0.0 1.0 211
-0.761822843068134 1.0 0.0 1.0 212
1.0 0.2622960798272624 1.0 1.0 213
0.4072513557063614 1.4072513557063613 0.5 1.5 86
1.0 1.8330089048754203 1.0 1.0 214
1.751919801419346 1.0 1.0 1.0 215
0.0 1.8446776863296002 0.0 1.0 216
0.0 0.0 0.0 1.0 217
0.0 2.0 0.0 1.0 218
1.0 2.0 1.0 1.0 219
-0.7513089225657588 1.0 -1.0 1.0 104
0.5735202797510246 1.0 0.0 1.0 106
1.0 1.3473407824837873 1.0 2.0 114
0.7937312689975022 1.2062687310024978 1.0 1.0 122
*** t = 75
0.7125703553439856 1.0 1.0 1.0 136
0.2770881329115337 1.0 1.0 1.0 139
0.0 1.8370229252732535 0.0 2.0 141
0.7345769418050648 1.2654230581949353 1.0 1.0 144
1.0 0.23488340974739708 1.0 0.0 145
0.0 0.8939748321435298 0.0 0.0 150
0.18950794869555607 1.1895079486955562 0.0 1.0 152
0.22033342244906828 1.2203334224490683 0.0 1.0 153
0.8687704316824294 1.0 1.0 1.0 157
0.9048465847968952 1.095153415203105 1.0 1.0 158
1.0 0.13472105333961354 1.0 0.0 160
0.6174368759041532 1.3825631240958467 1.0 1.0 161
-0.7036399514117392 1.0 -1.0 1.0 164
0.021214279254704774 1.0212142792547048 0.0 1.0 165
-0.7848740522543147 1.0 -1.0 1.0 166
1.3593894520188166 1.0 2.0 1.0 167
0.23186891096392623 1.0 1.0 1.0 169
0.856370446373716 1.0 0.0 1.0 170
1.0 1.3319704395904508 1.0 2.0 171
0.0 0.49949588688411983 0.0 0.0 172
0.0 0.019618562597028197 0.0 0.0 173
0.0 1.1697816382647321 0.0 2.0 174
1.0 1.5208107433970095 1.0 2.0 177
0.10275393429285078 1.0 1.0 1.0 178
1.0 0.8375275959961264 1.0 0.0 179
-0.4147375763284557 1.0 -1.0 1.0 180
0.0 0.8044612446638671 0.0 1.0 181
0.045315184682950906 1.045315184682951 0.5 1.5 183
0.5201034865300045 1.4798965134699955 1.0 1.0 184
0.13895908990848005 1.0 1.0 1.0 185
0.6396953777320997 1.0 0.0 1.0 186
0.23671238595269706 1.0 0.0 1.0 187
0.0 1.1470931789775474 0.0 2.0 188
0.0 0.6124516112907064 0.0 0.0 189
1.0 1.0393616104356662 1.0 1.0 190
-0.5282058214067604 1.0 -1.0 1.0 191
0.10004797966263428 1.0 1.0 1.0 192
0.06984535805650476 1.0698453580565048 0.5 1.5 193
0.0 0.8238084126954337 0.0 0.0 194
1.0 0.9410165836169853 1.0 1.0 195
1.0 0.9355264862696483 1.0 0.0 196
0.9877787099876725 1.0 0.0 1.0 197
0.0 1.154859376071169 0.0 1.0 198
0.0 0.9274732339574733 0.0 1.0 199
0.0 1.1278523994805956 0.0 1.0 200
1.0 0.9959355442494526 1.0 0.0 201
0.0 1.2169508521979102 0.0 1.0 202
-0.0036763152508438868 1.0 0.0 1.0 203
1.0 1.054739048962238 1.0 2.0 204
1.495796245281686 1.0 1.0 1.0 205
0.0 0.5400422169860362 0.0 1.0 206
-0.007990428701719746 1.0 -1.0 1.0 79
0.0 1.4618081634946605 0.0 1.0 207
1.0 1.3016973734899444 1.0 1.0 208
0.0 1.588846013556826 0.0 1.0 209
0.2531934877667832 1.253193487766783 0.5 1.5 82
0.0 0.1405123348495284 0.0 1.0 210
0.0 1.6365128878193431 0.0 1.0 211
-0.642734264602201 1.0 0.0 1.0 212
1.0 0.39344411974089355 1.0 1.0 213
0.4713755583899854 1.4713755583899855 0.5 1.5 86
1.0 1.7495133573131305 1.0 1.0 214
1.627879702129019 1.0 1.0 1.0 215
0.0 1.6893553726592003 0.0 1.0 216
0.0 0.12208008068424471 0.0 1.0 217
0.0 1.899050032013412 0.0 1.0 218
1.0 1.9131462745743704 1.0 1.0 219
0.0 2.0 0.0 1.0 220
-1.0 1.0 0.0 1.0 221
1.0 0.0 1.0 1.0 222
2.0 1.0 1.0 1.0 223
-0.8609279353273076 1.0 -1.0 1.0 104
0.472449403892549 1.0 0.0 1.0 106
1.0 1.4548137637654126 1.0 2.0 114
0.8406324580657538 1.1593675419342462 1.0 1.0 122
*** t = 76
0.8203904904376781 1.0 1.0 1.0 136
0.4138030105146681 1.0 1.0 1.0 139
0.0 1.9574390914823776 0.0 2.0 141
0.7900263157662807 1.2099736842337194 1.0 1.0 144
1.0 0.12427874613729296 1.0 0.0 145
0.0 0.8062237834828435 0.0 0.0 150
0.09278161766609788 1.092781617666098 0.0 1.0 152
0.12494732940889322 1.1249473294088932 0.0 1.0 153
0.9577594998577832 1.0 1.0 1.0 157
0.9816062688913447 1.0183937311086553 1.0 1.0 158
1.0 0.04589824635578564 1.0 0.0 160
0.7141821348697365 1.2858178651302634 1.0 1.0 161
-0.793305212012357 1.0 -1.0 1.0 164
0.09548332282176959 1.0 1.0 1.0 165
-0.8840337218239989 1.0 -1.0 1.0 166
1.4904666437976397 1.0 2.0 1.0 167
0.378873492815983 1.0 1.0 1.0 169
0.7059090866090466 1.0 0.0 1.0 170
1.0 1.493510675000071 1.0 2.0 171
0.0 0.35240740964200923 0.0 0.0 172
0.0 1.2477670808157142 0.0 2.0 174
1.0 1.6221981262901435 1.0 2.0 177
0.27055176740391385 1.0 1.0 1.0 178
1.0 0.7600294357292015 1.0 0.0 179
-0.5157902603519168 1.0 -1.0 1.0 180
0.0 0.86634287886878 0.0 1.0 181
0.15758662676418517 1.1575866267641852 0.5 1.5 183
0.6223710088397172 1.3776289911602828 1.0 1.0 184
0.2338723474008534 1.0 1.0 1.0 185
0.5263366592097747 1.0 0.0 1.0 186
0.0897717514487551 1.0 0.0 1.0 187
0.0 1.2513743770664152 0.0 2.0 188
0.0 0.48631084868077057 0.0 0.0 189
0.9520308477479996 1.0 0.0 1.0 190
-0.6810264035474365 1.0 -1.0 1.0 191
0.22227553295848254 1.0 1.0 1.0 192
0.15617337352795502 1.1561733735279551 0.5 1.5 193
0.0 0.6931204585504819 0.0 0.0 194
0.9544260182033497 1.0 0.0 1.0 195
1.0 0.8172516514107204 1.0 0.0 196
0.8753096777640805 1.0 0.0 1.0 197
0.0 1.049216798080065 0.0 1.0 198
0.0599694102371123 1.0 1.0 1.0 199
0.0 1.0032598851206807 0.0 1.0 200
1.0 0.8524977648565173 1.0 0.0 201
0.0 1.086442660897562 0.0 1.0 202
0.11481832484683147 1.1148183248468315 0.5 1.5 203
1.0 1.2305288904559442 1.0 2.0 204
1.411762286161967 1.0 1.0 1.0 205
0.0 0.6480506603832434 0.0 1.0 206
-0.10874912773188455 1.0 -1.0 1.0 79
0.0 1.3541697961935926 0.0 1.0 207
1.0 1.1620368481879333 1.0 1.0 208
0.0 1.4860575169460326 0.0 1.0 209
0.3249916543907497 1.3249916543907494 0.5 1.5 82
0.0 0.1873497797993712 0.0 1.0 210
0.0 1.5153505170924575 0.0 1.0 211
-0.5236456861362679 1.0 0.0 1.0 212
1.0 0.5245921596545248 1.0 1.0 213
0.5354997610736094 1.4645002389263906 1.0 1.0 86
1.0 1.6660178097508407 1.0 1.0 214
1.503839602838692 1.0 1.0 1.0 215
0.0 1.5340330589888005 0.0 1.0 216
0.0 0.24416016136848942 0.0 1.0 217
0.0 1.798100064026824 0.0 1.0 218
1.0 1.8262925491487407 1.0 1.0 219
0.0 1.8870942305327822 0.0 1.0 220
-0.9001616659510668 1.0 0.0 1.0 221
1.0 0.12033618611177234 1.0 1.0 222
1.8656337579740419 1.0 1.0 1.0 223
0.0 0.0 0.0 1.0 224
0.0 2.0 0.0 1.0 225
1.0 2.0 1.0 1.0 226
-0.9705469480888564 1.0 -1.0 1.0 104
0.37137852803407345 1.0 0.0 1.0 106
1.0 1.562286745047038 1.0 2.0 114
0.8875336471340054 1.1124663528659946 1.0 1.0 122
*** t = 77
0.9282106255313706 1.0 1.0 1.0 136
0.5505178881178026 1.0 1.0 1.0 139
0.8454756897274965 1.1545243102725036 1.0 1.0 144
1.0 0.013674082527188852 1.0 0.0 145
0.0 0.7184727348221572 0.0 0.0 150
0.0055786671381384545 1.0 1.0 1.0 152
0.02956123636871813 1.029561236368718 0.0 1.0 153
1.046748568033137 1.0 2.0 1.0 157
0.9174580777066592 1.0 0.0 1.0 158
0.8109273938353198 1.1890726061646801 1.0 1.0 161
-0.8829704726129749 1.0 -1.0 1.0 164
0.22096816708151285 1.0 1.0 1.0 165
-0.983193391393683 1.0 -1.0 1.0 166
1.6215438355764629 1.0 2.0 1.0 167
0.5258780746680397 1.0 1.0 1.0 169
0.5554477268443773 1.0 0.0 1.0 170
1.0 1.6550509104096913 1.0 2.0 171
0.0 0.20531893239989865 0.0 0.0 172
0.0 1.3257525233666962 0.0 2.0 174
1.0 1.7235855091832775 1.0 2.0 177
0.43834960051497696 1.0 1.0 1.0 178
1.0 0.6825312754622765 1.0 0.0 179
-0.6168429443753779 1.0 -1.0 1.0 180
0.0 0.9282245130736929 0.0 1.0 181
0.26985806884541946 1.2698580688454195 0.5 1.5 183
0.7246385311494299 1.2753614688505701 1.0 1.0 184
0.3287856048932267 1.0 1.0 1.0 185
0.4129779406874497 1.0 0.0 1.0 186
0.0 1.0571688830551869 0.0 2.0 187
0.0 1.355655575155283 0.0 2.0 188
0.0 0.3601700860708348 0.0 0.0 189
0.864700085060333 1.0 0.0 1.0 190
-0.8338469856881126 1.0 -1.0 1.0 191
0.3445030862543308 1.0 1.0 1.0 192
0.2425013889994053 1.2425013889994054 0.5 1.5 193
0.0 0.56243250440553 0.0 0.0 194
0.8498686200236847 1.0 0.0 1.0 195
1.0 0.6989768165517926 1.0 0.0 196
0.7628406455404886 1.0 0.0 1.0 197
0.039899051608835126 1.0398990516088351 0.5 1.5 198
0.19246558651675133 1.0 1.0 1.0 199
-0.12133262923923423 1.0 -1.0 1.0 200
1.0 0.709059985463582 1.0 0.0 201
0.044065530402786435 1.0 1.0 1.0 202
0.23223619713731417 1.2322361971373141 0.5 1.5 203
1.0 1.4063187319496504 1.0 2.0 204
1.327728327042248 1.0 1.0 1.0 205
0.0 0.7560591037804507 0.0 1.0 206
-0.20950782676204938 1.0 -1.0 1.0 79
0.0 1.2465314288925247 0.0 1.0 207
1.0 1.0223763228859222 1.0 1.0 208
0.0 1.3832690203352391 0.0 1.0 209
0.3967898210147161 1.396789821014716 0.5 1.5 82
0.0 0.234187224749214 0.0 1.0 210
0.0 1.3941881463655719 0.0 1.0 211
-0.40455710767033487 1.0 0.0 1.0 212
1.0 0.655740199568156 1.0 1.0 213
0.5996239637572335 1.4003760362427666 1.0 1.0 86
1.0 1.5825222621885509 1.0 1.0 214
1.379799503548365 1.0 1.0 1.0 215
0.0 1.3787107453184007 0.0 1.0 216
0.0 0.36624024205273414 0.0 1.0 217
0.0 1.6971500960402361 0.0 1.0 218
1.0 1.739438823723111 1.0 1.0 219
0.0 1.7741884610655645 0.0 1.0 220
-0.8003233319021337 1.0 0.0 1.0 221
1.0 0.24067237222354468 1.0 1.0 222
1.7312675159480837 1.0 1.0 1.0 223
0.0 0.14767815034428866 0.0 1.0 224
0.0 1.9025628309610223 0.0 1.0 225
1.0 1.8560018173402804 1.0 1.0 226
0.0 2.0 0.0 1.0 227
0.2703076521755979 1.0 0.0 1.0 106
1.0 1.6697597263286632 1.0 2.0 114
0.934434836202257 1.065565163797743 1.0 1.0 122
*** t = 78
1.0 1.036030760625063 1.0 2.0 136
0.6872327657209369 1.0 1.0 1.0 139
0.9009250636887123 1.0990749363112877 1.0 1.0 144
0.0 0.630721686161471 0.0 0.0 150
0.1423703563185878 1.0 1.0 1.0 152
-0.09309040504603953 1.0 -1.0 1.0 153
1.1357376362084908 1.0 2.0 1.0 157
0.8089034914168142 1.0 0.0 1.0 158
0.907672652800903 1.0923273471990969 1.0 1.0 161
-0.9726357332135928 1.0 -1.0 1.0 164
0.3464530113412561 1.0 1.0 1.0 165
1.752621027355286 1.0 2.0 1.0 167
0.6728826565200965 1.0 1.0 1.0 169
0.4049863670797079 1.0 0.0 1.0 170
1.0 1.8165911458193116 1.0 2.0 171
0.0 0.058230455157788075 0.0 0.0 172
0.0 1.4037379659176783 0.0 2.0 174
1.0 1.8249728920764114 1.0 2.0 177
0.6061474336260401 1.0 1.0 1.0 178
1.0 0.6050331151953516 1.0 0.0 179
-0.717895628398839 1.0 -1.0 1.0 180
0.0 0.9901061472786058 0.0 1.0 181
0.38212951092665376 1.3821295109266538 0.5 1.5 183
0.8269060534591426 1.1730939465408574 1.0 1.0 184
0.42369886238560006 1.0 1.0 1.0 185
0.2996192221651247 1.0 0.0 1.0 186
0.0 1.2041095175591288 0.0 2.0 187
0.0 1.4599367732441508 0.0 2.0 188
0.0 0.234029323460899 0.0 0.0 189
0.7773693223726664 1.0 0.0 1.0 190
-0.9866675678287886 1.0 -1.0 1.0 191
0.46673063955017907 1.0 1.0 1.0 192
0.32882940447085557 1.3288294044708557 0.5 1.5 193
0.0 0.43174455026057823 0.0 0.0 194
0.7453112218440197 1.0 0.0 1.0 195
1.0 0.5807019816928647 1.0 0.0 196
0.6503716133168966 1.0 0.0 1.0 197
0.11459963488837331 1.1145996348883733 0.5 1.5 198
0.32496176279639033 1.0 1.0 1.0 199
-0.2459251435991491 1.0 -1.0 1.0 200
1.0 0.5656222060706466 1.0 0.0 201
0.1745737217031348 1.0 1.0 1.0 202
0.34965406942779687 1.3496540694277968 0.5 1.5 203
1.0 1.5821085734433566 1.0 2.0 204
1.243694367922529 1.0 1.0 1.0 205
0.0 0.864067547177658 0.0 1.0 206
-0.3102665257922142 1.0 -1.0 1.0 79
0.0 1.1388930615914568 0.0 1.0 207
1.0 0.882715797583911 1.0 0.0 208
0.0 1.2804805237244457 0.0 1.0 209
0.4685879876386826 1.4685879876386827 0.5 1.5 82
0.0 0.2810246696990568 0.0 1.0 210
0.0 1.2730257756386862 0.0 1.0 211
-0.2854685292044018 1.0 0.0 1.0 212
1.0 0.7868882394817872 1.0 1.0 213
0.6637481664408575 1.3362518335591427 1.0 1.0 86
1.0 1.499026714626261 1.0 1.0 214
1.255759404258038 1.0 1.0 1.0 215
0.0 1.2233884316480008 0.0 1.0 216
0.0 0.48832032273697884 0.0 1.0 217
0.0 1.5962001280536482 0.0 1.0 218
1.0 1.6525850982974815 1.0 1.0 219
0.0 1.6612826915983467 0.0 1.0 220
-0.7004849978532005 1.0 0.0 1.0 221
1.0 0.36100855833531703 1.0 1.0 222
1.5969012739221256 1.0 1.0 1.0 223
0.0 0.2953563006885773 0.0 1.0 224
0.0 1.8051256619220446 0.0 1.0 225
1.0 1.7120036346805607 1.0 1.0 226
0.0 1.8043854184971577 0.0 1.0 227
0.0 0.0 0.0 1.0 228
0.0 2.0 0.0 1.0 229
-1.0 1.0 0.0 1.0 230
1.0 0.0 1.0 1.0 231
1.0 2.0 1.0 1.0 232
2.0 1.0 1.0 1.0 233
0.1692367763171223 1.0 0.0 1.0 106
1.0 1.7772327076102885 1.0 2.0 114
0.9813360252705086 1.0186639747294914 1.0 1.0 122
*** t = 79
1.0 1.1438508957187554 1.0 2.0 136
0.8239476433240713 1.0 1.0 1.0 139
0.9563744376499281 1.0436255623500719 1.0 1.0 144
0.0 0.5429706375007847 0.0 0.0 150
0.2791620454990371 1.0 1.0 1.0 152
-0.22798671148523703 1.0 -1.0 1.0 153
1.2247267043838446 1.0 2.0 1.0 157
0.7003489051269691 1.0 0.0 1.0 158
1.0 0.9937521292624674 1.0 0.0 161
0.4719378556009994 1.0 1.0 1.0 165
1.8836982191341092 1.0 2.0 1.0 167
0.8198872383721533 1.0 1.0 1.0 169
0.2545250073150386 1.0 0.0 1.0 170
1.0 1.9781313812289318 1.0 2.0 171
0.0 1.4817234084686604 0.0 2.0 174
1.0 1.9263602749695454 1.0 2.0 177
0.7739452667371032 1.0 1.0 1.0 178
1.0 0.5275349549284267 1.0 0.0 179
-0.8189483124223002 1.0 -1.0 1.0 180
0.036760912825840465 1.0367609128258404 0.5 1.5 181
0.49440095300788806 1.494400953007888 0.5 1.5 183
0.9291735757688553 1.0708264242311447 1.0 1.0 184
0.5186121198779734 1.0 1.0 1.0 185
0.18626050364279972 1.0 0.0 1.0 186
0.0 1.3510501520630707 0.0 2.0 187
0.0 1.5642179713330187 0.0 2.0 188
0.0 0.10788856085096321 0.0 0.0 189
0.6900385596849998 1.0 0.0 1.0 190
0.5889581928460274 1.0 1.0 1.0 192
0.41515741994230587 1.415157419942306 0.5 1.5 193
0.0 0.3010565961156264 0.0 0.0 194
0.6407538236643546 1.0 0.0 1.0 195
1.0 0.4624271468339368 1.0 0.0 196
0.5379025810933047 1.0 0.0 1.0 197
0.18930021816791148 1.1893002181679115 0.5 1.5 198
0.4574579390760294 1.0 1.0 1.0 199
-0.370517657959064 1.0 -1.0 1.0 200
1.0 0.4221844266777112 1.0 0.0 201
0.30508191300348314 1.0 1.0 1.0 202
0.46707194171827954 1.4670719417182796 0.5 1.5 203
1.0 1.757898414937063 1.0 2.0 204
1.15966040880281 1.0 1.0 1.0 205
0.0 0.9720759905748653 0.0 1.0 206
-0.411025224822379 1.0 -1.0 1.0 79
0.0 1.0312546942903889 0.0 1.0 207
1.0 0.7430552722818999 1.0 0.0 208
0.0 1.1776920271136522 0.0 1.0 209
0.5403861542626491 1.4596138457373509 1.0 1.0 82
0.0 0.32786211464889964 0.0 1.0 210
0.0 1.1518634049118006 0.0 1.0 211
-0.16637995073846873 1.0 0.0 1.0 212
1.0 0.9180362793954184 1.0 1.0 213
0.7278723691244815 1.2721276308755187 1.0 1.0 86
1.0 1.4155311670639712 1.0 1.0 214
1.131719304967711 1.0 1.0 1.0 215
0.0 1.068066117977601 0.0 1.0 216
0.0 0.6104004034212236 0.0 1.0 217
0.0 1.4952501600670602 0.0 1.0 218
1.0 1.5657313728718518 1.0 1.0 219
0.0 1.548376922131129 0.0 1.0 220
-0.6006466638042673 1.0 0.0 1.0 221
1.0 0.48134474444708936 1.0 1.0 222
1.4625350318961674 1.0 1.0 1.0 223
0.0 0.443034451032866 0.0 1.0 224
0.0 1.707688492883067 0.0 1.0 225
1.0 1.568005452020841 1.0 1.0 226
0.0 1.6087708369943154 0.0 1.0 227
0.0 0.13518559165853683 0.0 1.0 228
0.0 1.925860651845629 0.0 1.0 229
-0.880200728602815 1.0 0.0 1.0 230
1.0 0.10214072583536427 1.0 1.0 231
1.0 1.8908135000602924 1.0 1.0 232
1.8396488125442068 1.0 1.0 1.0 233
0.06816590045864673 1.0 0.0 1.0 106
0.0 2.0 0.0 1.0 234
1.0 1.8847056888919138 1.0 2.0 114
1.0 1.0399334514815106 1.0 2.0 122
*** t = 80
1.0 1.251671030812448 1.0 2.0 136
0.9606625209272057 1.0 1.0 1.0 139
1.0167213947394242 1.0 2.0 1.0 144
0.0 0.45521958884009844 0.0 0.0 150
0.4159537346794865 1.0 1.0 1.0 152
-0.3628830179244345 1.0 -1.0 1.0 153
1.3137157725591984 1.0 2.0 1.0 157
0.5917943188371241 1.0 0.0 1.0 158
1.0 0.8569336719380423 1.0 0.0 161
0.5974226998607426 1.0 1.0 1.0 165
0.96689182022421 1.0 1.0 1.0 169
0.10406364755036923 1.0 0.0 1.0 170
0.0 1.5597088510196424 0.0 2.0 174
0.9417430998481663 1.0 1.0 1.0 178
1.0 0.4500367946615018 1.0 0.0 179
-0.9200009964457613 1.0 -1.0 1.0 180
0.08051783600303974 1.0805178360030396 0.5 1.5 181
0.6066723950891224 1.3933276049108776 1.0 1.0 183
1.0 1.0444644273186134 1.0 2.0 184
0.6135253773703467 1.0 1.0 1.0 185
0.07290178512047472 1.0 0.0 1.0 186
0.0 1.4979907865670126 0.0 2.0 187
0.0 1.6684991694218865 0.0 2.0 188
0.6027077969973332 1.0 0.0 1.0 190
0.7111857461418756 1.0 1.0 1.0 192
0.5014854354137562 1.4985145645862439 1.0 1.0 193
0.0 0.1703686419706746 0.0 0.0 194
0.5361964254846896 1.0 0.0 1.0 195
1.0 0.34415231197500895 1.0 0.0 196
0.4254335488697127 1.0 0.0 1.0 197
0.2640008014474497 1.2640008014474498 0.5 1.5 198
0.5899541153556684 1.0 1.0 1.0 199
-0.49511017231897886 1.0 -1.0 1.0 200
1.0 0.27874664728477583 1.0 0.0 201
0.4355901043038315 1.0 1.0 1.0 202
0.5844898140087623 1.4155101859912378 1.0 1.0 203
1.0 1.9336882564307691 1.0 2.0 204
1.075626449683091 1.0 1.0 1.0 205
0.0 1.0800844339720725 0.0 2.0 206
-0.5117839238525438 1.0 -1.0 1.0 79
0.07638367301067911 1.0 1.0 1.0 207
1.0 0.6033947469798888 1.0 0.0 208
0.0 1.0749035305028587 0.0 1.0 209
0.6121843208866157 1.3878156791133844 1.0 1.0 82
0.0 0.37469955959874246 0.0 1.0 210
0.0 1.030701034184915 0.0 1.0 211
-0.04729137227253567 1.0 0.0 1.0 212
0.9508156806909503 1.0 0.0 1.0 213
0.7919965718081055 1.2080034281918948 1.0 1.0 86
1.0 1.3320356195016814 1.0 1.0 214
1.007679205677384 1.0 1.0 1.0 215
0.08725619569279891 1.0 1.0 1.0 216
0.0 0.7324804841054683 0.0 1.0 217
0.0 1.3943001920804723 0.0 1.0 218
1.0 1.4788776474462222 1.0 1.0 219
0.0 1.4354711526639112 0.0 1.0 220
-0.5008083297553342 1.0 0.0 1.0 221
1.0 0.6016809305588617 1.0 1.0 222
1.3281687898702093 1.0 1.0 1.0 223
0.0 0.5907126013771546 0.0 1.0 224
0.0 1.6102513238440892 0.0 1.0 225
1.0 1.4240072693611214 1.0 1.0 226
0.0 1.4131562554914732 0.0 1.0 227
0.0 0.27037118331707366 0.0 1.0 228
0.0 1.8517213036912579 0.0 1.0 229
-0.7604014572056299 1.0 0.0 1.0 230
1.0 0.20428145167072853 1.0 1.0 231
1.0 1.7816270001205847 1.0 1.0 232
1.6792976250884135 1.0 1.0 1.0 233
-0.03290497539982884 1.0 -1.0 1.0 106
0.0 1.8557125146271662 0.0 1.0 234
0.0 0.0 0.0 1.0 235
0.0 2.0 0.0 1.0 236
1.0 2.0 1.0 1.0 237
1.0 1.9921786701735391 1.0 2.0 114
1.0 1.1062617491532567 1.0 2.0 122
*** t = 81
1.0 1.3594911659061404 1.0 2.0 136
1.0 1.09737739853034 1.0 2.0 139
1.0951386514204733 1.0 2.0 1.0 144
0.0 0.3674685401794122 0.0 0.0 150
0.5527454238599359 1.0 1.0 1.0 152
-0.497779324363632 1.0 -1.0 1.0 153
1.4027048407345521 1.0 2.0 1.0 157
0.48323973254727903 1.0 0.0 1.0 158
1.0 0.7201152146136172 1.0 0.0 161
0.7229075441204859 1.0 1.0 1.0 165
0.9194630817391222 1.0805369182608777 0.5 1.5 169
0.0 0.9536022877856999 0.0 0.0 170
0.0 1.6376942935706245 0.0 2.0 174
1.0 0.8904590670407706 1.0 0.0 178
1.0 0.3725386343945769 1.0 0.0 179
0.12427475918023903 1.124274759180239 0.5 1.5 181
0.7189438371703567 1.2810561628296433 1.0 1.0 183
1.0 1.1890925443593021 1.0 2.0 184
0.7084386348627201 1.0 1.0 1.0 185
0.0 1.0404569334018503 0.0 2.0 186
0.0 1.6449314210709545 0.0 2.0 187
0.0 1.7727803675107543 0.0 2.0 188
0.5153770343096666 1.0 0.0 1.0 190
0.8334132994377238 1.0 1.0 1.0 192
0.5878134508852064 1.4121865491147936 1.0 1.0 193
0.0 0.039680687825722816 0.0 0.0 194
0.43163902730502457 1.0 0.0 1.0 195
1.0 0.22587747711608108 1.0 0.0 196
0.3129645166461207 1.0 0.0 1.0 197
0.3387013847269879 1.338701384726988 0.5 1.5 198
0.7224502916353075 1.0 1.0 1.0 199
-0.6197026866788937 1.0 -1.0 1.0 200
1.0 0.13530886789184043 1.0 0.0 201
0.5660982956041798 1.0 1.0 1.0 202
0.701907686299245 1.2980923137007552 1.0 1.0 203
0.991592490563372 1.0 0.0 1.0 205
0.0 1.1880928773692798 0.0 2.0 206
-0.6125426228827086 1.0 -1.0 1.0 79
0.18402204031174707 1.0 1.0 1.0 207
1.0 0.4637342216778777 1.0 0.0 208
0.0 0.9721150338920653 0.0 0.0 209
0.6839824875105822 1.316017512489418 1.0 1.0 82
0.0 0.4215370045485853 0.0 1.0 210
0.06396582450402592 1.063965824504026 0.5 1.5 211
0.07179720619339738 1.0 1.0 1.0 212
0.8196676407773191 1.0 0.0 1.0 213
0.8561207744917294 1.1438792255082708 1.0 1.0 86
1.0 1.2485400719393915 1.0 1.0 214
0.9177204230613616 1.0822795769386384 0.5 1.5 215
0.2425785093631988 1.0 1.0 1.0 216
0.0 0.854560564789713 0.0 1.0 217
0.0 1.2933502240938843 0.0 1.0 218
1.0 1.3920239220205926 1.0 1.0 219
0.0 1.3225653831966935 0.0 1.0 220
-0.400969995706401 1.0 0.0 1.0 221
1.0 0.7220171166706341 1.0 1.0 222
1.193802547844251 1.0 1.0 1.0 223
0.0 0.7383907517214433 0.0 1.0 224
0.0 1.5128141548051115 0.0 1.0 225
1.0 1.2800090867014018 1.0 1.0 226
0.0 1.217541673988631 0.0 1.0 227
0.0 0.4055567749756105 0.0 1.0 228
0.0 1.7775819555368868 0.0 1.0 229
-0.6406021858084449 1.0 0.0 1.0 230
1.0 0.3064221775060928 1.0 1.0 231
1.0 1.672440500180877 1.0 1.0 232
1.5189464376326203 1.0 1.0 1.0 233
-0.1339758512583044 1.0 -1.0 1.0 106
0.0 1.7114250292543325 0.0 1.0 234
0.0 0.10547165046962352 0.0 1.0 235
0.0 1.897016999647525 0.0 1.0 236
1.0 1.8360550953166377 1.0 1.0 237
0.0 2.0 0.0 1.0 238
-1.0 1.0 0.0 1.0 239
1.0 0.0 1.0 1.0 240
2.0 1.0 1.0 1.0 241
1.0 1.1725900468250028 1.0 2.0 122
*** t = 82
1.0 1.4673113009998329 1.0 2.0 136
1.0 1.2340922761334745 1.0 2.0 139
1.1735559081015223 1.0 2.0 1.0 144
0.0 0.279717491518726 0.0 0.0 150
0.6895371130403852 1.0 1.0 1.0 152
-0.6326756308028294 1.0 -1.0 1.0 153
1.491693908909906 1.0 2.0 1.0 157
0.374685146257434 1.0 0.0 1.0 158
1.0 0.5832967572891921 1.0 0.0 161
0.8483923883802291 1.0 1.0 1.0 165
0.81551514504604 1.18448485495396 0.5 1.5 169
0.0 0.8031409280210305 0.0 0.0 170
0.0 1.7156797361216065 0.0 2.0 174
1.0 0.7226612339297075 1.0 0.0 178
1.0 0.295040474127652 1.0 0.0 179
0.16803168235743832 1.1680316823574382 0.5 1.5 181
0.831215279251591 1.168784720748409 1.0 1.0 183
1.0 1.3337206613999908 1.0 2.0 184
0.8033518923550934 1.0 1.0 1.0 185
0.0 1.1538156519241753 0.0 2.0 186
0.0 1.7918720555748964 0.0 2.0 187
0.0 1.8770615655996221 0.0 2.0 188
0.42804627162200004 1.0 0.0 1.0 190
0.955640852733572 1.0 1.0 1.0 192
0.6741414663566567 1.3258585336433433 1.0 1.0 193
0.32708162912535954 1.0 0.0 1.0 195
1.0 0.1076026422571532 1.0 0.0 196
0.20049548442252868 1.0 0.0 1.0 197
0.4134019680065261 1.4134019680065262 0.5 1.5 198
0.8549464679149466 1.0 1.0 1.0 199
-0.7442952010388086 1.0 -1.0 1.0 200
0.6966064869045281 1.0 1.0 1.0 202
0.8193255585897277 1.1806744414102723 1.0 1.0 203
0.907558531443653 1.0 0.0 1.0 205
0.0 1.296101320766487 0.0 2.0 206
-0.7133013219128733 1.0 -1.0 1.0 79
0.29166040761281503 1.0 1.0 1.0 207
1.0 0.3240736963758666 1.0 0.0 208
0.0 0.869326537281272 0.0 0.0 209
0.7557806541345486 1.2442193458654516 1.0 1.0 82
0.0 0.4683744494984281 0.0 1.0 210
0.14964055846964525 1.1496405584696454 0.5 1.5 211
0.19088578465933043 1.0 1.0 1.0 212
0.6885196008636879 1.0 0.0 1.0 213
0.9202449771753534 1.0797550228246466 1.0 1.0 86
1.0 1.1650445243771017 1.0 1.0 214
0.8300108277141187 1.1699891722858813 0.5 1.5 215
0.3979008230335987 1.0 1.0 1.0 216
0.0 0.9766406454739577 0.0 1.0 217
0.0 1.1924002561072964 0.0 1.0 218
1.0 1.305170196594963 1.0 1.0 219
0.0 1.2096596137294757 0.0 1.0 220
-0.30113166165746785 1.0 0.0 1.0 221
1.0 0.8423533027824064 1.0 1.0 222
1.059436305818293 1.0 1.0 1.0 223
0.0 0.886068902065732 0.0 1.0 224
0.0 1.4153769857661338 0.0 1.0 225
1.0 1.1360109040416821 1.0 1.0 226
0.0 1.0219270924857886 0.0 1.0 227
0.0 0.5407423666341473 0.0 1.0 228
0.0 1.7034426073825157 0.0 1.0 229
-0.5208029144112598 1.0 0.0 1.0 230
1.0 0.40856290334145706 1.0 1.0 231
1.0 1.5632540002411695 1.0 1.0 232
1.358595250176827 1.0 1.0 1.0 233
-0.23504672711677999 1.0 -1.0 1.0 106
0.0 1.5671375438814987 0.0 1.0 234
0.0 0.21094330093924704 0.0 1.0 235
0.0 1.79403399929505 0.0 1.0 236
1.0 1.6721101906332754 1.0 1.0 237
0.0 1.8173156579726168 0.0 1.0 238
-0.8614008621134135 1.0 0.0 1.0 239
1.0 0.14632474648468782 1.0 1.0 240
1.8361365006028092 1.0 1.0 1.0 241
0.0 0.0 0.0 1.0 242
0.0 2.0 0.0 1.0 243
1.0 2.0 1.0 1.0 244
1.0 1.2389183444967489 1.0 2.0 122
*** t = 83
1.0 1.5751314360935254 1.0 2.0 136
1.0 1.3708071537366089 1.0 2.0 139
1.2519731647825714 1.0 2.0 1.0 144
0.0 0.19196644285803977 0.0 0.0 150
0.8263288022208346 1.0 1.0 1.0 152
-0.7675719372420269 1.0 -1.0 1.0 153
1.5806829770852597 1.0 2.0 1.0 157
0.26613055996758894 1.0 0.0 1.0 158
1.0 0.44647829996476696 1.0 0.0 161
0.9738772326399724 1.0 1.0 1.0 165
0.7115672083529577 1.2884327916470422 0.5 1.5 169
0.0 0.6526795682563612 0.0 0.0 170
0.0 1.7936651786725886 0.0 2.0 174
1.0 0.5548634008186444 1.0 0.0 178
1.0 0.2175423138607271 1.0 0.0 179
0.21178860553463758 1.2117886055346374 0.5 1.5 181
0.9434867213328253 1.0565132786671747 1.0 1.0 183
1.0 1.4783487784406795 1.0 2.0 184
0.8982651498474667 1.0 1.0 1.0 185
0.0 1.2671743704465004 0.0 2.0 186
0.0 1.9388126900788383 0.0 2.0 187
0.0 1.98134276368849 0.0 2.0 188
0.34071550893433344 1.0 0.0 1.0 190
1.0 1.0778684060294204 1.0 2.0 192
0.760469481828107 1.239530518171893 1.0 1.0 193
0.2225242309456945 1.0 0.0 1.0 195
0.08802645219893669 1.0 0.0 1.0 197
0.48810255128606433 1.4881025512860644 0.5 1.5 198
0.9874426441945856 1.0 1.0 1.0 199
-0.8688877153987236 1.0 -1.0 1.0 200
0.8271146782048764 1.0 1.0 1.0 202
0.9367434308802104 1.0632565691197897 1.0 1.0 203
0.823524572323934 1.0 0.0 1.0 205
0.0 1.4041097641636944 0.0 2.0 206
-0.8140600209430381 1.0 -1.0 1.0 79
0.399298774913883 1.0 1.0 1.0 207
1.0 0.18441317107385544 1.0 0.0 208
0.0 0.7665380406704786 0.0 0.0 209
0.8275788207585151 1.1724211792414851 1.0 1.0 82
0.0 0.5152118944482709 0.0 1.0 210
0.23531529243526458 1.2353152924352648 0.5 1.5 211
0.3099743631252635 1.0 1.0 1.0 212
0.5573715609500567 1.0 0.0 1.0 213
0.9843691798589774 1.0156308201410227 1.0 1.0 86
1.0 1.0815489768148119 1.0 1.0 214
0.7423012323668758 1.2576987676331242 0.5 1.5 215
0.5532231367039986 1.0 1.0 1.0 216
0.06980609491012509 1.0698060949101251 0.5 1.5 217
0.0 1.0914502881207084 0.0 1.0 218
1.0 1.2183164711693333 1.0 1.0 219
0.0 1.096753844262258 0.0 1.0 220
-0.2012933276085347 1.0 0.0 1.0 221
1.0 0.9626894888941787 1.0 1.0 222
1.0 1.0749299362076652 1.0 2.0 223
-0.03374705241002063 1.0 -1.0 1.0 224
0.0 1.317939816727156 0.0 1.0 225
0.9920127213819626 1.0 0.0 1.0 226
0.0 0.8263125109829462 0.0 0.0 227
0.0 0.6759279582926842 0.0 1.0 228
0.0 1.6293032592281447 0.0 1.0 229
-0.40100364301407476 1.0 0.0 1.0 230
1.0 0.5107036291768213 1.0 1.0 231
1.0 1.4540675003014618 1.0 1.0 232
1.1982440627210338 1.0 1.0 1.0 233
-0.33611760297525556 1.0 -1.0 1.0 106
0.0 1.422850058508665 0.0 1.0 234
0.0 0.31641495140887055 0.0 1.0 235
0.0 1.691050998942575 0.0 1.0 236
1.0 1.508165285949913 1.0 1.0 237
0.0 1.6346313159452337 0.0 1.0 238
-0.722801724226827 1.0 0.0 1.0 239
1.0 0.29264949296937565 1.0 1.0 240
1.6722730012056184 1.0 1.0 1.0 241
0.0 0.12414849358724844 0.0 1.0 242
0.0 1.8307572109477661 0.0 1.0 243
1.0 1.8702788250385245 1.0 1.0 244
0.0 2.0 0.0 1.0 245
1.0 1.305246642168495 1.0 2.0 122
*** t = 84
1.0 1.6829515711872178 1.0 2.0 136
1.0 1.5075220313397433 1.0 2.0 139
1.3303904214636204 1.0 2.0 1.0 144
0.0 0.10421539419735353 0.0 0.0 150
0.963120491401284 1.0 1.0 1.0 152
-0.9024682436812244 1.0 -1.0 1.0 153
1.6696720452606135 1.0 2.0 1.0 157
0.1575759736777439 1.0 0.0 1.0 158
1.0 0.30965984264034185 1.0 0.0 161
1.0993620768997157 1.0 2.0 1.0 165
0.6076192716598756 1.3923807283401244 0.5 1.5 169
0.0 0.5022182084916919 0.0 0.0 170
0.0 1.8716506212235706 0.0 2.0 174
1.0 0.38706556770758127 1.0 0.0 178
1.0 0.14004415359380218 1.0 0.0 179
0.25554552871183683 1.2555455287118367 0.5 1.5 181
1.0 1.0788539509131785 1.0 2.0 183
1.0 1.6229768954813681 1.0 2.0 184
0.9931784073398401 1.0 1.0 1.0 185
0.0 1.3805330889688254 0.0 2.0 186
0.25338474624666685 1.0 0.0 1.0 190
1.0 1.2000959593252687 1.0 2.0 192
0.8467974972995573 1.1532025027004427 1.0 1.0 193
0.11796683276602948 1.0 0.0 1.0 195
0.01728351408512861 1.0172835140851286 0.5 1.5 197
0.5628031345656026 1.4371968654343974 1.0 1.0 198
1.0 1.1199388204742247 1.0 2.0 199
-0.9934802297586385 1.0 -1.0 1.0 200
0.9576228695052247 1.0 1.0 1.0 202
1.0 1.076595649499795 1.0 2.0 203
0.7394906132042149 1.0 0.0 1.0 205
0.0 1.5121182075609017 0.0 2.0 206
-0.9148187199732029 1.0 -1.0 1.0 79
0.5069371422149509 1.0 1.0 1.0 207
1.0 0.04475264577184429 1.0 0.0 208
0.0 0.6637495440596852 0.0 0.0 209
0.8993769873824815 1.1006230126175185 1.0 1.0 82
0.0 0.5620493393981136 0.0 1.0 210
0.3209900264008839 1.320990026400884 0.5 1.5 211
0.42906294159119657 1.0 1.0 1.0 212
0.42622352103642547 1.0 0.0 1.0 213
1.0685799992770937 1.0 2.0 1.0 86
1.001946570747478 1.0 2.0 1.0 214
0.654591637019633 1.345408362980367 0.5 1.5 215
0.7085454503743984 1.0 1.0 1.0 216
0.1561297478097554 1.1561297478097554 0.5 1.5 217
0.0 0.9905003201341206 0.0 0.0 218
1.0 1.1314627457437036 1.0 1.0 219
0.011421135841645016 1.011421135841645 0.5 1.5 220
-0.10145499355960151 1.0 0.0 1.0 221
1.083025675005951 1.0 2.0 1.0 222
1.0 1.2092961782336233 1.0 2.0 223
-0.1814252027543093 1.0 -1.0 1.0 224
0.0 1.2205026476881784 0.0 1.0 225
0.8480145387222431 1.0 0.0 1.0 226
0.0 0.6306979294801038 0.0 0.0 227
0.0 0.811113549951221 0.0 1.0 228
0.0 1.5551639110737736 0.0 1.0 229
-0.2812043716168897 1.0 0.0 1.0 230
1.0 0.6128443550121856 1.0 1.0 231
1.0 1.3448810003617542 1.0 1.0 232
1.0378928752652405 1.0 1.0 1.0 233
-0.43718847883373113 1.0 -1.0 1.0 106
0.0 1.2785625731358312 0.0 1.0 234
0.0 0.4218866018784941 0.0 1.0 235
0.0 1.5880679985901 0.0 1.0 236
1.0 1.3442203812665507 1.0 1.0 237
0.0 1.4519469739178505 0.0 1.0 238
-0.5842025863402405 1.0 0.0 1.0 239
1.0 0.43897423945406344 1.0 1.0 240
1.5084095018084276 1.0 1.0 1.0 241
0.0 0.24829698717449689 0.0 1.0 242
0.0 1.6615144218955322 0.0 1.0 243
1.0 1.740557650077049 1.0 1.0 244
0.0 1.8976895277756785 0.0 1.0 245
0.0 0.0 0.0 1.0 246
0.0 2.0 0.0 1.0 247
-1.0 1.0 0.0 1.0 248
1.0 0.0 1.0 1.0 249
1.0 1.371574939840241 1.0 2.0 122
1.0 2.0 1.0 1.0 250
2.0 1.0 1.0 1.0 251
*** t = 85
1.0 1.7907717062809103 1.0 2.0 136
1.0 1.6442369089428777 1.0 2.0 139
1.4088076781446695 1.0 2.0 1.0 144
0.0 0.016464345536667285 0.0 0.0 150
1.0999121805817333 1.0 2.0 1.0 152
1.7586611134359673 1.0 2.0 1.0 157
0.04902138738789885 1.0 0.0 1.0 158
1.0 0.17284138531591678 1.0 0.0 161
1.2248469211594588 1.0 2.0 1.0 165
0.5036713349667934 1.4963286650332066 0.5 1.5 169
0.0 0.3517568487270225 0.0 0.0 170
0.0 1.9496360637745527 0.0 2.0 174
1.0 0.2192677345965182 1.0 0.0 178
1.0 0.06254599332687728 1.0 0.0 179
0.2993024518890361 1.299302451889036 0.5 1.5 181
1.0 1.2376297469716455 1.0 2.0 183
1.0 1.7676050125220568 1.0 2.0 184
1.0 1.0880916648322134 1.0 2.0 185
0.0 1.4938918074911505 0.0 2.0 186
0.16605398355900022 1.0 0.0 1.0 190
1.0 1.322323512621117 1.0 2.0 192
0.9331255127710076 1.0668744872289924 1.0 1.0 193
0.013409434586364455 1.0 0.0 1.0 195
0.09681112944391884 1.096811129443919 0.5 1.5 197
0.6375037178451408 1.3624962821548592 1.0 1.0 198
1.0 1.2524349967538637 1.0 2.0 199
1.0 1.088131060805573 1.0 2.0 202
1.0 1.2426495969579876 1.0 2.0 203
0.6554566540844959 1.0 0.0 1.0 205
0.0 1.620126650958109 0.0 2.0 206
0.6145755095160188 1.0 1.0 1.0 207
0.0 0.5609610474488919 0.0 0.0 209
0.971175154006448 1.028824845993552 1.0 1.0 82
0.0 0.6088867843479564 0.0 1.0 210
0.4066647603665033 1.4066647603665032 0.5 1.5 211
0.5481515200571296 1.0 1.0 1.0 212
0.29507548112279425 1.0 0.0 1.0 213
1.159265316388636 1.0 2.0 1.0 86
1.0854421183097678 1.0 2.0 1.0 214
0.5668820416723901 1.43311795832761 0.5 1.5 215
0.8638677640447983 1.0 1.0 1.0 216
0.2424534007093857 1.2424534007093857 0.5 1.5 217
0.0 0.8895503521475328 0.0 0.0 218
1.0 1.044609020318074 1.0 1.0 219
0.09125757106699979 1.0912575710669996 0.5 1.5 220
-0.0016166595106683335 1.0 0.0 1.0 221
1.2033618611177235 1.0 2.0 1.0 222
1.0 1.3436624202595815 1.0 2.0 223
-0.32910335309859795 1.0 -1.0 1.0 224
0.0 1.1230654786492007 0.0 1.0 225
0.7040163560625236 1.0 0.0 1.0 226
0.0 0.43508334797726145 0.0 0.0 227
0.0 0.9462991416097578 0.0 1.0 228
0.0 1.4810245629194025 0.0 1.0 229
-0.1614051002197047 1.0 0.0 1.0 230
1.0 0.7149850808475499 1.0 1.0 231
1.0 1.2356945004220465 1.0 1.0 232
0.8775416878094473 1.0 0.0 1.0 233
-0.5382593546922068 1.0 -1.0 1.0 106
0.0 1.1342750877629975 0.0 1.0 234
0.0 0.5273582523481176 0.0 1.0 235
0.0 1.485084998237625 0.0 1.0 236
1.0 1.1802754765831884 1.0 1.0 237
0.0 1.2692626318904674 0.0 1.0 238
-0.4456034484536539 1.0 0.0 1.0 239
1.0 0.5852989859387513 1.0 1.0 240
1.3445460024112368 1.0 1.0 1.0 241
0.0 0.37244548076174533 0.0 1.0 242
0.0 1.4922716328432983 0.0 1.0 243
1.0 1.6108364751155735 1.0 1.0 244
0.0 1.795379055551357 0.0 1.0 245
0.0 0.1465542445375152 0.0 1.0 246
0.0 1.881564180513302 0.0 1.0 247
-0.8866995444669804 1.0 0.0 1.0 248
1.0 0.10283900984515293 1.0 1.0 249
1.0 1.4379032375119871 1.0 2.0 122
1.0 1.8861301159476616 1.0 1.0 250
1.887991866259679 1.0 1.0 1.0 251
0.0 2.0 0.0 1.0 252
*** t = 86
1.0 1.8985918413746028 1.0 2.0 136
1.0 1.780951786546012 1.0 2.0 139
1.4872249348257185 1.0 2.0 1.0 144
1.2367038697621826 1.0 2.0 1.0 152
1.847650181611321 1.0 2.0 1.0 157
0.0 0.9404668010980538 0.0 0.0 158
1.0 0.036022927991491704 1.0 0.0 161
1.350331765419202 1.0 2.0 1.0 165
0.3997233982737112 1.3997233982737112 0.0 1.0 169
0.0 0.20129548896235316 0.0 0.0 170
1.0 0.051469901485455105 1.0 0.0 178
0.34305937506623535 1.3430593750662352 0.5 1.5 181
1.0 1.3964055430301126 1.0 2.0 183
1.0 1.9122331295627455 1.0 2.0 184
1.0 1.1830049223245869 1.0 2.0 185
0.0 1.6072505260134755 0.0 2.0 186
0.0787232208713336 1.0 0.0 1.0 190
1.0 1.4445510659169654 1.0 2.0 192
0.972488556523508 1.0 0.0 1.0 193
0.0 0.9088520364066994 0.0 0.0 195
0.17633874480270906 1.1763387448027092 0.5 1.5 197
0.712204301124679 1.287795698875321 1.0 1.0 198
1.0 1.3849311730335028 1.0 2.0 199
1.0 1.2186392521059213 1.0 2.0 202
1.0 1.4087035444161802 1.0 2.0 203
0.5714226949647769 1.0 0.0 1.0 205
0.0 1.7281350943553162 0.0 2.0 206
0.7222138768170867 1.0 1.0 1.0 207
0.0 0.4581725508380985 0.0 0.0 209
0.9392265471442602 1.0 0.0 1.0 82
0.0 0.6557242292977992 0.0 1.0 210
0.4923394943321226 1.4923394943321227 0.5 1.5 211
0.6672400985230627 1.0 1.0 1.0 212
0.16392744120916306 1.0 0.0 1.0 213
1.2499506335001782 1.0 2.0 1.0 86
1.1689376658720576 1.0 2.0 1.0 214
0.47917244632514727 1.4791724463251472 0.0 1.0 215
1.019190077715198 1.0 2.0 1.0 216
0.328777053609016 1.328777053609016 0.5 1.5 217
0.0 0.7886003841609449 0.0 0.0 218
1.0 0.9577552948924444 1.0 0.0 219
0.17109400629235455 1.1710940062923543 0.5 1.5 220
0.0 1.098221674538265 0.0 2.0 221
1.323698047229496 1.0 2.0 1.0 222
1.0 1.4780286622855396 1.0 2.0 223
-0.4767815034428866 1.0 -1.0 1.0 224
0.0 1.025628309610223 0.0 1.0 225
0.560018173402804 1.0 0.0 1.0 226
0.0 0.2394687664744191 0.0 0.0 227
-0.08148473326829464 1.0 -1.0 1.0 228
0.0 1.4068852147650315 0.0 1.0 229
-0.041605828822519675 1.0 0.0 1.0 230
1.0 0.8171258066829141 1.0 1.0 231
1.0 1.126508000482339 1.0 1.0 232
0.7171905003536541 1.0 0.0 1.0 233
-0.6393302305506823 1.0 -1.0 1.0 106
0.0 0.9899876023901638 0.0 0.0 234
0.0 0.6328299028177411 0.0 1.0 235
0.0 1.38210199788515 0.0 1.0 236
1.0 1.0163305718998261 1.0 1.0 237
0.0 1.0865782898630842 0.0 1.0 238
-0.30700431056706734 1.0 0.0 1.0 239
1.0 0.7316237324234391 1.0 1.0 240
1.180682503014046 1.0 1.0 1.0 241
0.0 0.49659397434899377 0.0 1.0 242
0.0 1.3230288437910644 0.0 1.0 243
1.0 1.481115300154098 1.0 1.0 244
0.0 1.6930685833270354 0.0 1.0 245
0.0 0.2931084890750304 0.0 1.0 246
0.0 1.7631283610266042 0.0 1.0 247
-0.7733990889339608 1.0 0.0 1.0 248
1.0 0.20567801969030586 1.0 1.0 249
1.0 1.5042315351837332 1.0 2.0 122
1.0 1.7722602318953231 1.0 1.0 250
1.7759837325193581 1.0 1.0 1.0 251
0.0 1.9409659426895864 0.0 1.0 252
0.0 0.0 0.0 1.0 253
0.0 2.0 0.0 1.0 254
1.0 2.0 1.0 1.0 255
*** t = 87
0.0 2.0 0.0 1.0 256
-1.0 1.0 0.0 1.0 257
1.0 0.0 1.0 1.0 258
2.0 1.0 1.0 1.0 259
1.0 1.9176666641491464 1.0 2.0 139
1.5656421915067675 1.0 2.0 1.0 144
1.3734955589426319 1.0 2.0 1.0 152
1.936639249786675 1.0 2.0 1.0 157
0.0 0.8319122148082088 0.0 0.0 158
1.4758166096789451 1.0 2.0 1.0 165
0.29577546158062895 1.295775461580629 0.0 1.0 169
0.0 0.05083412919768382 0.0 0.0 170
0.3868162982434346 1.3868162982434344 0.5 1.5 181
1.0 1.5551813390885796 1.0 2.0 183
1.0 1.27791817981696 1.0 2.0 185
0.0 1.7206092445358006 0.0 2.0 186
-0.008607541816333025 1.0 -1.0 1.0 190
1.0 1.5667786192128137 1.0 2.0 192
0.8504023062310286 1.0 0.0 1.0 193
0.0 0.8042946382270344 0.0 0.0 195
0.2558663601614993 1.2558663601614994 0.5 1.5 197
0.7869048844042172 1.2130951155957828 1.0 1.0 198
1.0 1.5174273493131418 1.0 2.0 199
1.0 1.3491474434062696 1.0 2.0 202
1.0 1.5747574918743728 1.0 2.0 203
0.48738873584505793 1.0 0.0 1.0 205
0.0 1.8361435377525235 0.0 2.0 206
0.8298522441181546 1.0 1.0 1.0 207
0.0 0.3553840542273051 0.0 0.0 209
0.8376886061511235 1.0 0.0 1.0 82
0.0 0.7025616742476419 0.0 1.0 210
0.578014228297742 1.4219857717022582 1.0 1.0 211
0.7863286769889957 1.0 1.0 1.0 212
0.03277940129553186 1.0 0.0 1.0 213
1.3406359506117205 1.0 2.0 1.0 86
1.2524332134343474 1.0 2.0 1.0 214
0.39146285097790445 1.3914628509779043 0.0 1.0 215
1.174512391385598 1.0 2.0 1.0 216
0.4151007065086463 1.4151007065086463 0.5 1.5 217
0.0 0.6876504161743571 0.0 0.0 218
1.0 0.8709015694668147 1.0 0.0 219
0.25093044151770927 1.2509304415177092 0.5 1.5 220
0.0 1.1980600085871982 0.0 2.0 221
1.4440342333412683 1.0 2.0 1.0 222
1.0 1.6123949043114978 1.0 2.0 223
-0.6244596537871753 1.0 -1.0 1.0 224
0.07180885942875463 1.0 1.0 1.0 225
0.4160199907430845 1.0 0.0 1.0 226
0.0 0.043854184971576726 0.0 0.0 227
-0.21667032492683147 1.0 -1.0 1.0 228
0.0 1.3327458666106604 0.0 1.0 229
0.0 0.9218065574253347 0.0 0.0 230
1.0 0.9192665325182784 1.0 1.0 231
1.0 1.0173215005426313 1.0 1.0 232
0.5568393128978608 1.0 0.0 1.0 233
-0.7404011064091578 1.0 -1.0 1.0 106
0.0 0.8457001170173302 0.0 0.0 234
0.0 0.7383015532873646 0.0 1.0 235
0.0 1.279118997532675 0.0 1.0 236
1.1476143327835362 1.0 2.0 1.0 237
0.0679572411984438 1.0679572411984437 0.5 1.5 238
-0.16840517268048077 1.0 0.0 1.0 239
1.0 0.877948478908127 1.0 1.0 240
1.0168190036168552 1.0 1.0 1.0 241
0.0 0.6207424679362422 0.0 1.0 242
0.0 1.1537860547388306 0.0 1.0 243
1.0 1.3513941251926225 1.0 1.0 244
0.0 1.5907581111027138 0.0 1.0 245
0.0 0.4396627336125456 0.0 1.0 246
0.0 1.6446925415399063 0.0 1.0 247
-0.6600986334009412 1.0 0.0 1.0 248
1.0 0.3085170295354588 1.0 1.0 249
1.0 1.5705598328554793 1.0 2.0 122
1.0 1.6583903478429847 1.0 1.0 250
1.6639755987790372 1.0 1.0 1.0 251
0.0 1.8819318853791729 0.0 1.0 252
0.0 0.10441204732158131 0.0 1.0 253
0.0 1.8982151065858857 0.0 1.0 254
1.0 1.8069914743961422 1.0 1.0 255
*** t = 88
0.0 1.8936396666504838 0.0 1.0 256
-0.9284894923703876 1.0 0.0 1.0 257
1.0 0.08759677158572403 1.0 1.0 258
1.9459513614727477 1.0 1.0 1.0 259
0.0 0.0 0.0 1.0 260
0.0 2.0 0.0 1.0 261
1.0 2.0 1.0 1.0 262
1.6440594481878166 1.0 2.0 1.0 144
1.5102872481230811 1.0 2.0 1.0 152
0.0 0.7233576285183637 0.0 0.0 158
1.6013014539386883 1.0 2.0 1.0 165
0.19182752488754673 1.1918275248875467 0.0 1.0 169
0.43057322142063387 1.4305732214206337 0.5 1.5 181
1.0 1.7139571351470466 1.0 2.0 183
1.0 1.3728314373093333 1.0 2.0 185
0.0 1.8339679630581256 0.0 2.0 186
-0.09593830450399965 1.0 -1.0 1.0 190
1.0 1.689006172508662 1.0 2.0 192
0.7283160559385493 1.0 0.0 1.0 193
0.0 0.6997372400473694 0.0 0.0 195
0.3353939755202895 1.3353939755202897 0.5 1.5 197
0.8616054676837555 1.1383945323162445 1.0 1.0 198
1.0 1.6499235255927809 1.0 2.0 199
1.0 1.4796556347066179 1.0 2.0 202
1.0 1.7408114393325653 1.0 2.0 203
0.4033547767253389 1.0 0.0 1.0 205
0.0 1.9441519811497308 0.0 2.0 206
0.9374906114192225 1.0 1.0 1.0 207
0.0 0.25259555761651176 0.0 0.0 209
0.7361506651579868 1.0 0.0 1.0 82
0.0 0.7493991191974847 0.0 1.0 210
0.6636889622633613 1.3363110377366387 1.0 1.0 211
0.9054172554549287 1.0 1.0 1.0 212
0.06955713142294692 1.0695571314229468 0.5 1.5 213
1.4313212677232627 1.0 2.0 1.0 86
1.3359287609966373 1.0 2.0 1.0 214
0.3037532556306616 1.3037532556306615 0.0 1.0 215
1.3298347050559978 1.0 2.0 1.0 216
0.5014243594082766 1.4985756405917234 1.0 1.0 217
0.0 0.5867004481877692 0.0 0.0 218
1.0 0.7840478440411851 1.0 0.0 219
0.33076687674306404 1.330766876743064 0.5 1.5 220
0.0 1.2978983426361315 0.0 2.0 221
1.5643704194530408 1.0 2.0 1.0 222
1.0 1.746761146337456 1.0 2.0 223
-0.7721378041314639 1.0 -1.0 1.0 224
0.16924602846773226 1.0 1.0 1.0 225
0.27202180808336496 1.0 0.0 1.0 226
-0.3518559165853683 1.0 -1.0 1.0 228
0.0 1.2586065184562893 0.0 1.0 229
0.0 0.8020072860281496 0.0 0.0 230
0.9785927416463573 1.0 0.0 1.0 231
0.9350416359726292 1.0649583640273708 0.5 1.5 232
0.39648812544206763 1.0 0.0 1.0 233
-0.8414719822676333 1.0 -1.0 1.0 106
0.0 0.7014126316444965 0.0 0.0 234
0.0 0.843773203756988 0.0 1.0 235
0.0 1.1761359971802001 0.0 1.0 236
1.3115592374668985 1.0 2.0 1.0 237
0.197134578262609 1.1971345782626088 0.5 1.5 238
-0.02980603479389421 1.0 0.0 1.0 239
1.0242732253928148 1.0 2.0 1.0 240
0.8960238398975681 1.103976160102432 0.5 1.5 241
0.0 0.7448909615234907 0.0 1.0 242
0.01545673431340322 1.0 1.0 1.0 243
1.0 1.221672950231147 1.0 1.0 244
0.0 1.4884476388783923 0.0 1.0 245
0.0 0.5862169781500608 0.0 1.0 246
0.0 1.5262567220532084 0.0 1.0 247
-0.5467981778679216 1.0 0.0 1.0 248
1.0 0.4113560393806117 1.0 1.0 249
1.0 1.6368881305272254 1.0 2.0 122
1.0 1.5445204637906462 1.0 1.0 250
1.5519674650387163 1.0 1.0 1.0 251
0.0 1.8228978280687593 0.0 1.0 252
0.0 0.20882409464316262 0.0 1.0 253
0.0 1.7964302131717713 0.0 1.0 254
1.0 1.6139829487922843 1.0 1.0 255
*** t = 89
0.0 1.7872793333009676 0.0 1.0 256
-0.8569789847407752 1.0 0.0 1.0 257
1.0 0.17519354317144806 1.0 1.0 258
1.8919027229454954 1.0 1.0 1.0 259
0.0 0.15156476296234334 0.0 1.0 260
0.0 1.891562932891972 0.0 1.0 261
1.0 1.8329488430030296 1.0 1.0 262
0.0 2.0 0.0 1.0 263
1.7224767048688656 1.0 2.0 1.0 144
1.6470789373035304 1.0 2.0 1.0 152
0.0 0.6148030422285187 0.0 0.0 158
1.7267862981984314 1.0 2.0 1.0 165
0.08787958819446451 1.0878795881944645 0.0 1.0 169
0.47433014459783307 1.474330144597833 0.5 1.5 181
1.0 1.8727329312055137 1.0 2.0 183
1.0 1.4677446948017066 1.0 2.0 185
0.0 1.9473266815804506 0.0 2.0 186
-0.18326906719166627 1.0 -1.0 1.0 190
1.0 1.8112337258045104 1.0 2.0 192
0.60622980564607 1.0 0.0 1.0 193
0.0 0.5951798418677043 0.0 0.0 195
0.41492159087907976 1.41492159087908 0.5 1.5 197
0.9363060509632937 1.0636939490367063 1.0 1.0 198
1.0 1.78241970187242 1.0 2.0 199
1.0 1.6101638260069662 1.0 2.0 202
1.0 1.906865386790758 1.0 2.0 203
0.3193208176056199 1.0 0.0 1.0 205
0.9680889931188592 1.0319110068811408 0.5 1.5 207
0.0 0.14980706100571836 0.0 0.0 209
0.63461272416485 1.0 0.0 1.0 82
0.0 0.7962365641473275 0.0 1.0 210
0.7493636962289806 1.2506363037710193 1.0 1.0 211
1.0 0.9754941660791383 1.0 0.0 212
0.16229279978519953 1.1622927997851995 0.5 1.5 213
1.522006584834805 1.0 2.0 1.0 86
1.419424308558927 1.0 2.0 1.0 214
0.2160436602834187 1.2160436602834186 0.0 1.0 215
1.4851570187263976 1.0 2.0 1.0 216
0.5877480123079069 1.4122519876920931 1.0 1.0 217
0.0 0.4857504802011814 0.0 0.0 218
1.0 0.6971941186155555 1.0 0.0 219
0.4106033119684188 1.4106033119684187 0.5 1.5 220
0.0 1.3977366766850647 0.0 2.0 221
1.6847066055648132 1.0 2.0 1.0 222
1.0 1.881127388363414 1.0 2.0 223
-0.9198159544757526 1.0 -1.0 1.0 224
0.2666831975067099 1.0 1.0 1.0 225
0.1280236254236454 1.0 0.0 1.0 226
-0.48704150824390513 1.0 -1.0 1.0 228
0.0 1.1844671703019183 0.0 1.0 229
0.0 0.6822080146309646 0.0 0.0 230
0.8764520158109931 1.0 0.0 1.0 231
0.8578351214512374 1.1421648785487626 0.5 1.5 232
0.23613693798627444 1.0 0.0 1.0 233
-0.9425428581261088 1.0 -1.0 1.0 106
0.0 0.5571251462716629 0.0 0.0 234
0.0 0.9492448542266115 0.0 1.0 235
0.0 1.0731529968277251 0.0 1.0 236
1.4755041421502608 1.0 2.0 1.0 237
0.32631191532677417 1.3263119153267742 0.5 1.5 238
0.07692834094316992 1.0769283409431698 0.5 1.5 239
1.1705979718775026 1.0 2.0 1.0 240
0.7801548482848567 1.2198451517151434 0.5 1.5 241
0.0 0.8690394551107391 0.0 1.0 242
0.184699523365637 1.0 1.0 1.0 243
1.0 1.0919517752696715 1.0 1.0 244
0.0 1.3861371666540707 0.0 1.0 245
0.0 0.732771222687576 0.0 1.0 246
0.0 1.4078209025665105 0.0 1.0 247
-0.433497722334902 1.0 0.0 1.0 248
1.0 0.5141950492257646 1.0 1.0 249
1.0 1.7032164281989715 1.0 2.0 122
1.0 1.4306505797383078 1.0 1.0 250
1.4399593312983954 1.0 1.0 1.0 251
0.0 1.7638637707583458 0.0 1.0 252
0.0 0.3132361419647439 0.0 1.0 253
0.0 1.694645319757657 0.0 1.0 254
1.0 1.4209744231884265 1.0 1.0 255
*** t = 90
0.0 1.6809189999514513 0.0 1.0 256
-0.7854684771111627 1.0 0.0 1.0 257
1.0 0.26279031475717207 1.0 1.0 258
1.8378540844182432 1.0 1.0 1.0 259
0.0 0.30312952592468667 0.0 1.0 260
0.0 1.7831258657839442 0.0 1.0 261
1.0 1.6658976860060593 1.0 1.0 262
0.0 1.9242447777684561 0.0 1.0 263
0.0 0.0 0.0 1.0 264
0.0 2.0 0.0 1.0 265
-1.0 1.0 0.0 1.0 266
1.0 0.0 1.0 1.0 267
1.0 2.0 1.0 1.0 268
2.0 1.0 1.0 1.0 269
1.8008939615499147 1.0 2.0 1.0 144
1.7838706264839796 1.0 2.0 1.0 152
0.0 0.5062484559386736 0.0 0.0 158
1.8522711424581746 1.0 2.0 1.0 165
0.0 1.0227240763716825 0.0 2.0 169
0.5180870677750323 1.4819129322249678 1.0 1.0 181
1.0 1.5626579522940798 1.0 2.0 185
-0.2705998298793329 1.0 -1.0 1.0 190
1.0 1.9334612791003587 1.0 2.0 192
0.48414355535359066 1.0 0.0 1.0 193
0.0 0.4906224436880393 0.0 0.0 195
0.4944492062378701 1.49444920623787 0.5 1.5 197
1.0 0.9844342685777071 1.0 0.0 198
1.0 1.914915878152059 1.0 2.0 199
1.0 1.7406720173073145 1.0 2.0 202
0.23528685848590092 1.0 0.0 1.0 205
0.8919771736844258 1.1080228263155742 0.5 1.5 207
0.0 0.04701856439492497 0.0 0.0 209
0.5330747831717133 1.0 0.0 1.0 82
0.0 0.8430740090971702 0.0 1.0 210
0.8350384301945999 1.1649615698054 1.0 1.0 211
1.0 0.8564055876132053 1.0 0.0 212
0.25502846814745217 1.2550284681474522 0.5 1.5 213
1.6126919019463473 1.0 2.0 1.0 86
1.502919856121217 1.0 2.0 1.0 214
0.12833406493617583 1.1283340649361757 0.0 1.0 215
1.6404793323967974 1.0 2.0 1.0 216
0.6740716652075371 1.3259283347924629 1.0 1.0 217
0.0 0.38480051221459355 0.0 0.0 218
1.0 0.6103403931899258 1.0 0.0 219
0.49043974719377353 1.4904397471937736 0.5 1.5 220
0.0 1.497575010733998 0.0 2.0 221
1.8050427916765857 1.0 2.0 1.0 222
0.3641203665456875 1.0 1.0 1.0 225
0.01129571774808067 1.0112957177480806 0.5 1.5 226
-0.622227099902442 1.0 -1.0 1.0 228
0.0 1.1103278221475472 0.0 1.0 229
0.0 0.5624087432337795 0.0 0.0 230
0.7743112899756288 1.0 0.0 1.0 231
0.7806286069298456 1.2193713930701544 0.5 1.5 232
0.07578575053048126 1.0 0.0 1.0 233
0.0 0.41283766089882923 0.0 0.0 234
0.0 1.054716504696235 0.0 2.0 235
0.021092997775169278 1.0210929977751693 0.5 1.5 236
1.6394490468336231 1.0 2.0 1.0 237
0.4554892523909394 1.4554892523909393 0.5 1.5 238
0.1749327312093846 1.1749327312093845 0.5 1.5 239
1.3169227183621903 1.0 2.0 1.0 240
0.6642858566721453 1.3357141433278548 0.5 1.5 241
0.0 0.9931879486979875 0.0 1.0 242
0.3539423124178708 1.0 1.0 1.0 243
1.037769399691804 1.0 2.0 1.0 244
0.0 1.2838266944297492 0.0 1.0 245
0.0 0.8793254672250912 0.0 1.0 246
0.0 1.2893850830798126 0.0 1.0 247
-0.32019726680188243 1.0 0.0 1.0 248
1.0 0.6170340590709176 1.0 1.0 249
1.0 1.7695447258707175 1.0 2.0 122
1.0 1.3167806956859693 1.0 1.0 250
1.3279511975580744 1.0 1.0 1.0 251
0.0 1.7048297134479322 0.0 1.0 252
0.0 0.41764818928632524 0.0 1.0 253
0.0 1.5928604263435426 0.0 1.0 254
1.0 1.2279658975845686 1.0 1.0 255
*** t = 91
0.0 1.574558666601935 0.0 1.0 256
-0.7139579694815503 1.0 0.0 1.0 257
1.0 0.3503870863428961 1.0 1.0 258
1.7838054458909909 1.0 1.0 1.0 259
0.0 0.45469428888703 0.0 1.0 260
0.0 1.6746887986759162 0.0 1.0 261
1.0 1.4988465290090889 1.0 1.0 262
0.0 1.8484895555369123 0.0 1.0 263
0.0 0.12941021288593238 0.0 1.0 264
0.0 1.887801675744227 0.0 1.0 265
-0.8709632979851345 1.0 0.0 1.0 266
1.0 0.14571933260533124 1.0 1.0 267
1.0 1.870606743605432 1.0 1.0 268
1.8454480593953386 1.0 1.0 1.0 269
0.0 2.0 0.0 1.0 270
1.8793112182309637 1.0 2.0 1.0 144
1.920662315664429 1.0 2.0 1.0 152
0.0 0.3976938696488286 0.0 0.0 158
1.9777559867179177 1.0 2.0 1.0 165
0.0 1.1697286582237392 0.0 2.0 169
0.5618439909522316 1.4381560090477685 1.0 1.0 181
1.0 1.657571209786453 1.0 2.0 185
-0.35793059256699955 1.0 -1.0 1.0 190
0.36205730506111133 1.0 0.0 1.0 193
0.0 0.3860650455083743 0.0 0.0 195
0.5739768215966603 1.4260231784033397 1.0 1.0 197
1.0 0.8787916905866033 1.0 0.0 198
1.0 1.8711802086076628 1.0 2.0 202
0.15125289936618191 1.0 0.0 1.0 205
0.8158653542499923 1.1841346457500077 0.5 1.5 207
0.4315368421785766 1.0 0.0 1.0 82
0.0 0.889911454047013 0.0 1.0 210
0.9207131641602192 1.0792868358397807 1.0 1.0 211
1.0 0.7373170091472723 1.0 0.0 212
0.3477641365097048 1.3477641365097048 0.5 1.5 213
1.7033772190578895 1.0 2.0 1.0 86
1.5864154036835068 1.0 2.0 1.0 214
0.04062446958893294 1.0406244695889328 0.0 1.0 215
1.7958016460671973 1.0 2.0 1.0 216
0.7603953181071674 1.2396046818928326 1.0 1.0 217
0.0 0.2838505442280057 0.0 0.0 218
1.0 0.5234866677642962 1.0 0.0 219
0.5702761824191284 1.4297238175808717 1.0 1.0 220
0.0 1.5974133447829313 0.0 2.0 221
1.925378977788358 1.0 2.0 1.0 222
0.46155753558466517 1.0 1.0 1.0 225
0.11311780918530748 1.1131178091853073 0.5 1.5 226
-0.7574126915609788 1.0 -1.0 1.0 228
0.0 1.0361884739931762 0.0 1.0 229
0.0 0.4426094718365945 0.0 0.0 230
0.6721705641402645 1.0 0.0 1.0 231
0.7034220924084538 1.2965779075915462 0.5 1.5 232
0.0 1.084565436925312 0.0 2.0 233
0.0 0.2685501755259956 0.0 0.0 234
0.0 1.1601881551658586 0.0 2.0 235
0.093912975671341 1.093912975671341 0.5 1.5 236
1.8033939515169854 1.0 2.0 1.0 237
0.5846665894551045 1.4153334105448954 1.0 1.0 238
0.2729371214755993 1.2729371214755991 0.5 1.5 239
1.463247464846878 1.0 2.0 1.0 240
0.548416865059434 1.4515831349405661 0.5 1.5 241
0.11733644228523599 1.0 1.0 1.0 242
0.5231851014701046 1.0 1.0 1.0 243
1.1674905746532795 1.0 2.0 1.0 244
0.0 1.1815162222054276 0.0 1.0 245
0.01829971968249224 1.0182997196824923 0.5 1.5 246
0.0 1.1709492635931147 0.0 1.0 247
-0.20689681126886283 1.0 0.0 1.0 248
1.0 0.7198730689160705 1.0 1.0 249
1.0 1.8358730235424636 1.0 2.0 122
1.0 1.202910811633631 1.0 1.0 250
1.2159430638177535 1.0 1.0 1.0 251
0.0 1.6457956561375187 0.0 1.0 252
0.0 0.5220602366079066 0.0 1.0 253
0.0 1.4910755329294283 0.0 1.0 254
1.0 1.0349573719807108 1.0 1.0 255
*** t = 92
0.0 1.4681983332524189 0.0 1.0 256
-0.6424474618519379 1.0 0.0 1.0 257
1.0 0.43798385792862016 1.0 1.0 258
1.7297568073637386 1.0 1.0 1.0 259
0.0 0.6062590518493733 0.0 1.0 260
0.0 1.5662517315678883 0.0 1.0 261
1.0 1.3317953720121185 1.0 1.0 262
0.0 1.7727343333053684 0.0 1.0 263
0.0 0.25882042577186476 0.0 1.0 264
0.0 1.7756033514884542 0.0 1.0 265
-0.741926595970269 1.0 0.0 1.0 266
1.0 0.2914386652106625 1.0 1.0 267
1.0 1.7412134872108642 1.0 1.0 268
1.6908961187906772 1.0 1.0 1.0 269
0.0 1.8518366080215698 0.0 1.0 270
0.0 0.0 0.0 1.0 271
1.9577284749120127 1.0 2.0 1.0 144
0.0 2.0 0.0 1.0 272
1.0 2.0 1.0 1.0 273
0.0 0.28913928335898353 0.0 0.0 158
0.0 1.3167332400757958 0.0 2.0 169
0.6056009141294308 1.3943990858705693 1.0 1.0 181
1.0 1.7524844672788262 1.0 2.0 185
-0.44526135525466615 1.0 -1.0 1.0 190
0.239971054768632 1.0 0.0 1.0 193
0.0 0.28150764732870925 0.0 0.0 195
0.6535044369554506 1.3464955630445494 1.0 1.0 197
1.0 0.7731491125954996 1.0 0.0 198
0.06721894024646292 1.0 0.0 1.0 205
0.7397535348155588 1.2602464651844412 0.5 1.5 207
0.32999890118543984 1.0 0.0 1.0 82
0.0 0.9367488989968558 0.0 1.0 210
1.0090338521646185 1.0 2.0 1.0 211
1.0 0.6182284306813393 1.0 0.0 212
0.4404998048719574 1.4404998048719575 0.5 1.5 213
1.7940625361694318 1.0 2.0 1.0 86
1.6699109512457966 1.0 2.0 1.0 214
0.0 1.0665884234334446 0.0 2.0 215
1.9511239597375971 1.0 2.0 1.0 216
0.8467189710067977 1.1532810289932023 1.0 1.0 217
0.0 0.18290057624141784 0.0 0.0 218
1.0 0.43663294233866656 1.0 0.0 219
0.6501126176444831 1.3498873823555169 1.0 1.0 220
0.0 1.6972516788318646 0.0 2.0 221
0.5589947046236428 1.0 1.0 1.0 225
0.2149399006225343 1.214939900622534 0.5 1.5 226
-0.8925982832195156 1.0 -1.0 1.0 228
0.0 0.9620491258388051 0.0 0.0 229
0.0 0.32281020043940944 0.0 0.0 230
0.5700298383049003 1.0 0.0 1.0 231
0.626215577887062 1.373784422112938 0.5 1.5 232
0.0 1.2449166243811052 0.0 2.0 233
0.0 0.12426269015316194 0.0 0.0 234
0.0 1.2656598056354822 0.0 2.0 235
0.16673295356751272 1.1667329535675128 0.5 1.5 236
1.9673388562003478 1.0 2.0 1.0 237
0.7138439265192698 1.2861560734807302 1.0 1.0 238
0.37094151174181395 1.3709415117418138 0.5 1.5 239
1.6095722113315658 1.0 2.0 1.0 240
0.43254787344672263 1.4325478734467225 0.0 1.0 241
0.24148493587248443 1.0 1.0 1.0 242
0.6924278905223383 1.0 1.0 1.0 243
1.297211749614755 1.0 2.0 1.0 244
0.0 1.079205749981106 0.0 1.0 245
0.12192921980664077 1.1219292198066408 0.5 1.5 246
0.0 1.0525134441064168 0.0 1.0 247
-0.09359635573584324 1.0 0.0 1.0 248
1.0 0.8227120787612234 1.0 1.0 249
1.0 1.9022013212142097 1.0 2.0 122
1.0 1.0890409275812925 1.0 1.0 250
1.1039349300774326 1.0 1.0 1.0 251
0.0 1.586761598827105 0.0 1.0 252
0.0 0.6264722839294878 0.0 1.0 253
0.0 1.389290639515314 0.0 1.0 254
1.158051153623147 1.0 2.0 1.0 255
*** t = 93
0.0 1.3618379999029027 0.0 1.0 256
-0.5709369542223255 1.0 0.0 1.0 257
1.0 0.5255806295143441 1.0 1.0 258
1.6757081688364863 1.0 1.0 1.0 259
0.0 0.7578238148117167 0.0 1.0 260
0.0 1.4578146644598604 0.0 1.0 261
1.0 1.1647442150151481 1.0 1.0 262
0.0 1.6969791110738246 0.0 1.0 263
0.0 0.38823063865779717 0.0 1.0 264
0.0 1.6634050272326812 0.0 1.0 265
-0.6128898939554035 1.0 0.0 1.0 266
1.0 0.43715799781599374 1.0 1.0 267
1.0 1.6118202308162963 1.0 1.0 268
1.5363441781860159 1.0 1.0 1.0 269
0.0 1.7036732160431396 0.0 1.0 270
0.0 0.11507300290507448 0.0 1.0 271
0.0 1.8978430311965926 0.0 1.0 272
1.0 1.8988935036646573 1.0 1.0 273
0.0 2.0 0.0 1.0 274
-1.0 1.0 0.0 1.0 275
1.0 0.0 1.0 1.0 276
2.0 1.0 1.0 1.0 277
0.0 0.1805846970691385 0.0 0.0 158
0.0 1.4637378219278525 0.0 2.0 169
0.6493578373066301 1.35064216269337 1.0 1.0 181
1.0 1.8473977247711995 1.0 2.0 185
-0.5325921179423327 1.0 -1.0 1.0 190
0.11788480447615267 1.0 0.0 1.0 193
0.0 0.17695024914904423 0.0 0.0 195
0.7330320523142408 1.2669679476857592 1.0 1.0 197
1.0 0.6675065346043958 1.0 0.0 198
0.011890013871059143 1.0118900138710591 0.5 1.5 205
0.6636417153811254 1.3363582846188746 0.5 1.5 207
0.2284609601923031 1.0 0.0 1.0 82
0.0 0.9835863439466985 0.0 1.0 210
1.1301962228915041 1.0 2.0 1.0 211
1.0 0.4991398522154062 1.0 0.0 212
0.5332354732342101 1.46676452676579 1.0 1.0 213
1.884747853280974 1.0 2.0 1.0 86
1.7534064988080864 1.0 2.0 1.0 214
0.0 1.1906285227237716 0.0 2.0 215
0.933042623906428 1.066957376093572 1.0 1.0 217
0.0 0.08195060825482997 0.0 0.0 218
1.0 0.3497792169130369 1.0 0.0 219
0.7299490528698379 1.2700509471301622 1.0 1.0 220
0.0 1.7970900128807978 0.0 2.0 221
0.6564318736626203 1.0 1.0 1.0 225
0.3167619920597611 1.3167619920597609 0.5 1.5 226
0.0 0.887909777684434 0.0 0.0 229
0.0 0.20301092904222443 0.0 0.0 230
0.467889112469536 1.0 0.0 1.0 231
0.5490090633656701 1.4509909366343299 0.5 1.5 232
0.0 1.4052678118368984 0.0 2.0 233
0.0 1.3711314561051058 0.0 2.0 235
0.23955293146368445 1.2395529314636846 0.5 1.5 236
0.843021263583435 1.1569787364165651 1.0 1.0 238
0.46894590200802855 1.4689459020080284 0.5 1.5 239
1.7558969578162535 1.0 2.0 1.0 240
0.31667888183401127 1.3166788818340112 0.0 1.0 241
0.3656334294597329 1.0 1.0 1.0 242
0.8616706795745721 1.0 1.0 1.0 243
1.4269329245762306 1.0 2.0 1.0 244
0.016337505775609266 1.0163375057756092 0.5 1.5 245
0.2255587199307893 1.2255587199307894 0.5 1.5 246
0.04661415866332192 1.046614158663322 0.5 1.5 247
0.019704099797176355 1.0 1.0 1.0 248
1.0 0.9255510886063764 1.0 1.0 249
1.0 1.9685296188859558 1.0 2.0 122
0.975171043528954 1.0 0.0 1.0 250
0.9942913829440715 1.0057086170559284 0.5 1.5 251
0.0 1.5277275415166915 0.0 1.0 252
0.0 0.7308843312510691 0.0 1.0 253
0.0 1.2875057461011996 0.0 1.0 254
1.3510596792270049 1.0 2.0 1.0 255
*** t = 94
0.0 1.2554776665533864 0.0 1.0 256
-0.49942644659271307 1.0 0.0 1.0 257
1.0 0.6131774011000681 1.0 1.0 258
1.621659530309234 1.0 1.0 1.0 259
0.0 0.90938857777406 0.0 1.0 260
0.0 1.3493775973518325 0.0 1.0 261
0.9976930580181778 1.0 0.0 1.0 262
0.0 1.6212238888422807 0.0 1.0 263
0.0 0.5176408515437295 0.0 1.0 264
0.0 1.5512067029769083 0.0 1.0 265
-0.483853191940538 1.0 0.0 1.0 266
1.0 0.582877330421325 1.0 1.0 267
1.0 1.4824269744217284 1.0 1.0 268
1.3817922375813545 1.0 1.0 1.0 269
0.0 1.5555098240647094 0.0 1.0 270
0.0 0.23014600581014896 0.0 1.0 271
0.0 1.7956860623931852 0.0 1.0 272
1.0 1.7977870073293145 1.0 1.0 273
0.0 1.9024181113415808 0.0 1.0 274
-0.9336619912710695 1.0 0.0 1.0 275
1.0 0.14159044323996356 1.0 1.0 276
1.836274656227961 1.0 1.0 1.0 277
0.0 0.0 0.0 1.0 278
0.0 2.0 0.0 1.0 279
1.0 2.0 1.0 1.0 280
0.0 0.07203011077929344 0.0 0.0 158
0.0 1.6107424037799092 0.0 2.0 169
0.6931147604838294 1.3068852395161707 1.0 1.0 181
1.0 1.9423109822635727 1.0 2.0 185
-0.6199228806299993 1.0 -1.0 1.0 190
0.0 1.0042014458163266 0.0 2.0 193
0.0 0.0723928509693792 0.0 0.0 195
0.8125596676730311 1.1874403323269689 1.0 1.0 197
1.0 0.561863956613292 1.0 0.0 198
0.07131099621456555 1.0713109962145655 0.5 1.5 205
0.5875298959466919 1.412470104053308 0.5 1.5 207
0.12692301919916638 1.0 0.0 1.0 82
0.021512867438132362 1.0215128674381324 0.5 1.5 210
1.2513585936183897 1.0 2.0 1.0 211
1.0 0.3800512737494731 1.0 0.0 212
0.6259711415964626 1.3740288584035374 1.0 1.0 213
1.9754331703925163 1.0 2.0 1.0 86
1.8369020463703762 1.0 2.0 1.0 214
0.0 1.3146686220140986 0.0 2.0 215
1.0 1.0273880513117992 1.0 2.0 217
1.0 0.2629254914874073 1.0 0.0 219
0.8097854880951927 1.1902145119048075 1.0 1.0 220
0.0 1.8969283469297311 0.0 2.0 221
0.7538690427015979 1.0 1.0 1.0 225
0.41858408349698784 1.4185840834969876 0.5 1.5 226
0.0 0.813770429530063 0.0 0.0 229
0.0 0.0832116576450394 0.0 0.0 230
0.36574838663417175 1.0 0.0 1.0 231
0.47180254884427836 1.4718025488442783 0.0 1.0 232
0.0 1.5656189992926917 0.0 2.0 233
0.0 1.4766031065747294 0.0 2.0 235
0.3123729093598562 1.3123729093598564 0.5 1.5 236
0.9721986006476001 1.0278013993523998 1.0 1.0 238
0.5669502922742432 1.433049707725757 1.0 1.0 239
1.9022217043009413 1.0 2.0 1.0 240
0.2008098902212999 1.2008098902212998 0.0 1.0 241
0.4897819230469813 1.0 1.0 1.0 242
0.978140876703988 1.0218591232960121 0.5 1.5 243
1.556654099537706 1.0 2.0 1.0 244
0.0886819344718249 1.0886819344718248 0.5 1.5 245
0.32918822005493786 1.3291882200549379 0.5 1.5 246
0.1303609297577519 1.130360929757752 0.5 1.5 247
0.13300455533019595 1.0 1.0 1.0 248
1.0283900984515293 1.0 2.0 1.0 249
0.8613011594766156 1.0 0.0 1.0 250
0.9150896720282408 1.0849103279717591 0.5 1.5 251
0.0 1.468693484206278 0.0 1.0 252
0.0 0.8352963785726504 0.0 1.0 253
0.0 1.1857208526870853 0.0 1.0 254
1.5440682048308627 1.0 2.0 1.0 255
*** t = 95
0.0 1.1491173332038702 0.0 1.0 256
-0.42791593896310065 1.0 0.0 1.0 257
1.0 0.7007741726857921 1.0 1.0 258
1.5676108917819818 1.0 1.0 1.0 259
-0.06095334073640335 1.0 -1.0 1.0 260
0.0 1.2409405302438046 0.0 1.0 261
0.8306419010212074 1.0 0.0 1.0 262
0.0 1.545468666610737 0.0 1.0 263
0.0 0.6470510644296619 0.0 1.0 264
0.0 1.4390083787211354 0.0 1.0 265
-0.3548164899256725 1.0 0.0 1.0 266
1.0 0.7285966630266562 1.0 1.0 267
1.0 1.3530337180271605 1.0 1.0 268
1.2272402969766931 1.0 1.0 1.0 269
0.0 1.4073464320862792 0.0 1.0 270
0.0 0.34521900871522343 0.0 1.0 271
0.0 1.6935290935897778 0.0 1.0 272
1.0 1.6966805109939718 1.0 1.0 273
0.0 1.8048362226831616 0.0 1.0 274
-0.867323982542139 1.0 0.0 1.0 275
1.0 0.2831808864799271 1.0 1.0 276
1.672549312455922 1.0 1.0 1.0 277
0.0 0.17297393806639083 0.0 1.0 278
0.0 1.9001923024591614 0.0 1.0 279
1.0 1.8903962627726982 1.0 1.0 280
0.0 2.0 0.0 1.0 281
0.0 1.7577469856319659 0.0 2.0 169
0.7368716836610286 1.2631283163389715 1.0 1.0 181
-0.7072536433176659 1.0 -1.0 1.0 190
0.0 1.126287696108806 0.0 2.0 193
0.8920872830318214 1.1079127169681786 1.0 1.0 197
1.0 0.45622137862218826 1.0 0.0 198
0.13073197855807198 1.1307319785580718 0.5 1.5 205
0.5114180765122585 1.4885819234877415 0.5 1.5 207
0.025385078206029643 1.0 0.0 1.0 82
0.054631942375617824 1.0546319423756179 0.5 1.5 210
1.3725209643452754 1.0 2.0 1.0 211
1.0 0.26096269528354005 1.0 0.0 212
0.7187068099587153 1.2812931900412847 1.0 1.0 213
1.920397593932666 1.0 2.0 1.0 214
0.0 1.4387087213044256 0.0 2.0 215
1.0 1.149468131996044 1.0 2.0 217
1.0 0.17607176606177766 1.0 0.0 219
0.8896219233205473 1.1103780766794527 1.0 1.0 220
0.0 1.9967666809786644 0.0 2.0 221
0.8513062117405755 1.0 1.0 1.0 225
0.5204061749342146 1.4795938250657854 1.0 1.0 226
0.0 0.7396310813756919 0.0 0.0 229
0.2636076607988075 1.0 0.0 1.0 231
0.3945960343228866 1.3945960343228865 0.0 1.0 232
0.0 1.725970186748485 0.0 2.0 233
0.0 1.582074757044353 0.0 2.0 235
0.38519288725602796 1.3851928872560282 0.5 1.5 236
1.0 1.1433672260102687 1.0 2.0 238
0.6649546825404579 1.3350453174595422 1.0 1.0 239
0.08494089860858857 1.0849408986085884 0.0 1.0 241
0.6139304166342298 1.0 1.0 1.0 242
0.8584681528982291 1.141531847101771 0.5 1.5 243
1.6863752744991816 1.0 2.0 1.0 244
0.16102636316804053 1.1610263631680404 0.5 1.5 245
0.4328177201790864 1.4328177201790864 0.5 1.5 246
0.2141077008521819 1.214107700852182 0.5 1.5 247
0.24630501086321555 1.0 1.0 1.0 248
1.131229108296682 1.0 2.0 1.0 249
0.7474312754242771 1.0 0.0 1.0 250
0.83588796111241 1.1641120388875899 0.5 1.5 251
0.0 1.4096594268958644 0.0 1.0 252
0.0 0.9397084258942316 0.0 1.0 253
0.0 1.083935959272971 0.0 1.0 254
1.7370767304347206 1.0 2.0 1.0 255
*** t = 96
0.0 1.042756999854354 0.0 1.0 256
-0.35640543133348823 1.0 0.0 1.0 257
1.0 0.7883709442715161 1.0 1.0 258
1.5135622532547295 1.0 1.0 1.0 259
-0.21251810369874669 1.0 -1.0 1.0 260
0.0 1.1325034631357767 0.0 1.0 261
0.663590744024237 1.0 0.0 1.0 262
0.0 1.469713444379193 0.0 1.0 263
0.0 0.7764612773155942 0.0 1.0 264
0.0 1.3268100544653625 0.0 1.0 265
-0.225779787910807 1.0 0.0 1.0 266
1.0 0.8743159956319874 1.0 1.0 267
1.0 1.2236404616325927 1.0 1.0 268
1.0726883563720317 1.0 1.0 1.0 269
0.0 1.259183040107849 0.0 1.0 270
0.0 0.4602920116202979 0.0 1.0 271
0.0 1.5913721247863704 0.0 1.0 272
1.0 1.595574014658629 1.0 1.0 273
0.0 1.7072543340247424 0.0 1.0 274
-0.8009859738132086 1.0 0.0 1.0 275
1.0 0.4247713297198907 1.0 1.0 276
1.5088239686838831 1.0 1.0 1.0 277
0.0 0.34594787613278166 0.0 1.0 278
0.0 1.8003846049183228 0.0 1.0 279
1.0 1.7807925255453965 1.0 1.0 280
0.0 1.8778664490258805 0.0 1.0 281
0.0 0.0 0.0 1.0 282
0.0 2.0 0.0 1.0 283
-1.0 1.0 0.0 1.0 284
1.0 0.0 1.0 1.0 285
1.0 2.0 1.0 1.0 286
2.0 1.0 1.0 1.0 287
0.0 1.9047515674840225 0.0 2.0 169
0.7806286068382279 1.2193713931617722 1.0 1.0 181
-0.7945844060053325 1.0 -1.0 1.0 190
0.0 1.2483739464012853 0.0 2.0 193
0.9716148983906117 1.0283851016093883 1.0 1.0 197
1.0 0.3505788006310845 1.0 0.0 198
0.19015296090157838 1.1901529609015782 0.5 1.5 205
0.435306257077825 1.435306257077825 0.0 1.0 207
-0.07615286278710709 1.0 -1.0 1.0 82
0.08775101731310328 1.0877510173131033 0.5 1.5 210
1.493683335072161 1.0 2.0 1.0 211
1.0 0.14187411681760698 1.0 0.0 212
0.8114424783209679 1.188557521679032 1.0 1.0 213
0.0 1.5627488205947526 0.0 2.0 215
1.0 1.2715482126802888 1.0 2.0 217
1.0 0.08921804063614804 1.0 0.0 219
0.9694583585459021 1.0305416414540978 1.0 1.0 220
0.9487433807795531 1.0 1.0 1.0 225
0.6222282663714414 1.3777717336285586 1.0 1.0 226
0.0 0.6654917332213208 0.0 0.0 229
0.16146693496344322 1.0 0.0 1.0 231
0.31738951980149477 1.3173895198014947 0.0 1.0 232
0.0 1.8863213742042781 0.0 2.0 233
0.0 1.6875464075139766 0.0 2.0 235
0.45801286515219974 1.4580128651521997 0.5 1.5 236
1.0 1.326051568037652 1.0 2.0 238
0.7629590728066725 1.2370409271933276 1.0 1.0 239
0.0 0.9562610714152331 0.0 0.0 241
0.7380789102214782 1.0 1.0 1.0 242
0.7387954290924702 1.26120457090753 0.5 1.5 243
1.816096449460657 1.0 2.0 1.0 244
0.23337079186425616 1.233370791864256 0.5 1.5 245
0.5364472203032349 1.4635527796967651 1.0 1.0 246
0.29785447194661185 1.2978544719466119 0.5 1.5 247
0.35960546639623514 1.0 1.0 1.0 248
1.2340681181418351 1.0 2.0 1.0 249
0.6335613913719387 1.0 0.0 1.0 250
0.7566862501965793 1.2433137498034206 0.5 1.5 251
0.0 1.3506253695854509 0.0 1.0 252
0.04412047321581296 1.0 1.0 1.0 253
0.017848934141143386 1.0 1.0 1.0 254
1.9300852560385784 1.0 2.0 1.0 255
*** t = 97
-0.06360333349516224 1.0 -1.0 1.0 256
-0.2848949237038758 1.0 0.0 1.0 257
1.0 0.8759677158572401 1.0 1.0 258
1.4595136147274772 1.0 1.0 1.0 259
-0.36408286666109 1.0 -1.0 1.0 260
0.0 1.0240663960277487 0.0 1.0 261
0.49653958702726664 1.0 0.0 1.0 262
0.0 1.3939582221476492 0.0 1.0 263
0.0 0.9058714902015266 0.0 1.0 264
0.0 1.2146117302095896 0.0 1.0 265
-0.0967430858959415 1.0 0.0 1.0 266
1.0 1.0200353282373187 1.0 2.0 267
1.0 1.0942472052380248 1.0 1.0 268
1.0 1.0818635842326296 1.0 2.0 269
0.0 1.1110196481294188 0.0 1.0 270
0.0 0.5753650145253724 0.0 1.0 271
0.0 1.489215155982963 0.0 1.0 272
1.0 1.4944675183232863 1.0 1.0 273
0.0 1.6096724453663231 0.0 1.0 274
-0.7346479650842781 1.0 0.0 1.0 275
1.0 0.5663617729598542 1.0 1.0 276
1.3450986249118442 1.0 1.0 1.0 277
0.0 0.5189218141991725 0.0 1.0 278
0.0 1.7005769073774841 0.0 1.0 279
1.0 1.6711887883180947 1.0 1.0 280
0.0 1.755732898051761 0.0 1.0 281
0.0 0.18466745277832985 0.0 1.0 282
0.0 1.8587459054564208 0.0 1.0 283
-0.8855526017138877 1.0 0.0 1.0 284
1.0 0.14297076080910393 1.0 1.0 285
1.0 1.877201664202262 1.0 1.0 286
1.8149723983440496 1.0 1.0 1.0 287
0.0 2.0 0.0 1.0 288
0.8243855300154271 1.175614469984573 1.0 1.0 181
-0.8819151686929991 1.0 -1.0 1.0 190
0.0 1.3704601966937646 0.0 2.0 193
0.9276735634417433 1.0 0.0 1.0 197
1.0 0.24493622263998072 1.0 0.0 198
0.24957394324508478 1.2495739432450845 0.5 1.5 205
0.35919443764339154 1.3591944376433915 0.0 1.0 207
-0.17769080378024382 1.0 -1.0 1.0 82
0.12087009225058874 1.1208700922505888 0.5 1.5 210
1.6148457057990466 1.0 2.0 1.0 211
1.0 0.02278553835167392 1.0 0.0 212
0.9041781466832206 1.0958218533167794 1.0 1.0 213
0.0 1.6867889198850796 0.0 2.0 215
1.0 1.3936282933645336 1.0 2.0 217
1.0 0.002364315210518414 1.0 0.0 219
1.0 1.0697133659056963 1.0 2.0 220
1.0461805498185308 1.0 2.0 1.0 225
0.7240503578086682 1.275949642191332 1.0 1.0 226
0.0 0.5913523850669498 0.0 0.0 229
0.059326209128078955 1.0 0.0 1.0 231
0.24018300528010297 1.2401830052801028 0.0 1.0 232
0.0 1.7930180579836001 0.0 2.0 235
0.5308328430483714 1.4691671569516285 1.0 1.0 236
1.0 1.508735910065035 1.0 2.0 238
0.8609634630728872 1.139036536927113 1.0 1.0 239
0.0 0.7923975720180423 0.0 0.0 241
0.8622274038087266 1.0 1.0 1.0 242
0.6191227052867113 1.3808772947132888 0.5 1.5 243
1.9458176244221326 1.0 2.0 1.0 244
0.3057152205604718 1.3057152205604716 0.5 1.5 245
0.6400767204273834 1.3599232795726166 1.0 1.0 246
0.3816012430410418 1.3816012430410418 0.5 1.5 247
0.47290592192925474 1.0 1.0 1.0 248
1.3369071279869882 1.0 2.0 1.0 249
0.5196915073196002 1.0 0.0 1.0 250
0.6774845392807486 1.3225154607192513 0.5 1.5 251
0.0 1.2915913122750373 0.0 1.0 252
0.14853252053739427 1.0 1.0 1.0 253
0.1196338275552577 1.0 1.0 1.0 254
*** t = 98
-0.16996366684467848 1.0 -1.0 1.0 256
-0.2133844160742634 1.0 0.0 1.0 257
1.0 0.9635644874429641 1.0 1.0 258
1.405464976200225 1.0 1.0 1.0 259
-0.5156476296234334 1.0 -1.0 1.0 260
0.08437067108027929 1.0 1.0 1.0 261
0.32948843003029626 1.0 0.0 1.0 262
0.0 1.3182029999161053 0.0 1.0 263
0.0 1.035281703087459 0.0 2.0 264
0.0 1.1024134059538166 0.0 1.0 265
0.02283503494672636 1.0228350349467263 0.5 1.5 266
1.0 1.16575466084265 1.0 2.0 267
0.9648539488434569 1.0 0.0 1.0 268
1.0 1.236415524837291 1.0 2.0 269
0.03714374384901137 1.0 1.0 1.0 270
0.0 0.6904380174304469 0.0 1.0 271
0.0 1.3870581871795555 0.0 1.0 272
1.0 1.3933610219879435 1.0 1.0 273
0.0 1.512090556707904 0.0 1.0 274
-0.6683099563553476 1.0 0.0 1.0 275
1.0 0.7079522161998177 1.0 1.0 276
1.1813732811398052 1.0 1.0 1.0 277
0.0 0.6918957522655633 0.0 1.0 278
0.0 1.6007692098366455 0.0 1.0 279
1.0 1.561585051090793 1.0 1.0 280
0.0 1.6335993470776415 0.0 1.0 281
0.0 0.3693349055566597 0.0 1.0 282
0.0 1.7174918109128416 0.0 1.0 283
-0.7711052034277754 1.0 0.0 1.0 284
1.0 0.28594152161820785 1.0 1.0 285
1.0 1.754403328404524 1.0 1.0 286
1.629944796688099 1.0 1.0 1.0 287
0.0 1.871753426058135 0.0 1.0 288
0.0 0.0 0.0 1.0 289
0.0 2.0 0.0 1.0 290
1.0 2.0 1.0 1.0 291
0.8681424531926264 1.1318575468073737 1.0 1.0 181
-0.9692459313806657 1.0 -1.0 1.0 190
0.0 1.492546446986244 0.0 2.0 193
0.8152045312181514 1.0 0.0 1.0 197
1.0 0.13929364464887695 1.0 0.0 198
0.30899492558859115 1.3089949255885909 0.5 1.5 205
0.2830826182089581 1.283082618208958 0.0 1.0 207
-0.27922874477338055 1.0 -1.0 1.0 82
0.1539891671880742 1.1539891671880742 0.5 1.5 210
1.7360080765259323 1.0 2.0 1.0 211
0.9969138150454733 1.0030861849545267 1.0 1.0 213
0.0 1.8108290191754066 0.0 2.0 215
1.0 1.5157083740487785 1.0 2.0 217
1.0 1.182619135372914 1.0 2.0 220
1.1436177188575085 1.0 2.0 1.0 225
0.825872449245895 1.1741275507541051 1.0 1.0 226
0.0 0.5172130369125787 0.0 0.0 229
0.0 0.9571854832927147 0.0 0.0 231
0.16297649075871118 1.162976490758711 0.0 1.0 232
0.0 1.8984897084532237 0.0 2.0 235
0.6036528209445431 1.3963471790554567 1.0 1.0 236
1.0 1.6914202520924182 1.0 2.0 238
0.9589678533391018 1.0410321466608983 1.0 1.0 239
0.0 0.6285340726208515 0.0 0.0 241
0.9863758973959751 1.0 1.0 1.0 242
0.4994499814809524 1.4994499814809523 0.0 1.0 243
0.3780596492566874 1.3780596492566872 0.5 1.5 245
0.7437062205515319 1.256293779448468 1.0 1.0 246
0.4653480141354718 1.4653480141354718 0.5 1.5 247
0.5862063774622743 1.0 1.0 1.0 248
1.4397461378321412 1.0 2.0 1.0 249
0.40582162326726184 1.0 0.0 1.0 250
0.5982828283649179 1.401717171635082 0.5 1.5 251
0.0 1.2325572549646238 0.0 1.0 252
0.25294456785897557 1.0 1.0 1.0 253
0.221418720969372 1.0 1.0 1.0 254
*** t = 99
-0.27632400019419473 1.0 -1.0 1.0 256
-0.14187390844465098 1.0 0.0 1.0 257
0.9638235268067732 1.0361764731932268 0.5 1.5 258
1.3514163376729726 1.0 1.0 1.0 259
-0.6672123925857767 1.0 -1.0 1.0 260
0.19280773818830732 1.0 1.0 1.0 261
0.16243727303332586 1.0 0.0 1.0 262
0.0 1.2424477776845615 0.0 1.0 263
0.0 1.1646919159733915 0.0 2.0 264
0.0 0.9902150816980437 0.0 0.0 265
0.1140777619633856 1.1140777619633855 0.5 1.5 266
1.0 1.311473993447981 1.0 2.0 267
0.835460692448889 1.0 0.0 1.0 268
1.0 1.3909674654419524 1.0 2.0 269
0.18530713582744152 1.0 1.0 1.0 270
0.0 0.8055110203355214 0.0 1.0 271
0.0 1.2849012183761481 0.0 1.0 272
1.0 1.2922545256526008 1.0 1.0 273
0.0 1.4145086680494847 0.0 1.0 274
-0.6019719476264171 1.0 0.0 1.0 275
1.0 0.8495426594397812 1.0 1.0 276
1.0176479373677663 1.0 1.0 1.0 277
0.0 0.8648696903319542 0.0 1.0 278
0.0 1.5009615122958069 0.0 1.0 279
1.0 1.4519813138634912 1.0 1.0 280
0.0 1.511465796103522 0.0 1.0 281
0.0 0.5540023583349896 0.0 1.0 282
0.0 1.5762377163692625 0.0 1.0 283
-0.6566578051416632 1.0 0.0 1.0 284
1.0 0.4289122824273118 1.0 1.0 285
1.0 1.631604992606786 1.0 1.0 286
1.4449171950321487 1.0 1.0 1.0 287
0.0 1.74350685211627 0.0 1.0 288
0.0 0.11122756353087762 0.0 1.0 289
0.0 1.84741102411974 0.0 1.0 290
1.0 1.850182864409059 1.0 1.0 291
0.0 2.0 0.0 1.0 292
-1.0 1.0 0.0 1.0 293
1.0 0.0 1.0 1.0 294
2.0 1.0 1.0 1.0 295
0.9118993763698257 1.0881006236301745 1.0 1.0 181
0.0 1.6146326972787233 0.0 2.0 193
0.7027354989945594 1.0 0.0 1.0 197
1.0 0.033651066657773177 1.0 0.0 198
0.36841590793209755 1.3684159079320972 0.5 1.5 205
0.2069707987745246 1.2069707987745246 0.0 1.0 207
-0.3807666857665173 1.0 -1.0 1.0 82
0.18710824212555965 1.1871082421255597 0.5 1.5 210
1.8571704472528179 1.0 2.0 1.0 211
1.1267835152949477 1.0 2.0 1.0 213
0.0 1.9348691184657336 0.0 2.0 215
1.0 1.6377884547330233 1.0 2.0 217
1.0 1.2955249048401318 1.0 2.0 220
1.2410548878964862 1.0 2.0 1.0 225
0.9276945406831217 1.0723054593168784 1.0 1.0 226
0.0 0.4430736887582077 0.0 0.0 229
0.0 0.8550447574573504 0.0 0.0 231
0.08576997623731937 1.0857699762373192 0.0 1.0 232
0.6764727988407149 1.323527201159285 1.0 1.0 236
1.0 1.8741045941198013 1.0 2.0 238
1.0 1.0805709195854625 1.0 2.0 239
0.0 0.46467057322366073 0.0 0.0 241
1.0 1.1105243909832234 1.0 2.0 242
0.3797772576751935 1.3797772576751934 0.0 1.0 243
0.450404077952903 1.4504040779529028 0.5 1.5 245
0.8473357206756804 1.1526642793243196 1.0 1.0 246
0.5490947852299017 1.4509052147700983 1.0 1.0 247
0.6995068329952939 1.0 1.0 1.0 248
1.5425851476772943 1.0 2.0 1.0 249
0.29195173921492346 1.0 0.0 1.0 250
0.5190811174490872 1.4809188825509128 0.5 1.5 251
0.0 1.1735231976542102 0.0 1.0 252
0.3573566151805569 1.0 1.0 1.0 253
0.3232036143834863 1.0 1.0 1.0 254
*** t = 100
-0.38268433354371095 1.0 -1.0 1.0 256
-0.07036340081503856 1.0 0.0 1.0 257
0.9018832556084586 1.0981167443915414 0.5 1.5 258
1.2973676991457204 1.0 1.0 1.0 259
-0.81877715554812 1.0 -1.0 1.0 260
0.30124480529633535 1.0 1.0 1.0 261
0.0 0.9953861160363555 0.0 0.0 262
0.0 1.1666925554530176 0.0 1.0 263
0.0 1.294102128859324 0.0 2.0 264
0.0 0.8780167574422708 0.0 0.0 265
0.2053204889800448 1.2053204889800446 0.5 1.5 266
1.0 1.4571933260533123 1.0 2.0 267
0.7060674360543211 1.0 0.0 1.0 268
1.0 1.5455194060466138 1.0 2.0 269
0.33347052780587166 1.0 1.0 1.0 270
0.0 0.9205840232405959 0.0 1.0 271
0.0 1.1827442495727407 0.0 1.0 272
1.0 1.191148029317258 1.0 1.0 273
0.0 1.3169267793910655 0.0 1.0 274
-0.5356339388974867 1.0 0.0 1.0 275
1.0 0.9911331026797447 1.0 1.0 276
0.8967076753533956 1.1032923246466044 0.5 1.5 277
0.0 1.037843628398345 0.0 2.0 278
0.0 1.4011538147549683 0.0 1.0 279
1.0 1.3423775766361894 1.0 1.0 280
0.0 1.3893322451294026 0.0 1.0 281
0.0 0.7386698111133194 0.0 1.0 282
0.0 1.4349836218256833 0.0 1.0 283
-0.5422104068555509 1.0 0.0 1.0 284
1.0 0.5718830432364157 1.0 1.0 285
1.0 1.508806656809048 1.0 1.0 286
1.2598895933761982 1.0 1.0 1.0 287
0.0 1.615260278174405 0.0 1.0 288
0.0 0.22245512706175524 0.0 1.0 289
0.0 1.6948220482394798 0.0 1.0 290
1.0 1.700365728818118 1.0 1.0 291
0.0 1.8747567522468893 0.0 1.0 292
-0.850923961407514 1.0 0.0 1.0 293
1.0 0.11421356796649725 1.0 1.0 294
1.8512060779124595 1.0 1.0 1.0 295
0.0 0.0 0.0 1.0 296
0.0 2.0 0.0 1.0 297
1.0 2.0 1.0 1.0 298
0.9556562995470249 1.0443437004529752 1.0 1.0 181
0.0 1.7367189475712026 0.0 2.0 193
0.5902664667709675 1.0 0.0 1.0 197
0.4278368902756039 1.4278368902756038 0.5 1.5 205
0.1308589793400911 1.1308589793400912 0.0 1.0 207
-0.482304626759654 1.0 -1.0 1.0 82
0.2202273170630451 1.220227317063045 0.5 1.5 210
1.9783328179797035 1.0 2.0 1.0 211
1.2579315552085788 1.0 2.0 1.0 213
1.0 1.759868535417268 1.0 2.0 217
1.0 1.4084306743073496 1.0 2.0 220
1.338492056935464 1.0 2.0 1.0 225
1.0 1.0417428214601743 1.0 2.0 226
0.0 0.3689343406038367 0.0 0.0 229
0.0 0.7529040316219862 0.0 0.0 231
0.00856346171592752 1.0085634617159276 0.0 1.0 232
0.7492927767368867 1.2507072232631131 1.0 1.0 236
1.0 1.219170057472049 1.0 2.0 239
0.0 0.30080707382647 0.0 0.0 241
1.0 1.2346728845704718 1.0 2.0 242
0.2601045338694346 1.2601045338694346 0.0 1.0 243
0.5227485066491185 1.4772514933508814 1.0 1.0 245
0.9509652207998289 1.049034779200171 1.0 1.0 246
0.6328415563243317 1.3671584436756683 1.0 1.0 247
0.8128072885283135 1.0 1.0 1.0 248
1.6454241575224473 1.0 2.0 1.0 249
0.17808185516258507 1.0 0.0 1.0 250
0.4398794065332565 1.4398794065332565 0.0 1.0 251
0.0 1.1144891403437966 0.0 1.0 252
0.4617686625021382 1.0 1.0 1.0 253
0.42498850779760067 1.0 1.0 1.0 254
