*** t = 0
*** t = 1
0.0 2.0 0.0 1.0 0
*** t = 2
0.0 1.8900321551297659 0.0 1.0 0
0.0 0.0 0.0 1.0 1
0.0 2.0 0.0 1.0 2
1.0 2.0 1.0 1.0 3
*** t = 3
0.0 1.7800643102595317 0.0 1.0 0
0.0 0.12283135173548965 0.0 1.0 1
0.0 1.8939854868838206 0.0 1.0 2
1.0 1.8894929289869917 1.0 1.0 3
0.0 2.0 0.0 1.0 4
-1.0 1.0 0.0 1.0 5
1.0 0.0 1.0 1.0 6
2.0 1.0 1.0 1.0 7
*** t = 4
0.0 1.6700964653892976 0.0 1.0 0
0.0 0.2456627034709793 0.0 1.0 1
0.0 1.7879709737676412 0.0 1.0 2
1.0 1.7789858579739835 1.0 1.0 3
0.0 1.9151826290508849 0.0 1.0 4
-0.9126998479780156 1.0 0.0 1.0 5
1.0 0.1446380100528075 1.0 1.0 6
1.9033114462020626 1.0 1.0 1.0 7
0.0 0.0 0.0 1.0 8
0.0 2.0 0.0 1.0 9
1.0 2.0 1.0 1.0 10
*** t = 5
0.0 1.5601286205190634 0.0 1.0 0
0.0 0.36849405520646894 0.0 1.0 1
0.0 1.6819564606514619 0.0 1.0 2
1.0 1.6684787869609752 1.0 1.0 3
0.0 1.8303652581017698 0.0 1.0 4
-0.8253996959560312 1.0 0.0 1.0 5
1.0 0.289276020105615 1.0 1.0 6
1.8066228924041252 1.0 1.0 1.0 7
0.0 0.08133101985232762 0.0 1.0 8
0.0 1.8664157071544571 0.0 1.0 9
1.0 1.8162626056738322 1.0 1.0 10
0.0 2.0 0.0 1.0 11
*** t = 6
0.0 1.4501607756488293 0.0 1.0 0
0.0 0.4913254069419586 0.0 1.0 1
0.0 1.5759419475352825 0.0 1.0 2
1.0 1.557971715947967 1.0 1.0 3
0.0 1.7455478871526546 0.0 1.0 4
-0.7380995439340469 1.0 0.0 1.0 5
1.0 0.43391403015842245 1.0 1.0 6
1.7099343386061878 1.0 1.0 1.0 7
0.0 0.16266203970465523 0.0 1.0 8
0.0 1.7328314143089143 0.0 1.0 9
1.0 1.6325252113476645 1.0 1.0 10
0.0 1.8793550986914505 0.0 1.0 11
0.0 0.0 0.0 1.0 12
0.0 2.0 0.0 1.0 13
-1.0 1.0 0.0 1.0 14
1.0 0.0 1.0 1.0 15
1.0 2.0 1.0 1.0 16
2.0 1.0 1.0 1.0 17
*** t = 7
0.0 1.3401929307785951 0.0 1.0 0
0.0 0.6141567586774482 0.0 1.0 1
0.0 1.4699274344191031 0.0 1.0 2
1.0 1.4474646449349586 1.0 1.0 3
0.0 1.6607305162035395 0.0 1.0 4
-0.6507993919120625 1.0 0.0 1.0 5
1.0 0.57855204021123 1.0 1.0 6
1.6132457848082504 1.0 1.0 1.0 7
0.0 0.24399305955698286 0.0 1.0 8
0.0 1.5992471214633714 0.0 1.0 9
1.0 1.4487878170214967 1.0 1.0 10
0.0 1.758710197382901 0.0 1.0 11
0.0 0.11261642158152015 0.0 1.0 12
0.0 1.923934432427847 0.0 1.0 13
-0.837505650271795 1.0 0.0 1.0 14
1.0 0.11639242368634296 1.0 1.0 15
1.0 1.8475621164511364 1.0 1.0 16
1.8691622214496362 1.0 1.0 1.0 17
0.0 2.0 0.0 1.0 18
*** t = 8
0.0 1.230225085908361 0.0 1.0 0
0.0 0.7369881104129379 0.0 1.0 1
0.0 1.3639129213029237 0.0 1.0 2
1.0 1.3369575739219504 1.0 1.0 3
0.0 1.5759131452544244 0.0 1.0 4
-0.5634992398900781 1.0 0.0 1.0 5
1.0 0.7231900502640375 1.0 1.0 6
1.516557231010313 1.0 1.0 1.0 7
0.0 0.32532407940931046 0.0 1.0 8
0.0 1.4656628286178286 0.0 1.0 9
1.0 1.265050422695329 1.0 1.0 10
0.0 1.6380652960743514 0.0 1.0 11
0.0 0.2252328431630403 0.0 1.0 12
0.0 1.8478688648556938 0.0 1.0 13
-0.67501130054359 1.0 0.0 1.0 14
1.0 0.23278484737268593 1.0 1.0 15
1.0 1.6951242329022729 1.0 1.0 16
1.7383244428992723 1.0 1.0 1.0 17
0.0 1.858843550357724 0.0 1.0 18
0.0 0.0 0.0 1.0 19
0.0 2.0 0.0 1.0 20
1.0 2.0 1.0 1.0 21
*** t = 9
0.0 1.1202572410381268 0.0 1.0 0
0.0 0.8598194621484275 0.0 1.0 1
0.0 1.2578984081867444 0.0 1.0 2
1.0 1.226450502908942 1.0 1.0 3
0.0 1.4910957743053093 0.0 1.0 4
-0.47619908786809373 1.0 0.0 1.0 5
1.0 0.867828060316845 1.0 1.0 6
1.4198686772123756 1.0 1.0 1.0 7
0.0 0.40665509926163806 0.0 1.0 8
0.0 1.3320785357722857 0.0 1.0 9
1.0 1.0813130283691612 1.0 1.0 10
0.0 1.5174203947658018 0.0 1.0 11
0.0 0.33784926474456045 0.0 1.0 12
0.0 1.7718032972835407 0.0 1.0 13
-0.5125169508153851 1.0 0.0 1.0 14
1.0 0.3491772710590289 1.0 1.0 15
1.0 1.5426863493534093 1.0 1.0 16
1.6074866643489085 1.0 1.0 1.0 17
0.0 1.7176871007154482 0.0 1.0 18
0.0 0.11243324066401245 0.0 1.0 19
0.0 1.8580676712064876 0.0 1.0 20
1.0 1.8975971001995242 1.0 1.0 21
0.0 2.0 0.0 1.0 22
-1.0 1.0 0.0 1.0 23
1.0 0.0 1.0 1.0 24
2.0 1.0 1.0 1.0 25
*** t = 10
0.0 1.0102893961678927 0.0 1.0 0
0.0 0.9826508138839172 0.0 1.0 1
0.0 1.151883895070565 0.0 1.0 2
1.0 1.1159434318959338 1.0 1.0 3
0.0 1.4062784033561941 0.0 1.0 4
-0.38889893584610935 1.0 0.0 1.0 5
0.9875339296303475 1.0 0.0 1.0 6
1.3231801234144382 1.0 1.0 1.0 7
0.0 0.48798611911396567 0.0 1.0 8
0.0 1.198494242926743 0.0 1.0 9
0.927575036273068 1.0724249637269319 0.5 1.5 10
0.0 1.3967754934572523 0.0 1.0 11
0.0 0.4504656863260806 0.0 1.0 12
0.0 1.6957377297113876 0.0 1.0 13
-0.3500226010871801 1.0 0.0 1.0 14
1.0 0.46556969474537185 1.0 1.0 15
1.0 1.3902484658045458 1.0 1.0 16
1.4766488857985447 1.0 1.0 1.0 17
0.0 1.5765306510731723 0.0 1.0 18
0.0 0.2248664813280249 0.0 1.0 19
0.0 1.7161353424129753 0.0 1.0 20
1.0 1.7951942003990484 1.0 1.0 21
0.0 1.8619318842881978 0.0 1.0 22
-0.844519735193608 1.0 0.0 1.0 23
1.0 0.11606879992255958 1.0 1.0 24
1.87183341433369 1.0 1.0 1.0 25
0.0 0.0 0.0 1.0 26
0.0 2.0 0.0 1.0 27
1.0 2.0 1.0 1.0 28
*** t = 11
0.0 0.9003215512976585 0.0 0.0 0
0.10548216561940682 1.0 1.0 1.0 1
0.0 1.0458693819543856 0.0 1.0 2
1.0 1.0054363608829255 1.0 1.0 3
0.0 1.321461032407079 0.0 1.0 4
-0.30159878382412497 1.0 0.0 1.0 5
0.84289591957754 1.0 0.0 1.0 6
1.2264915696165009 1.0 1.0 1.0 7
0.0 0.5693171389662933 0.0 1.0 8
0.0 1.0649099500812 0.0 1.0 9
0.797653078787488 1.202346921212512 0.5 1.5 10
0.0 1.2761305921487027 0.0 1.0 11
0.0 0.5630821079076007 0.0 1.0 12
0.0 1.6196721621392345 0.0 1.0 13
-0.1875282513589751 1.0 0.0 1.0 14
1.0 0.5819621184317149 1.0 1.0 15
1.0 1.2378105822556822 1.0 1.0 16
1.3458111072481809 1.0 1.0 1.0 17
0.0 1.4353742014308963 0.0 1.0 18
0.0 0.33729972199203734 0.0 1.0 19
0.0 1.574203013619463 0.0 1.0 20
1.0 1.6927913005985726 1.0 1.0 21
0.0 1.7238637685763956 0.0 1.0 22
-0.689039470387216 1.0 0.0 1.0 23
1.0 0.23213759984511917 1.0 1.0 24
1.7436668286673802 1.0 1.0 1.0 25
0.0 0.11237387177344679 0.0 1.0 26
0.0 1.8959901041496747 0.0 1.0 27
1.0 1.9013370437140726 1.0 1.0 28
0.0 2.0 0.0 1.0 29
*** t = 12
0.0 0.7903537064274242 0.0 0.0 0
0.22831351735489647 1.0 1.0 1.0 1
-0.06014513116179365 1.0 -1.0 1.0 2
1.1050707101300827 1.0 2.0 1.0 3
0.0 1.236643661457964 0.0 1.0 4
-0.2142986318021406 1.0 0.0 1.0 5
0.6982579095247324 1.0 0.0 1.0 6
1.1298030158185635 1.0 1.0 1.0 7
0.0 0.6506481588186209 0.0 1.0 8
0.04856009346219613 1.0485600934621961 0.5 1.5 9
0.6677311213019081 1.3322688786980919 0.5 1.5 10
0.0 1.1554856908401532 0.0 1.0 11
0.0 0.6756985294891209 0.0 1.0 12
0.0 1.5436065945670814 0.0 1.0 13
-0.025033901630770128 1.0 0.0 1.0 14
1.0 0.6983545421180578 1.0 1.0 15
1.0 1.0853726987068186 1.0 1.0 16
1.214973328697817 1.0 1.0 1.0 17
0.0 1.2942177517886204 0.0 1.0 18
0.0 0.4497329626560498 0.0 1.0 19
0.0 1.4322706848259505 0.0 1.0 20
1.0 1.5903884007980968 1.0 1.0 21
0.0 1.5857956528645933 0.0 1.0 22
-0.533559205580824 1.0 0.0 1.0 23
1.0 0.34820639976767875 1.0 1.0 24
1.6155002430010703 1.0 1.0 1.0 25
0.0 0.22474774354689359 0.0 1.0 26
0.0 1.7919802082993495 0.0 1.0 27
1.0 1.8026740874281453 1.0 1.0 28
0.0 1.9052877128763177 0.0 1.0 29
0.0 0.0 0.0 1.0 30
0.0 2.0 0.0 1.0 31
-1.0 1.0 0.0 1.0 32
1.0 0.0 1.0 1.0 33
1.0 2.0 1.0 1.0 34
2.0 1.0 1.0 1.0 35
*** t = 13
0.0 0.6803858615571899 0.0 0.0 0
0.3511448690903861 1.0 1.0 1.0 1
-0.16615964427797292 1.0 -1.0 1.0 2
1.215577781143091 1.0 2.0 1.0 3
0.0 1.1518262905088488 0.0 1.0 4
-0.12699847978015621 1.0 0.0 1.0 5
0.5536198994719249 1.0 0.0 1.0 6
1.033114462020626 1.0 1.0 1.0 7
0.0 0.7319791786709485 0.0 1.0 8
0.14301845279328912 1.1430184527932892 0.5 1.5 9
0.5378091638163283 1.4621908361836717 0.5 1.5 10
0.0 1.0348407895316036 0.0 1.0 11
0.0 0.7883149510706411 0.0 1.0 12
0.0 1.4675410269949283 0.0 1.0 13
0.0 0.8625395519025651 0.0 0.0 14
1.0 0.8147469658044008 1.0 1.0 15
0.9329348151579551 1.0 0.0 1.0 16
1.0841355501474532 1.0 1.0 1.0 17
0.0 1.1530613021463445 0.0 1.0 18
0.0 0.5621662033200623 0.0 1.0 19
0.0 1.2903383560324382 0.0 1.0 20
1.0 1.487985500997621 1.0 1.0 21
0.0 1.4477275371527911 0.0 1.0 22
-0.378078940774432 1.0 0.0 1.0 23
1.0 0.46427519969023834 1.0 1.0 24
1.4873336573347604 1.0 1.0 1.0 25
0.0 0.33712161532034035 0.0 1.0 26
0.0 1.6879703124490242 0.0 1.0 27
1.0 1.704011131142218 1.0 1.0 28
0.0 1.8105754257526354 0.0 1.0 29
0.0 0.10352000951277324 0.0 1.0 30
0.0 1.8525775036519219 0.0 1.0 31
-0.8501054213539145 1.0 0.0 1.0 32
1.0 0.11720084578656874 1.0 1.0 33
1.0 1.8825430930287113 1.0 1.0 34
1.8823889507512581 1.0 1.0 1.0 35
0.0 2.0 0.0 1.0 36
*** t = 14
0.0 0.5704180166869557 0.0 0.0 0
0.47397622082587576 1.0 1.0 1.0 1
-0.2721741573941522 1.0 -1.0 1.0 2
1.3260848521560993 1.0 2.0 1.0 3
0.0 1.0670089195597336 0.0 1.0 4
-0.039698327758171836 1.0 0.0 1.0 5
0.4089818894191174 1.0 0.0 1.0 6
0.9364259082226888 1.0 0.0 1.0 7
0.0 0.8133101985232761 0.0 1.0 8
0.2374768121243821 1.2374768121243822 0.5 1.5 9
0.40788720633074826 1.4078872063307484 0.0 1.0 10
0.060672669291166895 1.060672669291167 0.5 1.5 11
0.0 0.9009313726521613 0.0 1.0 12
0.0 1.3914754594227752 0.0 1.0 13
0.0 0.7000452021743602 0.0 0.0 14
1.0 0.9311393894907437 1.0 1.0 15
0.7804969316090915 1.0 0.0 1.0 16
1.0 0.9532977715970894 1.0 0.0 17
0.0 1.0119048525040686 0.0 1.0 18
0.0 0.6745994439840748 0.0 1.0 19
0.0 1.1484060272389258 0.0 1.0 20
1.0 1.3855826011971453 1.0 1.0 21
0.0 1.309659421440989 0.0 1.0 22
-0.22259867596803995 1.0 0.0 1.0 23
1.0 0.5803439996127979 1.0 1.0 24
1.3591670716684505 1.0 1.0 1.0 25
0.0 0.44949548709378717 0.0 1.0 26
0.0 1.583960416598699 0.0 1.0 27
1.0 1.6053481748562906 1.0 1.0 28
0.0 1.7158631386289531 0.0 1.0 29
0.0 0.20704001902554647 0.0 1.0 30
0.0 1.7051550073038437 0.0 1.0 31
-0.7002108427078291 1.0 0.0 1.0 32
1.0 0.23440169157313748 1.0 1.0 33
1.0 1.7650861860574225 1.0 1.0 34
1.7647779015025162 1.0 1.0 1.0 35
0.0 1.8838997262481483 0.0 1.0 36
0.0 0.0 0.0 1.0 37
0.0 2.0 0.0 1.0 38
1.0 2.0 1.0 1.0 39
*** t = 15
0.0 0.46045017181672143 0.0 0.0 0
0.5968075725613654 1.0 1.0 1.0 1
-0.37818867051033145 1.0 -1.0 1.0 2
1.4365919231691076 1.0 2.0 1.0 3
0.012592476739862574 1.0125924767398626 0.5 1.5 4
0.0 1.0476018242638125 0.0 2.0 5
0.2643438793663099 1.0 0.0 1.0 6
0.8397373544247515 1.0 0.0 1.0 7
0.0 0.8946412183756037 0.0 1.0 8
0.3319351714554751 1.3319351714554752 0.5 1.5 9
0.2779652488451683 1.2779652488451685 0.0 1.0 10
0.14598149712202402 1.1459814971220241 0.5 1.5 11
0.0 1.0135477942336815 0.0 2.0 12
0.0 1.315409891850622 0.0 1.0 13
0.0 0.5375508524461552 0.0 0.0 14
0.96638993258039 1.03361006741961 0.5 1.5 15
0.6280590480602279 1.0 0.0 1.0 16
1.0 0.8224599930467256 1.0 0.0 17
0.09139468081561809 1.091394680815618 0.5 1.5 18
0.0 0.7870326846480873 0.0 1.0 19
0.0 1.0064736984454135 0.0 1.0 20
1.0 1.2831797013966695 1.0 1.0 21
0.0 1.1715913057291867 0.0 1.0 22
-0.0671184111616479 1.0 0.0 1.0 23
1.0 0.6964127995353575 1.0 1.0 24
1.2310004860021406 1.0 1.0 1.0 25
0.0 0.561869358867234 0.0 1.0 26
0.0 1.4799505207483736 0.0 1.0 27
1.0 1.5066852185703632 1.0 1.0 28
0.0 1.6211508515052708 0.0 1.0 29
0.0 0.3105600285383197 0.0 1.0 30
0.0 1.5577325109557656 0.0 1.0 31
-0.5503162640617436 1.0 0.0 1.0 32
1.0 0.3516025373597062 1.0 1.0 33
1.0 1.6476292790861338 1.0 1.0 34
1.6471668522537743 1.0 1.0 1.0 35
0.0 1.7677994524962966 0.0 1.0 36
0.0 0.11650913787801999 0.0 1.0 37
0.0 1.8503610014945968 0.0 1.0 38
1.0 1.8441644230738878 1.0 1.0 39
0.0 2.0 0.0 1.0 40
-1.0 1.0 0.0 1.0 41
1.0 0.0 1.0 1.0 42
2.0 1.0 1.0 1.0 43
*** t = 16
0.0 0.3504823269464872 0.0 0.0 0
0.719638924296855 1.0 1.0 1.0 1
-0.4842031836265107 1.0 -1.0 1.0 2
1.5470989941821158 1.0 2.0 1.0 3
0.0725674149003967 1.0725674149003968 0.5 1.5 4
0.0 1.1349019762857968 0.0 2.0 5
0.11970586931350238 1.0 0.0 1.0 6
0.7430488006268142 1.0 0.0 1.0 7
0.0 0.9759722382279313 0.0 1.0 8
0.4263935307865681 1.4263935307865683 0.5 1.5 9
0.1480432913595884 1.1480432913595884 0.0 1.0 10
0.23129032495288115 1.2312903249528813 0.5 1.5 11
0.0 1.1261642158152017 0.0 2.0 12
0.0 1.239344324278469 0.0 1.0 13
0.0 0.3750565027179502 0.0 0.0 14
0.8840880605130391 1.1159119394869608 0.5 1.5 15
0.4756211645113644 1.0 0.0 1.0 16
1.0 0.6916222144963617 1.0 0.0 17
0.19120736356588874 1.1912073635658886 0.5 1.5 18
0.0 0.8994659253120998 0.0 1.0 19
0.13545863034809896 1.0 1.0 1.0 20
1.0 1.1807768015961937 1.0 1.0 21
0.0 1.0335231900173845 0.0 1.0 22
0.06248126591041182 1.062481265910412 0.5 1.5 23
1.0 0.8124815994579171 1.0 1.0 24
1.1028339003358307 1.0 1.0 1.0 25
0.0 0.6742432306406808 0.0 1.0 26
0.0 1.3759406248980484 0.0 1.0 27
1.0 1.4080222622844358 1.0 1.0 28
0.0 1.5264385643815885 0.0 1.0 29
0.0 0.41408003805109295 0.0 1.0 30
0.0 1.4103100146076875 0.0 1.0 31
-0.40042168541565815 1.0 0.0 1.0 32
1.0 0.46880338314627495 1.0 1.0 33
1.0 1.530172372114845 1.0 1.0 34
1.5295558030050325 1.0 1.0 1.0 35
0.0 1.6516991787444448 0.0 1.0 36
0.0 0.23301827575603998 0.0 1.0 37
0.0 1.7007220029891936 0.0 1.0 38
1.0 1.6883288461477757 1.0 1.0 39
0.0 1.8836952531514808 0.0 1.0 40
-0.8970239004190598 1.0 0.0 1.0 41
1.0 0.14694319735924202 1.0 1.0 42
1.8159155176105994 1.0 1.0 1.0 43
0.0 0.0 0.0 1.0 44
0.0 2.0 0.0 1.0 45
1.0 2.0 1.0 1.0 46
*** t = 17
0.0 0.24051448207625292 0.0 0.0 0
0.8424702760323447 1.0 1.0 1.0 1
-0.59021769674269 1.0 -1.0 1.0 2
1.657606065195124 1.0 2.0 1.0 3
0.13254235306093082 1.1325423530609309 0.5 1.5 4
0.0 1.222202128307781 0.0 2.0 5
0.01762968578626002 1.0176296857862601 0.5 1.5 6
0.6463602468288769 1.0 0.0 1.0 7
0.0 1.057303258080259 0.0 2.0 8
0.5208518901176612 1.479148109882339 1.0 1.0 9
0.01812133387400844 1.0181213338740085 0.0 1.0 10
0.3165991527837383 1.3165991527837384 0.5 1.5 11
0.0 1.2387806373967218 0.0 2.0 12
0.0 1.1632787567063159 0.0 1.0 13
0.0 0.21256215298974523 0.0 0.0 14
0.8017861884456883 1.1982138115543117 0.5 1.5 15
0.3231832809625008 1.0 0.0 1.0 16
1.0 0.5607844359459979 1.0 0.0 17
0.29102004631615935 1.2910200463161594 0.5 1.5 18
0.008413980952173205 1.0084139809521733 0.5 1.5 19
0.2773909591416114 1.0 1.0 1.0 20
1.0 1.078373901795718 1.0 1.0 21
0.0 0.8954550743055822 0.0 0.0 22
0.17242241549569176 1.172422415495692 0.5 1.5 23
1.0 0.9285503993804767 1.0 1.0 24
0.9820870864171531 1.0179129135828469 0.5 1.5 25
0.0 0.7866171024141276 0.0 1.0 26
0.0 1.271930729047723 0.0 1.0 27
1.0 1.3093593059985085 1.0 1.0 28
0.0 1.4317262772579062 0.0 1.0 29
0.0 0.5176000475638662 0.0 1.0 30
0.0 1.2628875182596093 0.0 1.0 31
-0.2505271067695727 1.0 0.0 1.0 32
1.0 0.5860042289328437 1.0 1.0 33
1.0 1.4127154651435563 1.0 1.0 34
1.4119447537562906 1.0 1.0 1.0 35
0.0 1.535598904992593 0.0 1.0 36
0.0 0.34952741363406 0.0 1.0 37
0.0 1.5510830044837904 0.0 1.0 38
1.0 1.5324932692216635 1.0 1.0 39
0.0 1.7673905063029616 0.0 1.0 40
-0.7940478008381195 1.0 0.0 1.0 41
1.0 0.29388639471848405 1.0 1.0 42
1.6318310352211989 1.0 1.0 1.0 43
0.0 0.08793886946967946 0.0 1.0 44
0.0 1.883805010921716 0.0 1.0 45
1.0 1.8696587043413229 1.0 1.0 46
0.0 2.0 0.0 1.0 47
*** t = 18
0.0 0.13054663720601867 0.0 0.0 0
0.9653016277678343 1.0 1.0 1.0 1
-0.6962322098588692 1.0 -1.0 1.0 2
1.7681131362081324 1.0 2.0 1.0 3
0.19251729122146494 1.192517291221465 0.5 1.5 4
0.0 1.3095022803297653 0.0 2.0 5
0.11990420351192824 1.1199042035119282 0.5 1.5 6
0.5496716930309397 1.0 0.0 1.0 7
0.0 1.1386342779325866 0.0 2.0 8
0.6153102494487541 1.3846897505512459 1.0 1.0 9
0.1581099581932541 1.0 1.0 1.0 10
0.40190798061459543 1.4019079806145955 0.5 1.5 11
0.0 1.351397058978242 0.0 2.0 12
0.0 1.0872131891341628 0.0 1.0 13
0.0 0.050067803261540256 0.0 0.0 14
0.7194843163783374 1.2805156836216625 0.5 1.5 15
0.17074539741363726 1.0 0.0 1.0 16
1.0 0.42994665739563404 1.0 0.0 17
0.39083272906643 1.39083272906643 0.5 1.5 18
0.08791628785647548 1.0879162878564757 0.5 1.5 19
0.4193232879351238 1.0 1.0 1.0 20
1.0240289980047579 1.0 2.0 1.0 21
0.0 0.75738695859378 0.0 0.0 22
0.2823635650809717 1.282363565080972 0.5 1.5 23
0.968449461601709 1.031550538398291 0.5 1.5 24
0.8914596245709788 1.1085403754290213 0.5 1.5 25
0.0 0.8989909741875745 0.0 1.0 26
0.0 1.1679208331973978 0.0 1.0 27
1.0 1.210696349712581 1.0 1.0 28
0.0 1.337013990134224 0.0 1.0 29
0.0 0.6211200570766395 0.0 1.0 30
0.0 1.1154650219115312 0.0 1.0 31
-0.10063252812348719 1.0 0.0 1.0 32
1.0 0.7032050747194124 1.0 1.0 33
1.0 1.2952585581722675 1.0 1.0 34
1.2943337045075487 1.0 1.0 1.0 35
0.0 1.4194986312407414 0.0 1.0 36
0.0 0.46603655151207996 0.0 1.0 37
0.0 1.4014440059783873 0.0 1.0 38
1.0 1.3766576922955513 1.0 1.0 39
0.0 1.6510857594544424 0.0 1.0 40
-0.6910717012571793 1.0 0.0 1.0 41
1.0 0.4408295920777261 1.0 1.0 42
1.4477465528317983 1.0 1.0 1.0 43
0.0 0.17587773893935893 0.0 1.0 44
0.0 1.7676100218434319 0.0 1.0 45
1.0 1.7393174086826457 1.0 1.0 46
0.0 1.8390253868277384 0.0 1.0 47
0.0 0.0 0.0 1.0 48
0.0 2.0 0.0 1.0 49
-1.0 1.0 0.0 1.0 50
1.0 0.0 1.0 1.0 51
1.0 2.0 1.0 1.0 52
2.0 1.0 1.0 1.0 53
*** t = 19
0.0 0.020578792335784427 0.0 0.0 0
1.0 1.088132979503324 1.0 2.0 1
-0.8022467229750485 1.0 -1.0 1.0 2
1.8786202072211406 1.0 2.0 1.0 3
0.25249222938199906 1.2524922293819991 0.5 1.5 4
0.0 1.3968024323517496 0.0 2.0 5
0.22217872123759644 1.2221787212375963 0.5 1.5 6
0.4529831392330024 1.0 0.0 1.0 7
0.0 1.2199652977849142 0.0 2.0 8
0.709768608779847 1.2902313912201528 1.0 1.0 9
0.34184735251942194 1.0 1.0 1.0 10
0.48721680844545256 1.4872168084454527 0.5 1.5 11
0.0 1.4640134805597622 0.0 2.0 12
0.0 1.0111476215620097 0.0 1.0 13
0.6371824443109866 1.3628175556890134 0.5 1.5 15
0.018307513864773695 1.0 0.0 1.0 16
1.0 0.29910887884527015 1.0 0.0 17
0.4906454118167006 1.4906454118167007 0.5 1.5 18
0.16741859476077778 1.167418594760778 0.5 1.5 19
0.5612556167286362 1.0 1.0 1.0 20
1.1264318978052337 1.0 2.0 1.0 21
0.0 0.6193188428819778 0.0 0.0 22
0.39230471466625166 1.3923047146662517 0.5 1.5 23
0.8863764260922825 1.1136235739077176 0.5 1.5 24
0.8008321627248045 1.1991678372751957 0.5 1.5 25
0.011364845961021247 1.0 1.0 1.0 26
0.0 1.0639109373470725 0.0 1.0 27
1.0 1.1120333934266537 1.0 1.0 28
0.0 1.2423017030105417 0.0 1.0 29
0.0 0.7246400665894128 0.0 1.0 30
0.0 0.9680425255634529 0.0 0.0 31
0.03483352997968356 1.0348335299796836 0.5 1.5 32
1.0 0.8204059205059812 1.0 1.0 33
1.0 1.1778016512009788 1.0 1.0 34
1.1767226552588068 1.0 1.0 1.0 35
0.0 1.3033983574888897 0.0 1.0 36
0.0 0.5825456893901 0.0 1.0 37
0.0 1.251805007472984 0.0 1.0 38
1.0 1.2208221153694392 1.0 1.0 39
0.0 1.5347810126059231 0.0 1.0 40
-0.5880956016762391 1.0 0.0 1.0 41
1.0 0.5877727894369681 1.0 1.0 42
1.2636620704423978 1.0 1.0 1.0 43
0.0 0.2638166084090384 0.0 1.0 44
0.0 1.6514150327651478 0.0 1.0 45
1.0 1.6089761130239686 1.0 1.0 46
0.0 1.6780507736554768 0.0 1.0 47
0.0 0.08221066629118191 0.0 1.0 48
0.0 1.85032507010438 0.0 1.0 49
-0.8669442755254831 1.0 0.0 1.0 50
1.0 0.17860227844323476 1.0 1.0 51
1.0 1.9040906038450993 1.0 1.0 52
1.8769917955887232 1.0 1.0 1.0 53
0.0 2.0 0.0 1.0 54
*** t = 20
1.0 1.2109643312388139 1.0 2.0 1
-0.9082612360912278 1.0 -1.0 1.0 2
1.989127278234149 1.0 2.0 1.0 3
0.3124671675425332 1.3124671675425332 0.5 1.5 4
0.0 1.4841025843737339 0.0 2.0 5
0.3244532389632646 1.3244532389632646 0.5 1.5 6
0.3562945854350651 1.0 0.0 1.0 7
0.0 1.3012963176372419 0.0 2.0 8
0.80422696811094 1.1957730318890598 1.0 1.0 9
0.5255847468455898 1.0 1.0 1.0 10
0.5725256362763097 1.4274743637236902 1.0 1.0 11
0.0 1.5766299021412824 0.0 2.0 12
0.06491794601014338 1.0 1.0 1.0 13
0.5548805722436357 1.4451194277563641 0.5 1.5 15
0.09484449396667845 1.0948444939666784 0.5 1.5 16
1.0 0.16827110029490627 1.0 0.0 17
0.5904580945669713 1.4095419054330287 1.0 1.0 18
0.24692090166508007 1.2469209016650802 0.5 1.5 19
0.7031879455221486 1.0 1.0 1.0 20
1.2288347976057095 1.0 2.0 1.0 21
0.0 0.4812507271701756 0.0 0.0 22
0.5022458642515316 1.4977541357484685 1.0 1.0 23
0.804303390582856 1.1956966094171442 0.5 1.5 24
0.7102047008786301 1.2897952991213701 0.5 1.5 25
0.12373871773446804 1.0 1.0 1.0 26
0.0 0.9599010414967474 0.0 0.0 27
1.0 1.0133704371407264 1.0 1.0 28
0.0 1.1475894158868594 0.0 1.0 29
0.0 0.8281600761021861 0.0 1.0 30
0.0 0.8206200292153747 0.0 0.0 31
0.14082500300343087 1.1408250030034308 0.5 1.5 32
1.0 0.9376067662925499 1.0 1.0 33
1.0 1.06034474422969 1.0 1.0 34
1.059111606010065 1.0 1.0 1.0 35
0.0 1.187298083737038 0.0 1.0 36
0.0 0.69905482726812 0.0 1.0 37
0.0 1.1021660089675809 0.0 1.0 38
1.0 1.064986538443327 1.0 1.0 39
0.0 1.418476265757404 0.0 1.0 40
-0.4851195020952988 1.0 0.0 1.0 41
1.0 0.7347159867962101 1.0 1.0 42
1.0795775880529972 1.0 1.0 1.0 43
0.0 0.35175547787871786 0.0 1.0 44
0.0 1.5352200436868637 0.0 1.0 45
1.0 1.4786348173652915 1.0 1.0 46
0.0 1.5170761604832153 0.0 1.0 47
0.0 0.16442133258236383 0.0 1.0 48
0.0 1.7006501402087602 0.0 1.0 49
-0.7338885510509663 1.0 0.0 1.0 50
1.0 0.3572045568864695 1.0 1.0 51
1.0 1.8081812076901986 1.0 1.0 52
1.7539835911774464 1.0 1.0 1.0 53
0.0 1.8889719321456209 0.0 1.0 54
0.0 0.0 0.0 1.0 55
0.0 2.0 0.0 1.0 56
1.0 2.0 1.0 1.0 57
*** t = 21
1.0 1.3337956829743036 1.0 2.0 1
0.3724421057030673 1.3724421057030673 0.5 1.5 4
0.0 1.5714027363957181 0.0 2.0 5
0.4267277566889328 1.426727756688933 0.5 1.5 6
0.2596060316371278 1.0 0.0 1.0 7
0.0 1.3826273374895695 0.0 2.0 8
0.898685327442033 1.101314672557967 1.0 1.0 9
0.7093221411717576 1.0 1.0 1.0 10
0.6578344641071668 1.342165535892833 1.0 1.0 11
0.0 1.6892463237228026 0.0 2.0 12
0.1409835135822964 1.0 1.0 1.0 13
0.47257870017628495 1.472578700176285 0.0 1.0 15
0.20263435513380512 1.202634355133805 0.5 1.5 16
1.0 0.03743332174454239 1.0 0.0 17
0.690270777317242 1.3097292226827582 1.0 1.0 18
0.32642320856938234 1.3264232085693823 0.5 1.5 19
0.845120274315661 1.0 1.0 1.0 20
1.3312376974061852 1.0 2.0 1.0 21
0.0 0.34318261145837337 0.0 0.0 22
0.6121870138368115 1.3878129861631885 1.0 1.0 23
0.7222303550734295 1.2777696449265707 0.5 1.5 24
0.6195772390324557 1.3804227609675443 0.5 1.5 25
0.23611258950791483 1.0 1.0 1.0 26
0.0 0.8558911456464222 0.0 0.0 27
0.9147074808547991 1.0 0.0 1.0 28
0.0 1.052877128763177 0.0 1.0 29
0.0 0.9316800856149594 0.0 1.0 30
0.0 0.6731975328672964 0.0 0.0 31
0.24681647602717816 1.246816476027178 0.5 1.5 32
1.0 1.0548076120791186 1.0 2.0 33
0.9428878372584013 1.0 0.0 1.0 34
1.0 1.058499443238677 1.0 2.0 35
0.0 1.0711978099851862 0.0 1.0 36
0.0 0.8155639651461399 0.0 1.0 37
-0.04747298953782228 1.0 -1.0 1.0 38
1.0908490384827851 1.0 2.0 1.0 39
0.0 1.3021715189088847 0.0 1.0 40
-0.3821434025143585 1.0 0.0 1.0 41
1.0 0.8816591841554521 1.0 1.0 42
1.0 0.8954931056635966 1.0 0.0 43
0.0 0.4396943473483973 0.0 1.0 44
0.0 1.4190250546085796 0.0 1.0 45
1.0 1.3482935217066143 1.0 1.0 46
0.0 1.3561015473109537 0.0 1.0 47
0.0 0.24663199887354575 0.0 1.0 48
0.0 1.5509752103131402 0.0 1.0 49
-0.6008328265764494 1.0 0.0 1.0 50
1.0 0.5358068353297043 1.0 1.0 51
1.0 1.712271811535298 1.0 1.0 52
1.6309753867661696 1.0 1.0 1.0 53
0.0 1.7779438642912417 0.0 1.0 54
0.0 0.11834284001464881 0.0 1.0 55
0.0 1.8751832359278304 0.0 1.0 56
1.0 1.9258912012336473 1.0 1.0 57
0.0 2.0 0.0 1.0 58
-1.0 1.0 0.0 1.0 59
1.0 0.0 1.0 1.0 60
2.0 1.0 1.0 1.0 61
*** t = 22
1.0 1.4566270347097934 1.0 2.0 1
0.4324170438636014 1.4324170438636015 0.5 1.5 4
0.0 1.6587028884177024 0.0 2.0 5
0.5290022744146011 1.470997725585399 1.0 1.0 6
0.16291747783919053 1.0 0.0 1.0 7
0.0 1.463958357341897 0.0 2.0 8
0.9931436867731259 1.006856313226874 1.0 1.0 9
0.8930595354979255 1.0 1.0 1.0 10
0.743143291938024 1.256856708061976 1.0 1.0 11
0.0 1.8018627453043228 0.0 2.0 12
0.21704908115444943 1.0 1.0 1.0 13
0.3902768281089341 1.3902768281089342 0.0 1.0 15
0.31042421630093175 1.3104242163009316 0.5 1.5 16
0.7900834600675126 1.2099165399324874 1.0 1.0 18
0.4059255154736846 1.4059255154736847 0.5 1.5 19
0.9870526031091733 1.0 1.0 1.0 20
1.433640597206661 1.0 2.0 1.0 21
0.0 0.20511449574657117 0.0 0.0 22
0.7221281634220914 1.2778718365779085 1.0 1.0 23
0.6401573195640029 1.3598426804359973 0.5 1.5 24
0.5289497771862813 1.4710502228137188 0.5 1.5 25
0.3484864612813616 1.0 1.0 1.0 26
0.0 0.751881249796097 0.0 0.0 27
0.8160445245688719 1.0 0.0 1.0 28
0.029581924168726355 1.0295819241687263 0.5 1.5 29
0.035200095127732645 1.0 1.0 1.0 30
0.0 0.5257750365192182 0.0 0.0 31
0.35280794905092544 1.3528079490509253 0.5 1.5 32
1.0 1.1720084578656873 1.0 2.0 33
0.8254309302871126 1.0 0.0 1.0 34
1.0 1.1761104924874188 1.0 2.0 35
0.0449024637666654 1.0 1.0 1.0 36
0.0 0.9320731030241599 0.0 1.0 37
-0.19711198804322544 1.0 -1.0 1.0 38
1.2466846154088973 1.0 2.0 1.0 39
0.0 1.1858667720603655 0.0 1.0 40
-0.27916730293341824 1.0 0.0 1.0 41
0.9713976184853059 1.0 0.0 1.0 42
1.0 0.7114086232741961 1.0 0.0 43
0.0 0.5276332168180767 0.0 1.0 44
0.0 1.3028300655302956 0.0 1.0 45
1.0 1.2179522260479372 1.0 1.0 46
0.0 1.195126934138692 0.0 1.0 47
0.0 0.32884266516472765 0.0 1.0 48
0.0 1.4013002804175203 0.0 1.0 49
-0.4677771021019326 1.0 0.0 1.0 50
1.0 0.714409113772939 1.0 1.0 51
1.0 1.6163624153803973 1.0 1.0 52
1.5079671823548928 1.0 1.0 1.0 53
0.0 1.6669157964368626 0.0 1.0 54
0.0 0.23668568002929763 0.0 1.0 55
0.0 1.7503664718556609 0.0 1.0 56
1.0 1.8517824024672946 1.0 1.0 57
0.0 1.881623332104859 0.0 1.0 58
-0.8784233841823235 1.0 0.0 1.0 59
1.0 0.11329317193345419 1.0 1.0 60
1.8733030682109792 1.0 1.0 1.0 61
0.0 0.0 0.0 1.0 62
0.0 2.0 0.0 1.0 63
1.0 2.0 1.0 1.0 64
*** t = 23
1.0 1.5794583864452831 1.0 2.0 1
0.4923919820241356 1.4923919820241356 0.5 1.5 4
0.0 1.7460030404396867 0.0 2.0 5
0.6312767921402693 1.3687232078597307 1.0 1.0 6
0.06622892404125323 1.0 0.0 1.0 7
0.0 1.5452893771942247 0.0 2.0 8
1.0 0.8761119983077804 1.0 0.0 9
0.9456963701470762 1.0543036298529238 0.5 1.5 10
0.8284521197688811 1.1715478802311188 1.0 1.0 11
0.0 1.914479166885843 0.0 2.0 12
0.2931146487266025 1.0 1.0 1.0 13
0.30797495604158326 1.3079749560415834 0.0 1.0 15
0.4182140774680584 1.4182140774680583 0.5 1.5 16
0.8898961428177833 1.1101038571822168 1.0 1.0 18
0.48542782237798693 1.4854278223779869 0.5 1.5 19
0.9087938799807259 1.0912061200192742 0.5 1.5 20
1.5360434970071368 1.0 2.0 1.0 21
0.0 0.06704638003476898 0.0 0.0 22
0.8320693130073713 1.1679306869926287 1.0 1.0 23
0.5580842840545763 1.4419157159454237 0.5 1.5 24
0.43832231534010696 1.438322315340107 0.0 1.0 25
0.46086033305480845 1.0 1.0 1.0 26
0.0 0.6478713539457719 0.0 0.0 27
0.7173815682829446 1.0 0.0 1.0 28
0.09655362465556946 1.0965536246555694 0.5 1.5 29
0.13872010464050588 1.0 1.0 1.0 30
0.0 0.37835254017113995 0.0 0.0 31
0.4587994220746727 1.4587994220746727 0.5 1.5 32
1.0 1.289209303652256 1.0 2.0 33
0.7079740233158238 1.0 0.0 1.0 34
1.0 1.2937215417361607 1.0 2.0 35
0.16100273751851701 1.0 1.0 1.0 36
0.03435283198716986 1.0343528319871698 0.5 1.5 37
-0.34675098654862857 1.0 -1.0 1.0 38
1.4025201923350095 1.0 2.0 1.0 39
0.0 1.0695620252118463 0.0 1.0 40
-0.17619120335247795 1.0 0.0 1.0 41
0.8244544211260639 1.0 0.0 1.0 42
1.0 0.5273241408847955 1.0 0.0 43
0.0 0.6155720862877562 0.0 1.0 44
0.0 1.1866350764520115 0.0 1.0 45
1.0 1.08761093038926 1.0 1.0 46
0.0 1.0341523209664305 0.0 1.0 47
0.0 0.41105333145590955 0.0 1.0 48
0.0 1.2516253505219004 0.0 1.0 49
-0.3347213776274157 1.0 0.0 1.0 50
1.0 0.8930113922161738 1.0 1.0 51
1.0 1.5204530192254966 1.0 1.0 52
1.384958977943616 1.0 1.0 1.0 53
0.0 1.5558877285824835 0.0 1.0 54
0.0 0.35502852004394647 0.0 1.0 55
0.0 1.6255497077834913 0.0 1.0 56
1.0 1.777673603700942 1.0 1.0 57
0.0 1.763246664209718 0.0 1.0 58
-0.7568467683646469 1.0 0.0 1.0 59
1.0 0.22658634386690837 1.0 1.0 60
1.7466061364219585 1.0 1.0 1.0 61
0.0 0.11762300278937086 0.0 1.0 62
0.0 1.8911817030898916 0.0 1.0 63
1.0 1.8556992187583583 1.0 1.0 64
0.0 2.0 0.0 1.0 65
*** t = 24
1.0 1.702289738180773 1.0 2.0 1
0.5523669201846697 1.4476330798153303 1.0 1.0 4
0.0 1.833303192461671 0.0 2.0 5
0.7335513098659375 1.2664486901340624 1.0 1.0 6
0.0 0.969540370243316 0.0 0.0 7
0.0 1.6266203970465523 0.0 2.0 8
1.0 0.7425277054622376 1.0 0.0 9
0.8157744126614963 1.1842255873385037 0.5 1.5 10
0.9137609475997382 1.0862390524002616 1.0 1.0 11
0.3691802162987555 1.0 1.0 1.0 13
0.2256730839742324 1.2256730839742325 0.0 1.0 15
0.526003938635185 1.473996061364815 1.0 1.0 16
0.9897088255680538 1.010291174431946 1.0 1.0 18
0.5649301292822891 1.4350698707177107 1.0 1.0 19
0.8084325678212346 1.1915674321787655 0.5 1.5 20
1.6384463968076126 1.0 2.0 1.0 21
0.9420104625926512 1.0579895374073487 1.0 1.0 23
0.4760112485451498 1.4760112485451498 0.0 1.0 24
0.3476948534939326 1.3476948534939326 0.0 1.0 25
0.5732342048282553 1.0 1.0 1.0 26
0.0 0.5438614580954467 0.0 0.0 27
0.6187186119970174 1.0 0.0 1.0 28
0.16352532514241258 1.1635253251424125 0.5 1.5 29
0.24224011415327912 1.0 1.0 1.0 30
0.0 0.23093004382306173 0.0 0.0 31
0.5647908950984201 1.43520910490158 1.0 1.0 32
1.0 1.4064101494388248 1.0 2.0 33
0.5905171163445351 1.0 0.0 1.0 34
1.0 1.4113325909849026 1.0 2.0 35
0.2771030112703686 1.0 1.0 1.0 36
0.11673723345091623 1.1167372334509162 0.5 1.5 37
-0.49638998505403176 1.0 -1.0 1.0 38
1.5583557692611216 1.0 2.0 1.0 39
0.0 0.9532572783633271 0.0 0.0 40
-0.07321510377153768 1.0 0.0 1.0 41
0.6775112237668219 1.0 0.0 1.0 42
1.0 0.34323965849539495 1.0 0.0 43
0.0 0.7035109557574356 0.0 1.0 44
0.0 1.0704400873737274 0.0 1.0 45
1.042730365269417 1.0 2.0 1.0 46
0.12682229220583105 1.0 1.0 1.0 47
0.0 0.49326399774709145 0.0 1.0 48
0.0 1.1019504206262805 0.0 1.0 49
-0.20166565315289883 1.0 0.0 1.0 50
1.0 1.0716136706594086 1.0 2.0 51
1.0 1.424543623070596 1.0 1.0 52
1.2619507735323392 1.0 1.0 1.0 53
0.0 1.4448596607281043 0.0 1.0 54
0.0 0.47337136005859526 0.0 1.0 55
0.0 1.5007329437113217 0.0 1.0 56
1.0 1.7035648049345893 1.0 1.0 57
0.0 1.644869996314577 0.0 1.0 58
-0.6352701525469704 1.0 0.0 1.0 59
1.0 0.3398795158003626 1.0 1.0 60
1.6199092046329377 1.0 1.0 1.0 61
0.0 0.23524600557874173 0.0 1.0 62
0.0 1.7823634061797833 0.0 1.0 63
1.0 1.7113984375167166 1.0 1.0 64
0.0 1.8310897665460308 0.0 1.0 65
0.0 0.0 0.0 1.0 66
0.0 2.0 0.0 1.0 67
-1.0 1.0 0.0 1.0 68
1.0 0.0 1.0 1.0 69
1.0 2.0 1.0 1.0 70
2.0 1.0 1.0 1.0 71
*** t = 25
1.0 1.8251210899162627 1.0 2.0 1
0.6123418583452038 1.3876581416547962 1.0 1.0 4
0.0 1.9206033444836552 0.0 2.0 5
0.8358258275916057 1.1641741724083943 1.0 1.0 6
0.0 0.8728518164453787 0.0 0.0 7
0.0 1.7079514168988799 0.0 2.0 8
1.0 0.6089434126166947 1.0 0.0 9
0.6858524551759163 1.3141475448240836 0.5 1.5 10
0.9990697754305954 1.0009302245694045 1.0 1.0 11
0.4452457838709086 1.0 1.0 1.0 13
0.14337121190688157 1.1433712119068815 0.0 1.0 15
0.6337937998023117 1.3662062001976885 1.0 1.0 16
1.0 1.1266025311878705 1.0 2.0 18
0.6444324361865914 1.3555675638134084 1.0 1.0 19
0.7080712556617433 1.2919287443382568 0.5 1.5 20
1.7408492966080884 1.0 2.0 1.0 21
0.9265293254708225 1.0 0.0 1.0 23
0.3939382130357233 1.3939382130357232 0.0 1.0 24
0.2570673916477582 1.2570673916477582 0.0 1.0 25
0.6856080766017021 1.0 1.0 1.0 26
0.0 0.43985156224512156 0.0 0.0 27
0.5200556557110901 1.0 0.0 1.0 28
0.23049702562925567 1.2304970256292556 0.5 1.5 29
0.34576012366605235 1.0 1.0 1.0 30
0.0 0.08350754747498351 0.0 0.0 31
0.6707823681221674 1.3292176318778328 1.0 1.0 32
1.0 1.5236109952253936 1.0 2.0 33
0.47306020937324633 1.0 0.0 1.0 34
1.0 1.5289436402336445 1.0 2.0 35
0.39320328502222024 1.0 1.0 1.0 36
0.19912163491466262 1.1991216349146627 0.5 1.5 37
-0.6460289835594349 1.0 -1.0 1.0 38
1.7141913461872338 1.0 2.0 1.0 39
0.0 0.8369525315148079 0.0 0.0 40
0.029760995809402585 1.0 1.0 1.0 41
0.5305680264075799 1.0 0.0 1.0 42
1.0 0.1591551761059944 1.0 0.0 43
0.0 0.791449825227115 0.0 1.0 44
0.045754901704556664 1.0 1.0 1.0 45
1.1730716609280942 1.0 2.0 1.0 46
0.2877969053780926 1.0 1.0 1.0 47
0.0 0.5754746640382734 0.0 1.0 48
-0.047724509269339466 1.0 -1.0 1.0 49
-0.06860992867838195 1.0 0.0 1.0 50
1.0 1.2502159491026434 1.0 2.0 51
1.0 1.3286342269156952 1.0 1.0 52
1.1389425691210624 1.0 1.0 1.0 53
0.0 1.3338315928737252 0.0 1.0 54
0.0 0.591714200073244 0.0 1.0 55
0.0 1.3759161796391521 0.0 1.0 56
1.0 1.6294560061682366 1.0 1.0 57
0.0 1.526493328419436 0.0 1.0 58
-0.5136935367292939 1.0 0.0 1.0 59
1.0 0.45317268773381675 1.0 1.0 60
1.493212272843917 1.0 1.0 1.0 61
0.0 0.3528690083681126 0.0 1.0 62
0.0 1.673545109269675 0.0 1.0 63
1.0 1.567097656275075 1.0 1.0 64
0.0 1.6621795330920617 0.0 1.0 65
0.0 0.1485885937407089 0.0 1.0 66
0.0 1.8943523791155943 0.0 1.0 67
-0.863815431637374 1.0 0.0 1.0 68
1.0 0.14820988246263 1.0 1.0 69
1.0 1.9167167836210384 1.0 1.0 70
1.9289138123555851 1.0 1.0 1.0 71
0.0 2.0 0.0 1.0 72
*** t = 26
1.0 1.9479524416517524 1.0 2.0 1
0.672316796505738 1.327683203494262 1.0 1.0 4
0.9381003453172739 1.061899654682726 1.0 1.0 6
0.0 0.7761632626474414 0.0 0.0 7
0.0 1.7892824367512075 0.0 2.0 8
1.0 0.47535911977115186 1.0 0.0 9
0.5559304976903363 1.4440695023096637 0.5 1.5 10
1.0 1.1193293651064449 1.0 2.0 11
0.5213113514430616 1.0 1.0 1.0 13
0.06106933983953071 1.0610693398395308 0.0 1.0 15
0.7415836609694383 1.2584163390305618 1.0 1.0 16
1.0 1.2677589808301464 1.0 2.0 18
0.7239347430908938 1.276065256909106 1.0 1.0 19
0.607709943502252 1.392290056497748 0.5 1.5 20
1.8432521964085642 1.0 2.0 1.0 21
0.7710490606644305 1.0 0.0 1.0 23
0.3118651775262968 1.3118651775262966 0.0 1.0 24
0.16643992980158384 1.1664399298015837 0.0 1.0 25
0.7979819483751489 1.0 1.0 1.0 26
0.0 0.3358416663947964 0.0 0.0 27
0.42139269942516283 1.0 0.0 1.0 28
0.29746872611609876 1.2974687261160986 0.5 1.5 29
0.4492801331788256 1.0 1.0 1.0 30
0.7767738411459146 1.2232261588540854 1.0 1.0 32
1.0 1.6408118410119623 1.0 2.0 33
0.3556033024019576 1.0 0.0 1.0 34
1.0 1.6465546894823864 1.0 2.0 35
0.5093035587740719 1.0 1.0 1.0 36
0.281506036378409 1.281506036378409 0.5 1.5 37
-0.7956679820648381 1.0 -1.0 1.0 38
1.870026923113346 1.0 2.0 1.0 39
0.0 0.7206477846662886 0.0 0.0 40
0.13273709539034284 1.0 1.0 1.0 41
0.38362482904833795 1.0 0.0 1.0 42
0.0 0.8793886946967945 0.0 1.0 44
0.16194989078284075 1.0 1.0 1.0 45
1.3034129565867714 1.0 2.0 1.0 46
0.44877151855035413 1.0 1.0 1.0 47
0.0 0.6576853303294553 0.0 1.0 48
-0.1973994391649594 1.0 -1.0 1.0 49
0.045570059226410504 1.0455700592264106 0.5 1.5 50
1.0 1.4288182275458783 1.0 2.0 51
1.0 1.2327248307607945 1.0 1.0 52
1.0159343647097856 1.0 1.0 1.0 53
0.0 1.222803525019346 0.0 1.0 54
0.0 0.7100570400878928 0.0 1.0 55
0.0 1.2510994155669826 0.0 1.0 56
1.0 1.555347207401884 1.0 1.0 57
0.0 1.408116660524295 0.0 1.0 58
-0.39211692091161726 1.0 0.0 1.0 59
1.0 0.5664658596672709 1.0 1.0 60
1.3665153410548962 1.0 1.0 1.0 61
0.0 0.47049201115748346 0.0 1.0 62
0.0 1.5647268123595666 0.0 1.0 63
1.0 1.4227968750334332 1.0 1.0 64
0.0 1.4932692996380925 0.0 1.0 65
0.0 0.2971771874814178 0.0 1.0 66
0.0 1.7887047582311886 0.0 1.0 67
-0.7276308632747479 1.0 0.0 1.0 68
1.0 0.29641976492526 1.0 1.0 69
1.0 1.8334335672420767 1.0 1.0 70
1.8578276247111702 1.0 1.0 1.0 71
0.0 1.8548542631474982 0.0 1.0 72
0.0 0.0 0.0 1.0 73
0.0 2.0 0.0 1.0 74
1.0 2.0 1.0 1.0 75
*** t = 27
0.7322917346662721 1.267708265333728 1.0 1.0 4
1.057098678894285 1.0 2.0 1.0 6
0.0 0.6794747088495041 0.0 0.0 7
0.0 1.870613456603535 0.0 2.0 8
1.0 0.341774826925609 1.0 0.0 9
0.42600854020475637 1.4260085402047564 0.0 1.0 10
1.0 1.2399742664149944 1.0 2.0 11
0.5973769190152146 1.0 1.0 1.0 13
0.0 0.969972664959893 0.0 0.0 15
0.8493735221365649 1.1506264778634352 1.0 1.0 16
1.0 1.4089154304724223 1.0 2.0 18
0.8034370499951962 1.1965629500048038 1.0 1.0 19
0.5073486313427606 1.4926513686572394 0.5 1.5 20
1.94565509620904 1.0 2.0 1.0 21
0.6155687958580385 1.0 0.0 1.0 23
0.22979214201687026 1.22979214201687 0.0 1.0 24
0.07581246795540945 1.0758124679554093 0.0 1.0 25
0.9103558201485957 1.0 1.0 1.0 26
0.0 0.2318317705444712 0.0 0.0 27
0.3227297431392355 1.0 0.0 1.0 28
0.36444042660294185 1.3644404266029417 0.5 1.5 29
0.5528001426915988 1.0 1.0 1.0 30
0.882765314169662 1.1172346858303381 1.0 1.0 32
1.0 1.758012686798531 1.0 2.0 33
0.23814639543066882 1.0 0.0 1.0 34
1.0 1.7641657387311283 1.0 2.0 35
0.6254038325259235 1.0 1.0 1.0 36
0.36389043784215536 1.3638904378421555 0.5 1.5 37
-0.9453069805702413 1.0 -1.0 1.0 38
0.0 0.6043430378177694 0.0 0.0 40
0.23571319497128312 1.0 1.0 1.0 41
0.23668163168909592 1.0 0.0 1.0 42
0.0 0.9673275641664739 0.0 1.0 44
0.27814487986112485 1.0 1.0 1.0 45
1.4337542522454485 1.0 2.0 1.0 46
0.6097461317226157 1.0 1.0 1.0 47
0.0 0.7398959966206372 0.0 1.0 48
-0.3470743690605793 1.0 -1.0 1.0 49
0.13965466427803028 1.1396546642780303 0.5 1.5 50
1.0 1.6074205059891131 1.0 2.0 51
1.0 1.1368154346058938 1.0 1.0 52
0.8929261602985088 1.0 0.0 1.0 53
0.0 1.111775457164967 0.0 1.0 54
0.0 0.8283998801025416 0.0 1.0 55
0.0 1.126282651494813 0.0 1.0 56
1.0 1.4812384086355312 1.0 1.0 57
0.0 1.289739992629154 0.0 1.0 58
-0.27054030509394067 1.0 0.0 1.0 59
1.0 0.6797590316007251 1.0 1.0 60
1.2398184092658755 1.0 1.0 1.0 61
0.0 0.5881150139468543 0.0 1.0 62
0.0 1.4559085154494582 0.0 1.0 63
1.0 1.2784960937917915 1.0 1.0 64
0.0 1.3243590661841234 0.0 1.0 65
0.0 0.44576578122212673 0.0 1.0 66
0.0 1.6830571373467829 0.0 1.0 67
-0.5914462949121219 1.0 0.0 1.0 68
1.0 0.44462964738789 1.0 1.0 69
1.0 1.750150350863115 1.0 1.0 70
1.7867414370667554 1.0 1.0 1.0 71
0.0 1.7097085262949965 0.0 1.0 72
0.0 0.10949502201220797 0.0 1.0 73
0.0 1.8598296685405291 0.0 1.0 74
1.0 1.879520362312128 1.0 1.0 75
0.0 2.0 0.0 1.0 76
-1.0 1.0 0.0 1.0 77
1.0 0.0 1.0 1.0 78
2.0 1.0 1.0 1.0 79
*** t = 28
0.7922666728268062 1.2077333271731938 1.0 1.0 4
1.2017366889470926 1.0 2.0 1.0 6
0.0 0.5827861550515668 0.0 0.0 7
0.0 1.9519444764558627 0.0 2.0 8
1.0 0.20819053408006613 1.0 0.0 9
0.2960865827191764 1.2960865827191765 0.0 1.0 10
1.0 1.360619167723544 1.0 2.0 11
0.6734424865873676 1.0 1.0 1.0 13
0.0 0.85358024127355 0.0 0.0 15
0.9571633833036916 1.0428366166963086 1.0 1.0 16
1.0 1.5500718801146982 1.0 2.0 18
0.8829393568994984 1.1170606431005015 1.0 1.0 19
0.40698731918326936 1.4069873191832694 0.0 1.0 20
0.46008853105164643 1.0 0.0 1.0 23
0.14771910650744374 1.1477191065074437 0.0 1.0 24
0.020951565286794357 1.0 1.0 1.0 25
1.0 1.0227296919220425 1.0 2.0 26
0.0 0.12782187469414602 0.0 0.0 27
0.22406678685330822 1.0 0.0 1.0 28
0.43141212708978494 1.4314121270897848 0.5 1.5 29
0.656320152204372 1.0 1.0 1.0 30
0.9887567871934092 1.0112432128065907 1.0 1.0 32
1.0 1.8752135325850998 1.0 2.0 33
0.12068948845938005 1.0 0.0 1.0 34
1.0 1.8817767879798701 1.0 2.0 35
0.7415041062777751 1.0 1.0 1.0 36
0.4462748393059018 1.4462748393059017 0.5 1.5 37
0.0 0.4880382909692502 0.0 0.0 40
0.3386892945522234 1.0 1.0 1.0 41
0.0897384343298539 1.0 0.0 1.0 42
0.055266433636153384 1.0 1.0 1.0 44
0.3943398689394089 1.0 1.0 1.0 45
1.5640955479041256 1.0 2.0 1.0 46
0.7707207448948773 1.0 1.0 1.0 47
0.0 0.8221066629118191 0.0 1.0 48
-0.49674929895619924 1.0 -1.0 1.0 49
0.23373926932965006 1.23373926932965 0.5 1.5 50
1.0 1.786022784432348 1.0 2.0 51
1.0 1.0409060384509932 1.0 1.0 52
0.769917955887232 1.0 0.0 1.0 53
0.0 1.0007473893105878 0.0 1.0 54
0.0 0.9467427201171904 0.0 1.0 55
0.0 1.0014658874226434 0.0 1.0 56
1.0 1.4071296098691786 1.0 1.0 57
0.0 1.171363324734013 0.0 1.0 58
-0.14896368927626408 1.0 0.0 1.0 59
1.0 0.7930522035341794 1.0 1.0 60
1.1131214774768547 1.0 1.0 1.0 61
0.0 0.7057380167362252 0.0 1.0 62
0.0 1.3470902185393498 0.0 1.0 63
1.0 1.1341953125501498 1.0 1.0 64
0.0 1.1554488327301542 0.0 1.0 65
0.0 0.5943543749628356 0.0 1.0 66
0.0 1.5774095164623771 0.0 1.0 67
-0.4552617265494958 1.0 0.0 1.0 68
1.0 0.59283952985052 1.0 1.0 69
1.0 1.6668671344841535 1.0 1.0 70
1.7156552494223405 1.0 1.0 1.0 71
0.0 1.5645627894424947 0.0 1.0 72
0.0 0.21899004402441594 0.0 1.0 73
0.0 1.7196593370810582 0.0 1.0 74
1.0 1.7590407246242559 1.0 1.0 75
0.0 1.8667221194673034 0.0 1.0 76
-0.8457865467947137 1.0 0.0 1.0 77
1.0 0.14221139991617116 1.0 1.0 78
1.913259133364517 1.0 1.0 1.0 79
0.0 0.0 0.0 1.0 80
0.0 2.0 0.0 1.0 81
1.0 2.0 1.0 1.0 82
*** t = 29
0.8522416109873403 1.1477583890126597 1.0 1.0 4
1.3463746989999001 1.0 2.0 1.0 6
0.0 0.48609760125362955 0.0 0.0 7
1.0 0.07460624123452325 1.0 0.0 9
0.16616462523359649 1.1661646252335967 0.0 1.0 10
1.0 1.4812640690320935 1.0 2.0 11
0.7495080541595206 1.0 1.0 1.0 13
0.0 0.7371878175872071 0.0 0.0 15
1.0 1.0918577592507663 1.0 2.0 16
1.0 1.6912283297569741 1.0 2.0 18
0.9624416638038007 1.0375583361961993 1.0 1.0 19
0.30662600702377807 1.306626007023778 0.0 1.0 20
0.3046082662452544 1.0 0.0 1.0 23
0.06564607099801723 1.0656460709980171 0.0 1.0 24
0.14911815095310432 1.0 1.0 1.0 25
1.0 1.1351035636954894 1.0 2.0 26
0.0 0.02381197884382083 0.0 0.0 27
0.12540383056738091 1.0 0.0 1.0 28
0.498383827576628 1.498383827576628 0.5 1.5 29
0.7598401617171453 1.0 1.0 1.0 30
1.133994274610358 1.0 2.0 1.0 32
1.0 1.9924143783716686 1.0 2.0 33
0.003232581488091274 1.0 0.0 1.0 34
1.0 1.999387837228612 1.0 2.0 35
0.8576043800296267 1.0 1.0 1.0 36
0.5286592407696481 1.4713407592303518 1.0 1.0 37
0.0 0.371733544120731 0.0 0.0 40
0.4416653941331637 1.0 1.0 1.0 41
0.0 0.9427952369706118 0.0 0.0 42
0.14320530310583285 1.0 1.0 1.0 44
0.510534858017693 1.0 1.0 1.0 45
1.6944368435628028 1.0 2.0 1.0 46
0.9316953580671389 1.0 1.0 1.0 47
0.0 0.904317329203001 0.0 1.0 48
-0.6464242288518192 1.0 -1.0 1.0 49
0.3278238743812698 1.3278238743812698 0.5 1.5 50
1.0 1.9646250628755828 1.0 2.0 51
1.0550033577039075 1.0 2.0 1.0 52
0.6469097514759552 1.0 0.0 1.0 53
-0.11028067854379127 1.0 -1.0 1.0 54
0.0 1.0650855601318392 0.0 2.0 55
-0.12335087664952617 1.0 -1.0 1.0 56
1.0 1.3330208111028259 1.0 1.0 57
0.0 1.052986656838872 0.0 1.0 58
-0.027387073458587485 1.0 0.0 1.0 59
1.0 0.9063453754676336 1.0 1.0 60
0.9904007041981793 1.0095992958018207 0.5 1.5 61
0.0 0.823361019525596 0.0 1.0 62
0.0 1.2382719216292415 0.0 1.0 63
1.0 0.9898945313085081 1.0 0.0 64
0.013461400723814937 1.0 1.0 1.0 65
0.0 0.7429429687035445 0.0 1.0 66
0.0 1.4717618955779714 0.0 1.0 67
-0.31907715818686977 1.0 0.0 1.0 68
1.0 0.74104941231315 1.0 1.0 69
1.0 1.5835839181051918 1.0 1.0 70
1.6445690617779256 1.0 1.0 1.0 71
0.0 1.419417052589993 0.0 1.0 72
0.0 0.3284850660366239 0.0 1.0 73
0.0 1.5794890056215873 0.0 1.0 74
1.0 1.6385610869363838 1.0 1.0 75
0.0 1.7334442389346068 0.0 1.0 76
-0.6915730935894273 1.0 0.0 1.0 77
1.0 0.2844227998323423 1.0 1.0 78
1.826518266729034 1.0 1.0 1.0 79
0.0 0.1698706526024265 0.0 1.0 80
0.0 1.822988853898303 0.0 1.0 81
1.0 1.8561395259388438 1.0 1.0 82
0.0 2.0 0.0 1.0 83
*** t = 30
0.9122165491478744 1.0877834508521256 1.0 1.0 4
1.4910127090527077 1.0 2.0 1.0 6
0.0 0.38940904745569227 0.0 0.0 7
0.03624266774801657 1.0362426677480165 0.0 1.0 10
1.0 1.601908970340643 1.0 2.0 11
0.8255736217316736 1.0 1.0 1.0 13
0.0 0.6207953939008641 0.0 0.0 15
1.0 1.24429564279963 1.0 2.0 16
1.0 1.83238477939925 1.0 2.0 18
1.059317732235179 1.0 2.0 1.0 19
0.20626469486428675 1.2062646948642868 0.0 1.0 20
0.14912800143886235 1.0 0.0 1.0 23
0.023231236000656616 1.0 1.0 1.0 24
0.27728473661941433 1.0 1.0 1.0 25
1.0 1.2474774354689362 1.0 2.0 26
0.026740874281453622 1.0 0.0 1.0 28
0.5653555280634711 1.434644471936529 1.0 1.0 29
0.8633601712299186 1.0 1.0 1.0 30
1.2838888532564434 1.0 2.0 1.0 32
0.0 1.1142243254831974 0.0 2.0 34
0.9737046537814783 1.0 1.0 1.0 36
0.6110436422333945 1.3889563577666055 1.0 1.0 37
0.0 0.2554287972722118 0.0 0.0 40
0.544641493714104 1.0 1.0 1.0 41
0.0 0.7958520396113699 0.0 0.0 42
0.2311441725755123 1.0 1.0 1.0 44
0.6267298470959771 1.0 1.0 1.0 45
1.82477813922148 1.0 2.0 1.0 46
1.0926699712394004 1.0 2.0 1.0 47
0.0 0.9865279954941829 0.0 1.0 48
-0.7960991587474391 1.0 -1.0 1.0 49
0.42190847943288956 1.4219084794328896 0.5 1.5 50
1.1509127538588082 1.0 2.0 1.0 52
0.5239015470646784 1.0 0.0 1.0 53
-0.22130874639817036 1.0 -1.0 1.0 54
0.0 1.183428400146488 0.0 2.0 55
-0.24816764072169575 1.0 -1.0 1.0 56
1.0 1.2589120123364732 1.0 1.0 57
0.06539001105626902 1.0 1.0 1.0 58
0.0 0.905810457640911 0.0 0.0 59
0.9861134499600374 1.0138865500399625 0.5 1.5 60
0.9008124445746333 1.0991875554253667 0.5 1.5 61
0.0 0.9409840223149669 0.0 1.0 62
0.0 1.1294536247191331 0.0 1.0 63
1.0 0.8455937500668664 1.0 0.0 64
0.18237163417778407 1.0 1.0 1.0 65
0.0 0.8915315624442534 0.0 1.0 66
0.0 1.3661142746935657 0.0 1.0 67
-0.1828925898242437 1.0 0.0 1.0 68
1.0 0.88925929477578 1.0 1.0 69
1.0 1.5003007017262302 1.0 1.0 70
1.5734828741335107 1.0 1.0 1.0 71
0.0 1.2742713157374912 0.0 1.0 72
0.0 0.4379800880488319 0.0 1.0 73
0.0 1.4393186741621165 0.0 1.0 74
1.0 1.5180814492485117 1.0 1.0 75
0.0 1.6001663584019101 0.0 1.0 76
-0.537359640384141 1.0 0.0 1.0 77
1.0 0.42663419974851347 1.0 1.0 78
1.739777400093551 1.0 1.0 1.0 79
0.0 0.339741305204853 0.0 1.0 80
0.0 1.645977707796606 0.0 1.0 81
1.0 1.7122790518776876 1.0 1.0 82
0.0 1.9116816647931376 0.0 1.0 83
0.0 0.0 0.0 1.0 84
0.0 2.0 0.0 1.0 85
-1.0 1.0 0.0 1.0 86
1.0 0.0 1.0 1.0 87
1.0 2.0 1.0 1.0 88
2.0 1.0 1.0 1.0 89
*** t = 31
0.9721914873084085 1.0278085126915915 1.0 1.0 4
1.6356507191055152 1.0 2.0 1.0 6
0.0 0.292720493657755 0.0 0.0 7
0.0 1.132482522060341 0.0 2.0 10
1.0 1.7225538716491926 1.0 2.0 11
0.9016391893038266 1.0 1.0 1.0 13
0.0 0.5044029702145212 0.0 0.0 15
1.0 1.3967335263484935 1.0 2.0 16
1.0 1.973541229041526 1.0 2.0 18
1.1717509728991915 1.0 2.0 1.0 19
0.10590338270479546 1.1059033827047955 0.0 1.0 20
0.0 0.9936477366324703 0.0 0.0 23
0.13930003592321621 1.0 1.0 1.0 24
0.40545132228572434 1.0 1.0 1.0 25
1.0 1.359851307242383 1.0 2.0 26
0.0 1.0719220820044737 0.0 2.0 28
0.6323272285503142 1.367672771449686 1.0 1.0 29
0.9668801807426919 1.0 1.0 1.0 30
1.4337834319025289 1.0 2.0 1.0 32
0.0 1.2316812324544861 0.0 2.0 34
1.0 1.08980492753333 1.0 2.0 36
0.6934280436971408 1.306571956302859 1.0 1.0 37
0.0 0.13912405042369258 0.0 0.0 40
0.6476175932950442 1.0 1.0 1.0 41
0.0 0.6489088422521279 0.0 0.0 42
0.3190830420451918 1.0 1.0 1.0 44
0.7429248361742612 1.0 1.0 1.0 45
1.955119434880157 1.0 2.0 1.0 46
1.253644584411662 1.0 2.0 1.0 47
-0.06873866178536482 1.0 -1.0 1.0 48
-0.945774088643059 1.0 -1.0 1.0 49
0.5159930844845093 1.4840069155154907 1.0 1.0 50
1.2468221500137089 1.0 2.0 1.0 52
0.4008933426534016 1.0 0.0 1.0 53
-0.33233681425254946 1.0 -1.0 1.0 54
0.0 1.301771240161137 0.0 2.0 55
-0.37298440479386535 1.0 -1.0 1.0 56
1.0 1.1848032135701205 1.0 1.0 57
0.18376667895140997 1.0 1.0 1.0 58
0.0 0.7842338418232344 0.0 0.0 59
0.9060030798237585 1.0939969201762414 0.5 1.5 60
0.8112241849510872 1.1887758150489127 0.5 1.5 61
-0.05860702510433778 1.0 -1.0 1.0 62
0.0 1.0206353278090248 0.0 1.0 63
1.0 0.7012929688252247 1.0 0.0 64
0.3512818676317532 1.0 1.0 1.0 65
0.028369234500650216 1.0283692345006503 0.5 1.5 66
0.0 1.26046665380916 0.0 1.0 67
-0.04670802146161762 1.0 0.0 1.0 68
0.9735052906892396 1.0264947093107604 0.5 1.5 69
1.0 1.4170174853472686 1.0 1.0 70
1.5023966864890959 1.0 1.0 1.0 71
0.0 1.1291255788849894 0.0 1.0 72
0.0 0.5474751100610399 0.0 1.0 73
0.0 1.2991483427026456 0.0 1.0 74
1.0 1.3976018115606397 1.0 1.0 75
0.0 1.4668884778692135 0.0 1.0 76
-0.3831461871788546 1.0 0.0 1.0 77
1.0 0.5688455996646846 1.0 1.0 78
1.6530365334580681 1.0 1.0 1.0 79
0.0 0.5096119578072795 0.0 1.0 80
0.0 1.468966561694909 0.0 1.0 81
1.0 1.5684185778165314 1.0 1.0 82
0.0 1.8233633295862752 0.0 1.0 83
0.0 0.13364569509572305 0.0 1.0 84
0.0 1.856169317954718 0.0 1.0 85
-0.8561396518871169 1.0 0.0 1.0 86
1.0 0.0978025515356966 1.0 1.0 87
1.0 1.891465845590906 1.0 1.0 88
1.852702621675435 1.0 1.0 1.0 89
0.0 2.0 0.0 1.0 90
*** t = 32
1.0 1.045490195151242 1.0 2.0 4
1.7802887291583227 1.0 2.0 1.0 6
0.0 0.1960319398598177 0.0 0.0 7
0.0 1.3162199163865087 0.0 2.0 10
1.0 1.8431987729577421 1.0 2.0 11
0.9777047568759796 1.0 1.0 1.0 13
0.0 0.38801054652817824 0.0 0.0 15
1.0 1.549171409897357 1.0 2.0 16
1.284184213563204 1.0 2.0 1.0 19
0.005542070545304173 1.0055420705453042 0.0 1.0 20
0.0 0.8381674718260783 0.0 0.0 23
0.2553688358457758 1.0 1.0 1.0 24
0.5336179079520343 1.0 1.0 1.0 25
1.0 1.4722251790158298 1.0 2.0 26
0.0 1.170585038290401 0.0 2.0 28
0.6992989290371573 1.3007010709628428 1.0 1.0 29
1.0 1.0704001902554652 1.0 2.0 30
1.5836780105486143 1.0 2.0 1.0 32
0.0 1.3491381394257749 0.0 2.0 34
1.0 1.2059052012851814 1.0 2.0 36
0.7758124451608872 1.2241875548391126 1.0 1.0 37
0.0 0.02281930357517338 0.0 0.0 40
0.7505936928759844 1.0 1.0 1.0 41
0.0 0.5019656448928859 0.0 0.0 42
0.4070219115148712 1.0 1.0 1.0 44
0.8591198252525453 1.0 1.0 1.0 45
1.4146191975839235 1.0 2.0 1.0 47
-0.15094932807654673 1.0 -1.0 1.0 48
0.6100776895361291 1.389922310463871 1.0 1.0 50
1.3427315461686096 1.0 2.0 1.0 52
0.2778851382421248 1.0 0.0 1.0 53
-0.44336488210692854 1.0 -1.0 1.0 54
0.0 1.4201140801757859 0.0 2.0 55
-0.4978011688660349 1.0 -1.0 1.0 56
1.0 1.1106944148037678 1.0 1.0 57
0.3021433468465509 1.0 1.0 1.0 58
0.0 0.6626572260055579 0.0 0.0 59
0.8258927096874796 1.1741072903125203 0.5 1.5 60
0.7216359253275412 1.2783640746724587 0.5 1.5 61
-0.17623002789370865 1.0 -1.0 1.0 62
0.06235477543653993 1.0623547754365399 0.5 1.5 63
1.0 0.556992187583583 1.0 0.0 64
0.5201921010857223 1.0 1.0 1.0 65
0.13343723674167848 1.1334372367416785 0.5 1.5 66
0.0 1.1548190329247543 0.0 1.0 67
0.0 0.9105234530989915 0.0 0.0 68
0.8687050777610528 1.1312949222389472 0.5 1.5 69
1.0 1.333734268968307 1.0 1.0 70
1.431310498844681 1.0 1.0 1.0 71
0.011327962334507644 1.0113279623345077 0.5 1.5 72
0.0 0.6569701320732478 0.0 1.0 73
0.0 1.1589780112431747 0.0 1.0 74
1.0 1.2771221738727676 1.0 1.0 75
0.0 1.3336105973365169 0.0 1.0 76
-0.22893273397356825 1.0 0.0 1.0 77
1.0 0.7110569995808558 1.0 1.0 78
1.5662956668225851 1.0 1.0 1.0 79
0.0 0.679482610409706 0.0 1.0 80
0.0 1.291955415593212 0.0 1.0 81
1.0 1.4245581037553752 1.0 1.0 82
0.0 1.7350449943794128 0.0 1.0 83
0.0 0.2672913901914461 0.0 1.0 84
0.0 1.7123386359094361 0.0 1.0 85
-0.7122793037742339 1.0 0.0 1.0 86
1.0 0.1956051030713932 1.0 1.0 87
1.0 1.7829316911818118 1.0 1.0 88
1.70540524335087 1.0 1.0 1.0 89
0.0 1.824659899276647 0.0 1.0 90
0.0 0.0 0.0 1.0 91
0.0 2.0 0.0 1.0 92
1.0 2.0 1.0 1.0 93
*** t = 33
1.0 1.1303075661003572 1.0 2.0 4
1.9249267392111302 1.0 2.0 1.0 6
0.0 0.09934338606188041 0.0 0.0 7
0.0 1.4999573107126765 0.0 2.0 10
1.0 1.9638436742662917 1.0 2.0 11
1.0537703244481327 1.0 2.0 1.0 13
0.0 0.2716181228418353 0.0 0.0 15
1.0 1.7016092934462206 1.0 2.0 16
1.3966174542272165 1.0 2.0 1.0 19
0.0 1.1340946574647148 0.0 2.0 20
0.0 0.6826872070196863 0.0 0.0 23
0.3714376357683354 1.0 1.0 1.0 24
0.6617844936183443 1.0 1.0 1.0 25
1.0 1.5845990507892767 1.0 2.0 26
0.0 1.2692479945763284 0.0 2.0 28
0.7662706295240004 1.2337293704759997 1.0 1.0 29
1.0 1.1739201997682385 1.0 2.0 30
1.7335725891946998 1.0 2.0 1.0 32
0.0 1.4665950463970636 0.0 2.0 34
1.0 1.3220054750370331 1.0 2.0 36
0.8581968466246337 1.1418031533753663 1.0 1.0 37
0.8535697924569247 1.0 1.0 1.0 41
0.0 0.35502244753364387 0.0 0.0 42
0.49496078098455065 1.0 1.0 1.0 44
0.9753148143308293 1.0 1.0 1.0 45
1.575593810756185 1.0 2.0 1.0 47
-0.23315999436772866 1.0 -1.0 1.0 48
0.7041622945877488 1.2958377054122512 1.0 1.0 50
1.4386409423235103 1.0 2.0 1.0 52
0.154876933830848 1.0 0.0 1.0 53
-0.5543929499613076 1.0 -1.0 1.0 54
0.0 1.5384569201904348 0.0 2.0 55
-0.6226179329382046 1.0 -1.0 1.0 56
1.0 1.0365856160374152 1.0 1.0 57
0.42052001474169187 1.0 1.0 1.0 58
0.0 0.5410806101878813 0.0 0.0 59
0.7457823395512008 1.2542176604487991 0.5 1.5 60
0.6320476657039952 1.3679523342960047 0.5 1.5 61
-0.2938530306830795 1.0 -1.0 1.0 62
0.1393009310988486 1.1393009310988487 0.5 1.5 63
1.0 0.4126914063419413 1.0 0.0 64
0.6891023345396915 1.0 1.0 1.0 65
0.23850523898270676 1.2385052389827067 0.5 1.5 66
0.0 1.0491714120403486 0.0 1.0 67
0.0 0.7743388847363655 0.0 0.0 68
0.7639048648328659 1.236095135167134 0.5 1.5 69
1.0 1.2504510525893453 1.0 1.0 70
1.360224311200266 1.0 1.0 1.0 71
0.1139614971232298 1.11396149712323 0.5 1.5 72
0.0 0.7664651540854558 0.0 1.0 73
0.0 1.0188076797837038 0.0 1.0 74
1.0 1.1566425361848955 1.0 1.0 75
0.0 1.2003327168038203 0.0 1.0 76
-0.07471928076828188 1.0 0.0 1.0 77
1.0 0.8532683994970269 1.0 1.0 78
1.4795548001871022 1.0 1.0 1.0 79
0.0 0.8493532630121325 0.0 1.0 80
0.0 1.114944269491515 0.0 1.0 81
1.0 1.280697629694219 1.0 1.0 82
0.0 1.6467266591725505 0.0 1.0 83
0.0 0.40093708528716915 0.0 1.0 84
0.0 1.5685079538641542 0.0 1.0 85
-0.5684189556613508 1.0 0.0 1.0 86
1.0 0.2934076546070898 1.0 1.0 87
1.0 1.6743975367727177 1.0 1.0 88
1.558107865026305 1.0 1.0 1.0 89
0.0 1.649319798553294 0.0 1.0 90
0.0 0.10423820576254827 0.0 1.0 91
0.0 1.894120541817234 0.0 1.0 92
1.0 1.906185651664985 1.0 1.0 93
0.0 2.0 0.0 1.0 94
-1.0 1.0 0.0 1.0 95
1.0 0.0 1.0 1.0 96
2.0 1.0 1.0 1.0 97
*** t = 34
1.0 1.2151249370494723 1.0 2.0 4
0.0 0.0026548322639431132 0.0 0.0 7
0.0 1.6836947050388442 0.0 2.0 10
1.1298358920202858 1.0 2.0 1.0 13
0.0 0.15522569915549234 0.0 0.0 15
1.0 1.8540471769950841 1.0 2.0 16
1.509050694891229 1.0 2.0 1.0 19
0.0 1.2760269862582272 0.0 2.0 20
0.0 0.5272069422132943 0.0 0.0 23
0.48750643569089497 1.0 1.0 1.0 24
0.7899510792846544 1.0 1.0 1.0 25
1.0 1.6969729225627235 1.0 2.0 26
0.0 1.3679109508622558 0.0 2.0 28
0.8332423300108435 1.1667576699891566 1.0 1.0 29
1.0 1.2774402092810118 1.0 2.0 30
1.8834671678407853 1.0 2.0 1.0 32
0.0 1.5840519533683524 0.0 2.0 34
1.0 1.4381057487888849 1.0 2.0 36
0.9405812480883801 1.05941875191162 1.0 1.0 37
0.9565458920378649 1.0 1.0 1.0 41
0.0 0.20807925017440185 0.0 0.0 42
0.5828996504542301 1.0 1.0 1.0 44
0.9352927974643681 1.064707202535632 0.5 1.5 45
1.7365684239284467 1.0 2.0 1.0 47
-0.31537066065891056 1.0 -1.0 1.0 48
0.7982468996393686 1.2017531003606314 1.0 1.0 50
1.534550338478411 1.0 2.0 1.0 52
0.031868729419571196 1.0 0.0 1.0 53
-0.6654210178156867 1.0 -1.0 1.0 54
0.0 1.6567997602050837 0.0 2.0 55
-0.7474346970103741 1.0 -1.0 1.0 56
1.0375231827289375 1.0 2.0 1.0 57
0.5388966826368329 1.0 1.0 1.0 58
0.0 0.41950399437020475 0.0 0.0 59
0.6656719694149219 1.334328030585078 0.5 1.5 60
0.5424594060804492 1.4575405939195507 0.5 1.5 61
-0.4114760334724504 1.0 -1.0 1.0 62
0.2162470867611573 1.2162470867611574 0.5 1.5 63
1.0 0.26839062510029954 1.0 0.0 64
0.8580125679936607 1.0 1.0 1.0 65
0.343573241223735 1.343573241223735 0.5 1.5 66
0.0 0.9435237911559429 0.0 0.0 67
0.0 0.6381543163737394 0.0 0.0 68
0.659104651904679 1.340895348095321 0.5 1.5 69
1.0 1.1671678362103837 1.0 1.0 70
1.2891381235558512 1.0 1.0 1.0 71
0.21659503191195195 1.216595031911952 0.5 1.5 72
0.0 0.8759601760976637 0.0 1.0 73
0.0 0.8786373483242329 0.0 0.0 74
1.0 1.0361628984970235 1.0 1.0 75
0.0 1.0670548362711236 0.0 1.0 76
0.056210868395018605 1.0562108683950187 0.5 1.5 77
1.0 0.9954797994131981 1.0 1.0 78
1.3928139335516192 1.0 1.0 1.0 79
-0.01922391561455905 1.0 -1.0 1.0 80
0.043887909338128334 1.0438879093381284 0.5 1.5 81
1.0 1.1368371556330628 1.0 1.0 82
0.0 1.558408323965688 0.0 1.0 83
0.0 0.5345827803828922 0.0 1.0 84
0.0 1.4246772718188723 0.0 1.0 85
-0.4245586075484677 1.0 0.0 1.0 86
1.0 0.3912102061427864 1.0 1.0 87
1.0 1.5658633823636237 1.0 1.0 88
1.41081048670174 1.0 1.0 1.0 89
0.0 1.4739796978299409 0.0 1.0 90
0.0 0.20847641152509655 0.0 1.0 91
0.0 1.788241083634468 0.0 1.0 92
1.0 1.8123713033299702 1.0 1.0 93
0.0 1.84467576683616 0.0 1.0 94
-0.8569371351149517 1.0 0.0 1.0 95
1.0 0.16535632174998952 1.0 1.0 96
1.8451334803532689 1.0 1.0 1.0 97
0.0 0.0 0.0 1.0 98
0.0 2.0 0.0 1.0 99
1.0 2.0 1.0 1.0 100
*** t = 35
1.0 1.2999423079985875 1.0 2.0 4
0.0 1.867432099365012 0.0 2.0 10
1.2059014595924389 1.0 2.0 1.0 13
0.0 0.03883327546914937 0.0 0.0 15
1.6214839355552415 1.0 2.0 1.0 19
0.0 1.4179593150517396 0.0 2.0 20
0.0 0.3717266774069023 0.0 0.0 23
0.6035752356134545 1.0 1.0 1.0 24
0.9181176649509644 1.0 1.0 1.0 25
1.0 1.8093467943361703 1.0 2.0 26
0.0 1.4665739071481831 0.0 2.0 28
0.9002140304976866 1.0997859695023136 1.0 1.0 29
1.0 1.380960218793785 1.0 2.0 30
0.0 1.701508860339641 0.0 2.0 34
1.0 1.5542060225407366 1.0 2.0 36
0.9675216669346752 1.0 0.0 1.0 37
1.0 0.9404780083811949 1.0 0.0 41
0.0 0.061136052815159825 0.0 0.0 42
0.6708385199239095 1.0 1.0 1.0 44
0.8531305327472166 1.1468694672527835 0.5 1.5 45
1.8975430371007083 1.0 2.0 1.0 47
-0.39758132695009246 1.0 -1.0 1.0 48
0.8923315046909883 1.1076684953090117 1.0 1.0 50
1.6304597346333116 1.0 2.0 1.0 52
0.0 0.9088605250082944 0.0 0.0 53
-0.7764490856700659 1.0 -1.0 1.0 54
0.0 1.7751426002197326 0.0 2.0 55
-0.8722514610825437 1.0 -1.0 1.0 56
1.1116319814952902 1.0 2.0 1.0 57
0.6572733505319739 1.0 1.0 1.0 58
0.0 0.29792737855252815 0.0 0.0 59
0.585561599278643 1.4144384007213568 0.5 1.5 60
0.4528711464569032 1.452871146456903 0.0 1.0 61
-0.5290990362618212 1.0 -1.0 1.0 62
0.293193242423466 1.2931932424234662 0.5 1.5 63
1.0 0.12408984385865779 1.0 0.0 64
1.0269228014476297 1.0 2.0 1.0 65
0.4486412434647632 1.448641243464763 0.5 1.5 66
0.0 0.8378761702715372 0.0 0.0 67
0.0 0.5019697480111134 0.0 0.0 68
0.5543044389764922 1.4456955610235078 0.5 1.5 69
1.0 1.083884619831422 1.0 1.0 70
1.2180519359114363 1.0 1.0 1.0 71
0.3192285667006741 1.3192285667006742 0.5 1.5 72
0.0 0.9854551981098717 0.0 1.0 73
0.0 0.738467016864762 0.0 0.0 74
0.9156832608091515 1.0 0.0 1.0 75
-0.066223044261573 1.0 -1.0 1.0 76
0.16525624690667093 1.165256246906671 0.5 1.5 77
1.1376911993293692 1.0 2.0 1.0 78
1.3060730669161362 1.0 1.0 1.0 79
-0.18909456821698556 1.0 -1.0 1.0 80
0.16905369109224094 1.1690536910922409 0.5 1.5 81
0.9929766815719067 1.0 0.0 1.0 82
0.0 1.4700899887588257 0.0 1.0 83
0.0 0.6682284754786152 0.0 1.0 84
0.0 1.2808465897735903 0.0 1.0 85
-0.2806982594355846 1.0 0.0 1.0 86
1.0 0.489012757678483 1.0 1.0 87
1.0 1.4573292279545296 1.0 1.0 88
1.263513108377175 1.0 1.0 1.0 89
0.0 1.2986395971065878 0.0 1.0 90
0.0 0.3127146172876448 0.0 1.0 91
0.0 1.682361625451702 0.0 1.0 92
1.0 1.7185569549949553 1.0 1.0 93
0.0 1.68935153367232 0.0 1.0 94
-0.7138742702299035 1.0 0.0 1.0 95
1.0 0.33071264349997903 1.0 1.0 96
1.6902669607065377 1.0 1.0 1.0 97
0.0 0.13391998876559674 0.0 1.0 98
0.0 1.8777642777286034 0.0 1.0 99
1.0 1.8376064321868244 1.0 1.0 100
0.0 2.0 0.0 1.0 101
*** t = 36
1.0 1.3847596789477026 1.0 2.0 4
1.281967027164592 1.0 2.0 1.0 13
1.733917176219254 1.0 2.0 1.0 19
0.0 1.559891643845252 0.0 2.0 20
0.0 0.21624641260051025 0.0 0.0 23
0.7196440355360141 1.0 1.0 1.0 24
0.9672720925263877 1.0327279074736124 0.5 1.5 25
1.0 1.9217206661096171 1.0 2.0 26
0.0 1.5652368634341105 0.0 2.0 28
0.9671857309845296 1.0328142690154705 1.0 1.0 29
1.0 1.4844802283065583 1.0 2.0 30
0.0 1.8189657673109298 0.0 2.0 34
1.0 1.6703062962925883 1.0 2.0 36
0.8510125290566553 1.0 0.0 1.0 37
1.0 0.8375019088002547 1.0 0.0 41
0.758777389393589 1.0 1.0 1.0 44
0.7709682680300651 1.229031731969935 0.5 1.5 45
-0.47979199324127436 1.0 -1.0 1.0 48
0.9864161097426081 1.013583890257392 1.0 1.0 50
1.7263691307882123 1.0 2.0 1.0 52
0.0 0.7858523205970176 0.0 0.0 53
-0.887477153524445 1.0 -1.0 1.0 54
0.0 1.8934854402343815 0.0 2.0 55
-0.9970682251547133 1.0 -1.0 1.0 56
1.1857407802616429 1.0 2.0 1.0 57
0.7756500184271149 1.0 1.0 1.0 58
0.0 0.17635076273485156 0.0 0.0 59
0.5054512291423642 1.4945487708576357 0.5 1.5 60
0.36328288683335713 1.363282886833357 0.0 1.0 61
-0.6467220390511921 1.0 -1.0 1.0 62
0.3701393980857748 1.370139398085775 0.5 1.5 63
1.1958330349015989 1.0 2.0 1.0 65
0.5537092457057914 1.4462907542942085 1.0 1.0 66
0.0 0.7322285493871314 0.0 0.0 67
0.0 0.36578517964848734 0.0 0.0 68
0.4495042260483053 1.4495042260483053 0.0 1.0 69
1.0 1.0006014034524604 1.0 1.0 70
1.1469657482670215 1.0 1.0 1.0 71
0.4218621014893963 1.4218621014893964 0.5 1.5 72
-0.09495022012207967 1.0 -1.0 1.0 73
0.0 0.5982966854052911 0.0 0.0 74
0.7952036231212796 1.0 0.0 1.0 75
-0.19950092479426962 1.0 -1.0 1.0 76
0.27430162541832326 1.2743016254183233 0.5 1.5 77
1.2799025992455404 1.0 2.0 1.0 78
1.2193322002806533 1.0 1.0 1.0 79
-0.35896522081941207 1.0 -1.0 1.0 80
0.2942194728463535 1.2942194728463534 0.5 1.5 81
0.8491162075107506 1.0 0.0 1.0 82
0.0 1.3817716535519633 0.0 1.0 83
0.0 0.8018741705743382 0.0 1.0 84
0.0 1.1370159077283084 0.0 1.0 85
-0.13683791132270146 1.0 0.0 1.0 86
1.0 0.5868153092141796 1.0 1.0 87
1.0 1.3487950735454355 1.0 1.0 88
1.1162157300526099 1.0 1.0 1.0 89
0.0 1.1232994963832348 0.0 1.0 90
0.0 0.4169528230501931 0.0 1.0 91
0.0 1.576482167268936 0.0 1.0 92
1.0 1.6247426066599404 1.0 1.0 93
0.0 1.53402730050848 0.0 1.0 94
-0.5708114053448552 1.0 0.0 1.0 95
1.0 0.4960689652499686 1.0 1.0 96
1.5354004410598066 1.0 1.0 1.0 97
0.0 0.2678399775311935 0.0 1.0 98
0.0 1.7555285554572069 0.0 1.0 99
1.0 1.6752128643736488 1.0 1.0 100
0.0 1.8788020827914107 0.0 1.0 101
0.0 0.0 0.0 1.0 102
0.0 2.0 0.0 1.0 103
-1.0 1.0 0.0 1.0 104
1.0 0.0 1.0 1.0 105
1.0 2.0 1.0 1.0 106
2.0 1.0 1.0 1.0 107
*** t = 37
1.0 1.4695770498968177 1.0 2.0 4
1.358032594736745 1.0 2.0 1.0 13
1.8463504168832665 1.0 2.0 1.0 19
0.0 1.7018239726387643 0.0 2.0 20
0.0 0.06076614779411821 0.0 0.0 23
0.8357128354585737 1.0 1.0 1.0 24
0.8766446306802134 1.1233553693197869 0.5 1.5 25
0.0 1.6638998197200379 0.0 2.0 28
1.048305902842645 1.0 2.0 1.0 29
1.0 1.5880002378193316 1.0 2.0 30
0.0 1.9364226742822186 0.0 2.0 34
1.0 1.78640657004444 1.0 2.0 36
0.7345033911786353 1.0 0.0 1.0 37
1.0 0.7345258092193144 1.0 0.0 41
0.8467162588632684 1.0 1.0 1.0 44
0.6888060033129136 1.3111939966870865 0.5 1.5 45
-0.5620026595324563 1.0 -1.0 1.0 48
1.0 1.1138452026427255 1.0 2.0 50
1.822278526943113 1.0 2.0 1.0 52
0.0 0.6628441161857408 0.0 0.0 53
-0.9985052213788241 1.0 -1.0 1.0 54
1.2598495790279955 1.0 2.0 1.0 57
0.8940266863222559 1.0 1.0 1.0 58
0.0 0.05477414691717497 0.0 0.0 59
0.4253408590060853 1.4253408590060854 0.0 1.0 60
0.2736946272098111 1.273694627209811 0.0 1.0 61
-0.764345041840563 1.0 -1.0 1.0 62
0.44708555374808356 1.4470855537480836 0.5 1.5 63
1.364743268355568 1.0 2.0 1.0 65
0.6587772479468197 1.3412227520531803 1.0 1.0 66
0.0 0.6265809285027257 0.0 0.0 67
0.0 0.22960061128586126 0.0 0.0 68
0.34470401312011845 1.3447040131201184 0.0 1.0 69
0.9173181870734987 1.0 0.0 1.0 70
1.0758795606226066 1.0 1.0 1.0 71
0.5244956362781185 1.4755043637218814 1.0 1.0 72
-0.20444524213428764 1.0 -1.0 1.0 73
0.0 0.45812635394582024 0.0 0.0 74
0.6747239854334076 1.0 0.0 1.0 75
-0.33277880532696624 1.0 -1.0 1.0 76
0.38334700392997556 1.3833470039299756 0.5 1.5 77
1.4221139991617116 1.0 2.0 1.0 78
1.1325913336451703 1.0 1.0 1.0 79
-0.5288358734218386 1.0 -1.0 1.0 80
0.41938525460046605 1.4193852546004662 0.5 1.5 81
0.7052557334495945 1.0 0.0 1.0 82
0.0 1.293453318345101 0.0 1.0 83
0.0 0.9355198656700612 0.0 1.0 84
0.0 0.9931852256830266 0.0 0.0 85
0.007022436790181663 1.0 1.0 1.0 86
1.0 0.6846178607498762 1.0 1.0 87
1.0 1.2402609191363414 1.0 1.0 88
0.9689183517280447 1.0 0.0 1.0 89
-0.05204060434011823 1.0 -1.0 1.0 90
0.0 0.5211910288127414 0.0 1.0 91
0.0 1.47060270908617 0.0 1.0 92
1.0 1.5309282583249255 1.0 1.0 93
0.0 1.3787030673446399 0.0 1.0 94
-0.4277485404598069 1.0 0.0 1.0 95
1.0 0.6614252869999581 1.0 1.0 96
1.3805339214130754 1.0 1.0 1.0 97
0.0 0.4017599662967902 0.0 1.0 98
0.0 1.6332928331858103 0.0 1.0 99
1.0 1.5128192965604732 1.0 1.0 100
0.0 1.7576041655828214 0.0 1.0 101
0.0 0.10105750577192987 0.0 1.0 102
0.0 1.8422748099740247 0.0 1.0 103
-0.8457144164863986 1.0 0.0 1.0 104
1.0 0.07404086552377005 1.0 1.0 105
1.0 1.8323412111408797 1.0 1.0 106
1.8738462808523109 1.0 1.0 1.0 107
0.0 2.0 0.0 1.0 108
*** t = 38
1.0 1.5543944208459328 1.0 2.0 4
1.4340981623088982 1.0 2.0 1.0 13
1.958783657547279 1.0 2.0 1.0 19
0.0 1.8437563014322766 0.0 2.0 20
0.9517816353811333 1.0 1.0 1.0 24
0.7860171688340389 1.2139828311659613 0.5 1.5 25
0.0 1.7625627760059652 0.0 2.0 28
1.1430181899663272 1.0 2.0 1.0 29
1.0 1.691520247332105 1.0 2.0 30
1.0 1.9025068437962918 1.0 2.0 36
0.6179942533006153 1.0 0.0 1.0 37
1.0 0.6315497096383742 1.0 0.0 41
0.9346551283329478 1.0 1.0 1.0 44
0.6066437385957621 1.393356261404238 0.5 1.5 45
-0.6442133258236382 1.0 -1.0 1.0 48
1.0 1.2469009271172424 1.0 2.0 50
1.9181879230980137 1.0 2.0 1.0 52
0.0 0.539835911774464 0.0 0.0 53
1.3339583777943482 1.0 2.0 1.0 57
0.9912295041234199 1.0087704958765802 0.5 1.5 58
0.3452304888698064 1.3452304888698066 0.0 1.0 60
0.18410636758626503 1.184106367586265 0.0 1.0 61
-0.8819680446299338 1.0 -1.0 1.0 62
0.5240317094103922 1.4759682905896077 1.0 1.0 63
1.5336535018095372 1.0 2.0 1.0 65
0.763845250187848 1.2361547498121521 1.0 1.0 66
0.0 0.52093330761832 0.0 0.0 67
0.0 0.09341604292323519 0.0 0.0 68
0.23990380019193158 1.2399038001919316 0.0 1.0 69
0.8340349706945369 1.0 0.0 1.0 70
1.0047933729781917 1.0 1.0 1.0 71
0.6271291710668406 1.3728708289331593 1.0 1.0 72
-0.3139402641464956 1.0 -1.0 1.0 73
0.0 0.31795602248634935 0.0 0.0 74
0.5542443477455357 1.0 0.0 1.0 75
-0.46605668585966287 1.0 -1.0 1.0 76
0.49239238244162786 1.4923923824416279 0.5 1.5 77
1.5643253990778827 1.0 2.0 1.0 78
1.0458504670096873 1.0 1.0 1.0 79
-0.6987065260242651 1.0 -1.0 1.0 80
0.5445510363545787 1.4554489636454213 1.0 1.0 81
0.5613952593884384 1.0 0.0 1.0 82
0.0 1.2051349831382385 0.0 1.0 83
0.04890743704205624 1.0489074370420561 0.5 1.5 84
0.0 0.8493545436377448 0.0 0.0 85
0.15088278490306478 1.0 1.0 1.0 86
1.0 0.7824204122855728 1.0 1.0 87
1.0 1.1317267647272473 1.0 1.0 88
0.8216209734034796 1.0 0.0 1.0 89
-0.22738070506347124 1.0 -1.0 1.0 90
0.0 0.6254292345752896 0.0 1.0 91
0.0 1.364723250903404 0.0 1.0 92
1.0 1.4371139099899106 1.0 1.0 93
0.0 1.2233788341807998 0.0 1.0 94
-0.28468567557475866 1.0 0.0 1.0 95
1.0 0.8267816087499475 1.0 1.0 96
1.2256674017663443 1.0 1.0 1.0 97
0.0 0.535679955062387 0.0 1.0 98
0.0 1.5110571109144137 0.0 1.0 99
1.0 1.3504257287472976 1.0 1.0 100
0.0 1.636406248374232 0.0 1.0 101
0.0 0.20211501154385975 0.0 1.0 102
0.0 1.6845496199480494 0.0 1.0 103
-0.6914288329727971 1.0 0.0 1.0 104
1.0 0.1480817310475401 1.0 1.0 105
1.0 1.6646824222817593 1.0 1.0 106
1.7476925617046217 1.0 1.0 1.0 107
0.0 1.905579555078461 0.0 1.0 108
0.0 0.0 0.0 1.0 109
0.0 2.0 0.0 1.0 110
1.0 2.0 1.0 1.0 111
*** t = 39
1.0 1.639211791795048 1.0 2.0 4
1.5101637298810513 1.0 2.0 1.0 13
0.0 1.985688630225789 0.0 2.0 20
1.0678504353036928 1.0 2.0 1.0 24
0.6953897069878645 1.3046102930121357 0.5 1.5 25
0.0 1.8612257322918926 0.0 2.0 28
1.2377304770900095 1.0 2.0 1.0 29
1.0 1.7950402568448782 1.0 2.0 30
0.5014851154225953 1.0 0.0 1.0 37
1.0 0.528573610057434 1.0 0.0 41
1.0 1.0225939978026273 1.0 2.0 44
0.5244814738786105 1.4755185261213895 0.5 1.5 45
-0.7264239921148201 1.0 -1.0 1.0 48
1.0 1.3799566515917594 1.0 2.0 50
0.0 0.4168277073631872 0.0 0.0 53
1.408067176560701 1.0 2.0 1.0 57
0.9075245595204978 1.0924754404795023 0.5 1.5 58
0.26512011873352753 1.2651201187335277 0.0 1.0 60
0.094518107962719 1.094518107962719 0.0 1.0 61
-0.9995910474193047 1.0 -1.0 1.0 62
0.6009778650727009 1.3990221349272989 1.0 1.0 63
1.7025637352635064 1.0 2.0 1.0 65
0.8689132524288762 1.131086747571124 1.0 1.0 66
0.0 0.4152856867339143 0.0 0.0 67
0.13510358726374475 1.1351035872637447 0.0 1.0 69
0.7507517543155752 1.0 0.0 1.0 70
1.0 0.933707185333777 1.0 0.0 71
0.7297627058555628 1.270237294144437 1.0 1.0 72
-0.42343528615870357 1.0 -1.0 1.0 73
0.0 0.17778569102687844 0.0 0.0 74
0.4337647100576637 1.0 0.0 1.0 75
-0.5993345663923595 1.0 -1.0 1.0 76
0.6014377609532802 1.3985622390467198 1.0 1.0 77
1.7065367989940539 1.0 2.0 1.0 78
0.9591096003742043 1.0 0.0 1.0 79
-0.8685771786266916 1.0 -1.0 1.0 80
0.6697168181086913 1.3302831818913088 1.0 1.0 81
0.4175347853272823 1.0 0.0 1.0 82
0.0 1.1168166479313761 0.0 1.0 83
0.14340921432063172 1.1434092143206316 0.5 1.5 84
0.0 0.7055238615924629 0.0 0.0 85
0.2947431330159479 1.0 1.0 1.0 86
1.0 0.8802229638212694 1.0 1.0 87
1.0 1.0231926103181532 1.0 1.0 88
0.6743235950789145 1.0 0.0 1.0 89
-0.40272080578682423 1.0 -1.0 1.0 90
0.0 0.7296674403378379 0.0 1.0 91
0.0 1.258843792720638 0.0 1.0 92
1.0 1.3432995616548957 1.0 1.0 93
0.0 1.0680546010169598 0.0 1.0 94
-0.1416228106897104 1.0 0.0 1.0 95
1.0 0.992137930499937 1.0 1.0 96
1.070800882119613 1.0 1.0 1.0 97
0.0 0.6695999438279837 0.0 1.0 98
0.0 1.3888213886430172 0.0 1.0 99
1.0 1.188032160934122 1.0 1.0 100
0.0 1.5152083311656428 0.0 1.0 101
0.0 0.30317251731578965 0.0 1.0 102
0.0 1.5268244299220741 0.0 1.0 103
-0.5371432494591957 1.0 0.0 1.0 104
1.0 0.22212259657131017 1.0 1.0 105
1.0 1.497023633422639 1.0 1.0 106
1.6215388425569326 1.0 1.0 1.0 107
0.0 1.8111591101569222 0.0 1.0 108
0.0 0.18360678996170324 0.0 1.0 109
0.0 1.8322896372899387 0.0 1.0 110
1.0 1.829813085465168 1.0 1.0 111
0.0 2.0 0.0 1.0 112
-1.0 1.0 0.0 1.0 113
1.0 0.0 1.0 1.0 114
2.0 1.0 1.0 1.0 115
*** t = 40
1.0 1.724029162744163 1.0 2.0 4
1.5862292974532044 1.0 2.0 1.0 13
1.1839192352262524 1.0 2.0 1.0 24
0.6047622451416901 1.39523775485831 0.5 1.5 25
0.0 1.95988868857782 0.0 2.0 28
1.3324427642136918 1.0 2.0 1.0 29
1.0 1.8985602663576515 1.0 2.0 30
0.38497597754457535 1.0 0.0 1.0 37
1.0 0.4255975104764937 1.0 0.0 41
1.0 1.1105328672723067 1.0 2.0 44
0.44231920916145906 1.442319209161459 0.0 1.0 45
-0.808634658406002 1.0 -1.0 1.0 48
1.0 1.5130123760662764 1.0 2.0 50
0.0 0.2938195029519104 0.0 0.0 53
1.4821759753270536 1.0 2.0 1.0 57
0.8238196149175757 1.1761803850824244 0.5 1.5 58
0.18500974859724867 1.1850097485972488 0.0 1.0 60
0.004929848339172996 1.0049298483391729 0.0 1.0 61
0.6779240207350097 1.3220759792649903 1.0 1.0 63
1.8714739687174755 1.0 2.0 1.0 65
0.9739812546699044 1.0260187453300957 1.0 1.0 66
0.0 0.3096380658495086 0.0 0.0 67
0.03030337433555788 1.0303033743355579 0.0 1.0 69
0.6674685379366134 1.0 0.0 1.0 70
1.0 0.8626209976893622 1.0 0.0 71
0.832396240644285 1.167603759355715 1.0 1.0 72
-0.5329303081709116 1.0 -1.0 1.0 73
0.0 0.037615359567407525 0.0 0.0 74
0.31328507236979175 1.0 0.0 1.0 75
-0.7326124469250561 1.0 -1.0 1.0 76
0.7104831394649325 1.2895168605350675 1.0 1.0 77
1.848748198910225 1.0 2.0 1.0 78
0.8723687337387214 1.0 0.0 1.0 79
0.794882599862804 1.2051174001371963 1.0 1.0 81
0.2736743112661262 1.0 0.0 1.0 82
0.0 1.0284983127245138 0.0 1.0 83
0.2379109915992072 1.237910991599207 0.5 1.5 84
0.0 0.5616931795471811 0.0 0.0 85
0.438603481128831 1.0 1.0 1.0 86
1.0 0.978025515356966 1.0 1.0 87
1.0 0.9146584559090593 1.0 0.0 88
0.5270262167543494 1.0 0.0 1.0 89
-0.5780609065101773 1.0 -1.0 1.0 90
0.0 0.8339056461003862 0.0 1.0 91
0.0 1.152964334537872 0.0 1.0 92
1.0 1.2494852133198808 1.0 1.0 93
0.0 0.9127303678531198 0.0 0.0 94
0.0 0.9985599458046621 0.0 0.0 95
0.8425057477500735 1.0 0.0 1.0 96
0.9405566176398046 1.0594433823601954 0.5 1.5 97
0.0 0.8035199325935805 0.0 1.0 98
0.0 1.2665856663716206 0.0 1.0 99
1.0 1.0256385931209464 1.0 1.0 100
0.0 1.3940104139570535 0.0 1.0 101
0.0 0.4042300230877195 0.0 1.0 102
0.0 1.3690992398960988 0.0 1.0 103
-0.38285766594559417 1.0 0.0 1.0 104
1.0 0.2961634620950802 1.0 1.0 105
1.0 1.3293648445635187 1.0 1.0 106
1.4953851234092435 1.0 1.0 1.0 107
0.0 1.7167386652353833 0.0 1.0 108
0.0 0.3672135799234065 0.0 1.0 109
0.0 1.6645792745798773 0.0 1.0 110
1.0 1.659626170930336 1.0 1.0 111
0.0 1.8419173649940515 0.0 1.0 112
-0.8850068371121174 1.0 0.0 1.0 113
1.0 0.12884583001832464 1.0 1.0 114
1.8428357050110653 1.0 1.0 1.0 115
0.0 0.0 0.0 1.0 116
0.0 2.0 0.0 1.0 117
1.0 2.0 1.0 1.0 118
*** t = 41
1.0 1.8088465336932782 1.0 2.0 4
1.6622948650253575 1.0 2.0 1.0 13
1.299988035148812 1.0 2.0 1.0 24
0.5141347832955158 1.4858652167044843 0.5 1.5 25
1.427155051337374 1.0 2.0 1.0 29
0.2684668396665554 1.0 0.0 1.0 37
1.0 0.3226214108955534 1.0 0.0 41
1.0 1.1984717367419861 1.0 2.0 44
0.36015694444430757 1.3601569444443073 0.0 1.0 45
-0.8908453246971839 1.0 -1.0 1.0 48
1.0 1.6460681005407933 1.0 2.0 50
0.0 0.1708112985406336 0.0 0.0 53
1.5562847740934063 1.0 2.0 1.0 57
0.7401146703146537 1.2598853296853465 0.5 1.5 58
0.1048993784609698 1.10489937846097 0.0 1.0 60
0.0 0.88027492659268 0.0 0.0 61
0.7548701763973183 1.2451298236026815 1.0 1.0 63
0.8882074687810441 1.0 0.0 1.0 66
0.0 0.20399044496510285 0.0 0.0 67
0.0 1.1053544394916153 0.0 2.0 69
0.5841853215576517 1.0 0.0 1.0 70
1.0 0.7915348100449474 1.0 0.0 71
0.9350297754330071 1.0649702245669928 1.0 1.0 72
-0.6424253301831195 1.0 -1.0 1.0 73
0.1928054346819198 1.0 0.0 1.0 75
-0.8658903274577527 1.0 -1.0 1.0 76
0.8195285179765848 1.1804714820234152 1.0 1.0 77
1.9909595988263962 1.0 2.0 1.0 78
0.7856278671032384 1.0 0.0 1.0 79
0.9200483816169165 1.0799516183830835 1.0 1.0 81
0.12981383720497008 1.0 0.0 1.0 82
0.0422991435480004 1.0422991435480005 0.5 1.5 83
0.33241276887778265 1.3324127688777825 0.5 1.5 84
0.0 0.4178624975018993 0.0 0.0 85
0.5824638292417141 1.0 1.0 1.0 86
0.9241719331073374 1.0 0.0 1.0 87
1.0 0.8061243014999653 1.0 0.0 88
0.3797288384297842 1.0 0.0 1.0 89
-0.7534010072335303 1.0 -1.0 1.0 90
0.0 0.9381438518629345 0.0 1.0 91
0.0 1.047084876355106 0.0 1.0 92
1.0 1.155670864984866 1.0 1.0 93
0.0 0.7574061346892798 0.0 0.0 94
0.0 0.8554970809196139 0.0 0.0 95
0.677149426000084 1.0 0.0 1.0 96
0.8310494514188413 1.1689505485811587 0.5 1.5 97
0.0 0.9374399213591772 0.0 1.0 98
0.0 1.144349944100224 0.0 1.0 99
0.90329963003413 1.09670036996587 0.5 1.5 100
0.0 1.2728124967484642 0.0 1.0 101
0.0 0.5052875288596493 0.0 1.0 102
0.0 1.2113740498701235 0.0 1.0 103
-0.22857208243199267 1.0 0.0 1.0 104
1.0 0.37020432761885025 1.0 1.0 105
1.0 1.1617060557043983 1.0 1.0 106
1.3692314042615543 1.0 1.0 1.0 107
0.0 1.6223182203138444 0.0 1.0 108
0.0 0.5508203698851097 0.0 1.0 109
0.0 1.496868911869816 0.0 1.0 110
1.0 1.489439256395504 1.0 1.0 111
0.0 1.683834729988103 0.0 1.0 112
-0.7700136742242347 1.0 0.0 1.0 113
1.0 0.2576916600366493 1.0 1.0 114
1.6856714100221306 1.0 1.0 1.0 115
0.0 0.11189261975313128 0.0 1.0 116
0.0 1.8552594895188634 0.0 1.0 117
1.0 1.919151851260297 1.0 1.0 118
0.0 2.0 0.0 1.0 119
*** t = 42
1.0 1.8936639046423933 1.0 2.0 4
1.7383604325975106 1.0 2.0 1.0 13
1.4160568350713716 1.0 2.0 1.0 24
0.42350732144934133 1.4235073214493414 0.0 1.0 25
1.5218673384610564 1.0 2.0 1.0 29
0.1519577017885354 1.0 0.0 1.0 37
1.0 0.21964531131461312 1.0 0.0 41
1.0 1.2864106062116656 1.0 2.0 44
0.277994679727156 1.277994679727156 0.0 1.0 45
-0.9730559909883658 1.0 -1.0 1.0 48
1.0 1.7791238250153103 1.0 2.0 50
0.0 0.047803094129356793 0.0 0.0 53
1.630393572859759 1.0 2.0 1.0 57
0.6564097257117316 1.3435902742882686 0.5 1.5 58
0.02478900832469097 1.024789008324691 0.0 1.0 60
0.0 0.7535779948036593 0.0 0.0 61
0.831816332059627 1.1681836679403728 1.0 1.0 63
0.7396188750403352 1.0 0.0 1.0 66
0.0 0.09834282408069711 0.0 0.0 67
0.0 1.2535643219542454 0.0 2.0 69
0.5009021051786899 1.0 0.0 1.0 70
1.0 0.7204486224005326 1.0 0.0 71
1.0 1.0532639641194348 1.0 2.0 72
-0.7519203521953275 1.0 -1.0 1.0 73
0.07232579699404783 1.0 0.0 1.0 75
-0.9991682079904494 1.0 -1.0 1.0 76
0.9285738964882371 1.071426103511763 1.0 1.0 77
0.6988870004677554 1.0 0.0 1.0 79
1.0 1.063942483050662 1.0 2.0 81
0.0 1.014046636856186 0.0 2.0 82
0.10474963727587935 1.1047496372758794 0.5 1.5 83
0.4269145461563581 1.426914546156358 0.5 1.5 84
0.0 0.2740318154566175 0.0 0.0 85
0.7263241773545972 1.0 1.0 1.0 86
0.8263693815716407 1.0 0.0 1.0 87
1.0 0.6975901470908713 1.0 0.0 88
0.2324314601052191 1.0 0.0 1.0 89
-0.9287411079568834 1.0 -1.0 1.0 90
0.0 1.0423820576254827 0.0 2.0 91
-0.05879458182766012 1.0 -1.0 1.0 92
1.0 1.061856516649851 1.0 1.0 93
0.0 0.6020819015254397 0.0 0.0 94
0.0 0.7124342160345656 0.0 0.0 95
0.5117931042500945 1.0 0.0 1.0 96
0.7215422851978781 1.278457714802122 0.5 1.5 97
0.0 1.071359910124774 0.0 2.0 98
0.0 1.0221142218288275 0.0 1.0 99
0.7884700370123561 1.211529962987644 0.5 1.5 100
0.0 1.151614579539875 0.0 1.0 101
0.0 0.6063450346315792 0.0 1.0 102
0.0 1.0536488598441482 0.0 1.0 103
-0.07428649891839118 1.0 0.0 1.0 104
1.0 0.4442451931426203 1.0 1.0 105
0.9957907820197021 1.004209217980298 0.5 1.5 106
1.2430776851138652 1.0 1.0 1.0 107
0.0 1.5278977753923055 0.0 1.0 108
0.0 0.734427159846813 0.0 1.0 109
0.0 1.3291585491597546 0.0 1.0 110
1.0 1.3192523418606719 1.0 1.0 111
0.0 1.5257520949821544 0.0 1.0 112
-0.6550205113363521 1.0 0.0 1.0 113
1.0 0.38653749005497395 1.0 1.0 114
1.528507115033196 1.0 1.0 1.0 115
0.0 0.22378523950626256 0.0 1.0 116
0.0 1.7105189790377269 0.0 1.0 117
1.0 1.838303702520594 1.0 1.0 118
0.0 1.8532718710884963 0.0 1.0 119
0.0 0.0 0.0 1.0 120
0.0 2.0 0.0 1.0 121
-1.0 1.0 0.0 1.0 122
1.0 0.0 1.0 1.0 123
1.0 2.0 1.0 1.0 124
2.0 1.0 1.0 1.0 125
*** t = 43
1.0 1.9784812755915084 1.0 2.0 4
1.8144260001696637 1.0 2.0 1.0 13
1.5321256349939312 1.0 2.0 1.0 24
0.332879859603167 1.332879859603167 0.0 1.0 25
1.6165796255847387 1.0 2.0 1.0 29
0.035448563910515415 1.0 0.0 1.0 37
1.0 0.11666921173367285 1.0 0.0 41
1.0 1.374349475681345 1.0 2.0 44
0.19583241501000453 1.1958324150100044 0.0 1.0 45
1.0 1.9121795494898273 1.0 2.0 50
1.7045023716261116 1.0 2.0 1.0 57
0.5727047811088095 1.4272952188911905 0.5 1.5 58
-0.07823622016289655 1.0 -1.0 1.0 60
0.0 0.6268810630146385 0.0 0.0 61
0.9087624877219358 1.0912375122780642 1.0 1.0 63
0.5910302812996263 1.0 0.0 1.0 66
0.0 1.4017742044168755 0.0 2.0 69
0.4176188887997282 1.0 0.0 1.0 70
1.0 0.6493624347561179 1.0 0.0 71
1.0 1.1984097009719366 1.0 2.0 72
-0.8614153742075354 1.0 -1.0 1.0 73
0.0 1.0481538406938242 0.0 2.0 75
1.0532016889114866 1.0 2.0 1.0 77
0.6121461338322725 1.0 0.0 1.0 79
1.0 1.240953629152359 1.0 2.0 81
0.0 1.1579071109173422 0.0 2.0 82
0.1672001310037583 1.1672001310037583 0.5 1.5 83
0.5214163234349335 1.4785836765650664 1.0 1.0 84
0.0 0.13020113341133563 0.0 0.0 85
0.8701845254674803 1.0 1.0 1.0 86
0.7285668300359441 1.0 0.0 1.0 87
1.0 0.5890559926817773 1.0 0.0 88
0.08513408178065396 1.0 0.0 1.0 89
0.0 1.146620263388031 0.0 2.0 91
-0.16467404001042618 1.0 -1.0 1.0 92
0.9774024005034023 1.0225975994965977 0.5 1.5 93
0.0 0.4467576683615997 0.0 0.0 94
0.0 0.5693713511495173 0.0 0.0 95
0.346436782500105 1.0 0.0 1.0 96
0.6120351189769149 1.3879648810230851 0.5 1.5 97
0.0 1.2052798988903706 0.0 2.0 98
0.0 0.8998784995574308 0.0 0.0 99
0.6736404439905821 1.326359556009418 0.5 1.5 100
0.0 1.0304166623312856 0.0 1.0 101
0.0 0.707402540403509 0.0 1.0 102
0.07359307883258001 1.07359307883258 0.5 1.5 103
0.0 1.0799990845952103 0.0 2.0 104
1.0 0.5182860586663903 1.0 1.0 105
0.8772381154918945 1.1227618845081055 0.5 1.5 106
1.116923965966176 1.0 1.0 1.0 107
0.0 1.4334773304707666 0.0 1.0 108
0.0 0.9180339498085162 0.0 1.0 109
0.0 1.1614481864496933 0.0 1.0 110
1.0 1.1490654273258398 1.0 1.0 111
0.0 1.3676694599762058 0.0 1.0 112
-0.5400273484484694 1.0 0.0 1.0 113
1.0 0.5153833200732986 1.0 1.0 114
1.3713428200442612 1.0 1.0 1.0 115
0.0 0.33567785925939386 0.0 1.0 116
0.0 1.5657784685565903 0.0 1.0 117
1.0 1.757455553780891 1.0 1.0 118
0.0 1.7065437421769927 0.0 1.0 119
0.0 0.12028116030574357 0.0 1.0 120
0.0 1.8240267903484821 0.0 1.0 121
-0.8828785539363839 1.0 0.0 1.0 122
1.0 0.1376066110047175 1.0 1.0 123
1.0 1.8956986411803356 1.0 1.0 124
1.8520934216610008 1.0 1.0 1.0 125
0.0 2.0 0.0 1.0 126
*** t = 44
0.0 2.0 0.0 1.0 128
1.0 2.0 1.0 1.0 129
1.8904915677418168 1.0 2.0 1.0 13
1.6481944349164908 1.0 2.0 1.0 24
0.24225239775699264 1.2422523977569926 0.0 1.0 25
1.711291912708421 1.0 2.0 1.0 29
0.0 0.9189394260324955 0.0 0.0 37
1.0 0.013693112152732584 1.0 0.0 41
1.0 1.4622883451510245 1.0 2.0 44
0.11367015029285299 1.113670150292853 0.0 1.0 45
1.7786111703924643 1.0 2.0 1.0 57
0.48899983650588746 1.4889998365058874 0.0 1.0 58
-0.19152939209635073 1.0 -1.0 1.0 60
0.0 0.5001841312256178 0.0 0.0 61
0.9857086433842445 1.0142913566157554 1.0 1.0 63
0.44244168755891744 1.0 0.0 1.0 66
0.0 1.5499840868795056 0.0 2.0 69
0.33433567242076645 1.0 0.0 1.0 70
1.0 0.5782762471117031 1.0 0.0 71
1.0 1.3435554378244383 1.0 2.0 72
-0.9709103962197434 1.0 -1.0 1.0 73
0.0 1.1686334783816963 0.0 2.0 75
1.207415142116773 1.0 2.0 1.0 77
0.5254052671967895 1.0 0.0 1.0 79
1.0 1.417964775254056 1.0 2.0 81
0.0 1.3017675849784984 0.0 2.0 82
0.22965062473163725 1.2296506247316372 0.5 1.5 83
0.6159181007135089 1.384081899286491 1.0 1.0 84
1.0 0.9859551264196367 1.0 0.0 86
0.6307642785002475 1.0 0.0 1.0 87
1.0 0.48052183827268335 1.0 0.0 88
0.0 1.0621632965439112 0.0 2.0 89
0.0 1.2508584691505793 0.0 2.0 91
-0.27055349819319224 1.0 -1.0 1.0 92
0.9110656386231164 1.0889343613768836 0.5 1.5 93
0.0 0.29143343519775966 0.0 0.0 94
0.0 0.42630848626446904 0.0 0.0 95
0.1810804607501155 1.0 0.0 1.0 96
0.5025279527559516 1.4974720472440484 0.5 1.5 97
0.0 1.3391998876559672 0.0 2.0 98
0.0 0.7776427772860341 0.0 0.0 99
0.5588108509688081 1.4411891490311919 0.5 1.5 100
0.09078125487730376 1.0 1.0 1.0 101
0.0 0.8084600461754389 0.0 1.0 102
0.1851216302638839 1.1851216302638838 0.5 1.5 103
0.0 1.2342846681088118 0.0 2.0 104
1.0 0.5923269241901604 1.0 1.0 105
0.7586854489640869 1.2413145510359131 0.5 1.5 106
1.0 1.009229753181513 1.0 2.0 107
0.0 1.3390568855492277 0.0 1.0 108
0.0 1.1016407397702195 0.0 2.0 109
0.006262176260368124 1.0 1.0 1.0 110
0.9850648531657767 1.0149351468342231 0.5 1.5 111
0.0 1.2095868249702573 0.0 1.0 112
-0.42503418556058686 1.0 0.0 1.0 113
1.0 0.6442291500916232 1.0 1.0 114
1.2141785250553265 1.0 1.0 1.0 115
0.0 0.4475704790125251 0.0 1.0 116
0.0 1.4210379580754537 0.0 1.0 117
1.0 1.6766074050411879 1.0 1.0 118
0.0 1.559815613265489 0.0 1.0 119
0.0 0.24056232061148713 0.0 1.0 120
0.0 1.6480535806969643 0.0 1.0 121
-0.7657571078727679 1.0 0.0 1.0 122
1.0 0.275213222009435 1.0 1.0 123
1.0 1.7913972823606712 1.0 1.0 124
1.7041868433220015 1.0 1.0 1.0 125
0.0 1.885283730205826 0.0 1.0 126
0.0 0.0 0.0 1.0 127
*** t = 45
0.0 1.9086537924080875 0.0 1.0 128
1.0 1.9361916944860766 1.0 1.0 129
0.0 2.0 0.0 1.0 130
-1.0 1.0 0.0 1.0 131
1.0 0.0 1.0 1.0 132
2.0 1.0 1.0 1.0 133
1.96655713531397 1.0 2.0 1.0 13
1.7642632348390503 1.0 2.0 1.0 24
0.15162493591081827 1.1516249359108182 0.0 1.0 25
1.8060041998321033 1.0 2.0 1.0 29
0.0 0.8024302881544755 0.0 0.0 37
1.0 1.550227214620704 1.0 2.0 44
0.031507885575701486 1.0315078855757014 0.0 1.0 45
1.852719969158817 1.0 2.0 1.0 57
0.4052948919029654 1.4052948919029653 0.0 1.0 58
-0.3048225640298049 1.0 -1.0 1.0 60
0.0 0.37348719943659703 0.0 0.0 61
1.0 1.0886072665593964 1.0 2.0 63
0.29385309381820857 1.0 0.0 1.0 66
0.0 1.6981939693421357 0.0 2.0 69
0.2510524560418047 1.0 0.0 1.0 70
1.0 0.5071900594672883 1.0 0.0 71
1.0 1.48870117467694 1.0 2.0 72
0.0 1.2891131160695684 0.0 2.0 75
1.3616285953220593 1.0 2.0 1.0 77
0.4386644005613065 1.0 0.0 1.0 79
1.0 1.594975921355753 1.0 2.0 81
0.0 1.4456280590396546 0.0 2.0 82
0.2921011184595162 1.2921011184595161 0.5 1.5 83
0.7104198779920844 1.2895801220079155 1.0 1.0 84
1.0 0.8420947783067536 1.0 0.0 86
0.5329617269645509 1.0 0.0 1.0 87
1.0 0.3719876838635894 1.0 0.0 88
0.0 1.2094606748684762 0.0 2.0 89
0.0 1.3550966749131277 0.0 2.0 91
-0.3764329563759583 1.0 -1.0 1.0 92
0.8447288767428305 1.1552711232571695 0.5 1.5 93
0.0 0.1361092020339196 0.0 0.0 94
0.0 0.2832456213794208 0.0 0.0 95
0.01572413900012598 1.0 0.0 1.0 96
0.39302078653498845 1.3930207865349884 0.0 1.0 97
0.0 1.4731198764215638 0.0 2.0 98
0.0 0.6554070550146375 0.0 0.0 99
0.44398125794703414 1.4439812579470341 0.0 1.0 100
0.21197917208589312 1.0 1.0 1.0 101
0.0 0.9095175519473687 0.0 1.0 102
0.29665018169518775 1.2966501816951879 0.5 1.5 103
0.0 1.3885702516224132 0.0 2.0 104
1.0 0.6663677897139305 1.0 1.0 105
0.6401327824362792 1.3598672175637208 0.5 1.5 106
1.0 1.1353834723292022 1.0 2.0 107
0.0 1.2446364406276889 0.0 1.0 108
0.0 1.2852475297319228 0.0 2.0 109
0.17397253897042952 1.0 1.0 1.0 110
0.8647245318289817 1.1352754681710182 0.5 1.5 111
0.0 1.0515041899643087 0.0 1.0 112
-0.3100410226727043 1.0 0.0 1.0 113
1.0 0.7730749801099478 1.0 1.0 114
1.0570142300663918 1.0 1.0 1.0 115
0.0 0.5594630987656564 0.0 1.0 116
0.0 1.2762974475943172 0.0 1.0 117
1.0 1.5957592563014849 1.0 1.0 118
0.0 1.4130874843539853 0.0 1.0 119
0.0 0.36084348091723073 0.0 1.0 120
0.0 1.4720803710454464 0.0 1.0 121
-0.6486356618091518 1.0 0.0 1.0 122
1.0 0.4128198330141525 1.0 1.0 123
1.0 1.6870959235410068 1.0 1.0 124
1.5562802649830023 1.0 1.0 1.0 125
0.0 1.7705674604116521 0.0 1.0 126
0.0 0.17643623178140913 0.0 1.0 127
*** t = 46
0.0 1.817307584816175 0.0 1.0 128
1.0 1.8723833889721533 1.0 1.0 129
0.0 1.8550457696087301 0.0 1.0 130
-0.8329150884010134 1.0 0.0 1.0 131
1.0 0.11947191073481532 1.0 1.0 132
1.8913047906167193 1.0 1.0 1.0 133
0.0 0.0 0.0 1.0 134
0.0 2.0 0.0 1.0 135
1.0 2.0 1.0 1.0 136
1.88033203476161 1.0 2.0 1.0 24
0.06099747406464388 1.060997474064644 0.0 1.0 25
1.9007164869557855 1.0 2.0 1.0 29
0.0 0.6859211502764555 0.0 0.0 37
1.0 1.6381660840903833 1.0 2.0 44
0.07163610997542749 1.0 1.0 1.0 45
1.9268287679251697 1.0 2.0 1.0 57
0.32158994730004337 1.3215899473000432 0.0 1.0 58
-0.41811573596325907 1.0 -1.0 1.0 60
0.0 0.24679026764757625 0.0 0.0 61
1.0 1.1974255634695048 1.0 2.0 63
0.14526450007749966 1.0 0.0 1.0 66
0.0 1.8464038518047658 0.0 2.0 69
0.16776923966284296 1.0 0.0 1.0 70
1.0 0.4361038718228736 1.0 0.0 71
1.0 1.6338469115294418 1.0 2.0 72
0.0 1.4095927537574404 0.0 2.0 75
1.5158420485273456 1.0 2.0 1.0 77
0.35192353392582354 1.0 0.0 1.0 79
1.0 1.77198706745745 1.0 2.0 81
0.0 1.5894885331008108 0.0 2.0 82
0.3545516121873951 1.354551612187395 0.5 1.5 83
0.80492165527066 1.19507834472934 1.0 1.0 84
1.0 0.6982344301938705 1.0 0.0 86
0.4351591754288543 1.0 0.0 1.0 87
1.0 0.2634535294544954 1.0 0.0 88
0.0 1.3567580531930412 0.0 2.0 89
0.0 1.459334880675676 0.0 2.0 91
-0.48231241455872437 1.0 -1.0 1.0 92
0.7783921148625446 1.2216078851374554 0.5 1.5 93
0.0 0.1401827564943725 0.0 0.0 95
0.0 0.8503678172501364 0.0 0.0 96
0.28351362031402527 1.2835136203140252 0.0 1.0 97
0.0 1.6070398651871605 0.0 2.0 98
0.0 0.5331713327432408 0.0 0.0 99
0.32915166492526016 1.3291516649252602 0.0 1.0 100
0.3331770892944825 1.0 1.0 1.0 101
0.007477695024755179 1.0074776950247553 0.5 1.5 102
0.40817873312649167 1.4081787331264917 0.5 1.5 103
0.0 1.5428558351360147 0.0 2.0 104
1.0 0.7404086552377006 1.0 1.0 105
0.5215801159084716 1.4784198840915284 0.5 1.5 106
1.0 1.2615371914768914 1.0 2.0 107
0.0 1.15021599570615 0.0 1.0 108
0.0 1.4688543196936261 0.0 2.0 109
0.3416829016804909 1.0 1.0 1.0 110
0.7443842104921866 1.2556157895078133 0.5 1.5 111
0.07536234121726132 1.0753623412172613 0.5 1.5 112
-0.1950478597848217 1.0 0.0 1.0 113
1.0 0.9019208101282724 1.0 1.0 114
1.0 0.8998499350774571 1.0 0.0 115
0.0 0.6713557185187876 0.0 1.0 116
0.0 1.1315569371131806 0.0 1.0 117
1.0 1.5149111075617818 1.0 1.0 118
0.0 1.2663593554424817 0.0 1.0 119
0.0 0.48112464122297427 0.0 1.0 120
0.0 1.2961071613939286 0.0 1.0 121
-0.5315142157455357 1.0 0.0 1.0 122
1.0 0.55042644401887 1.0 1.0 123
1.0 1.5827945647213424 1.0 1.0 124
1.408373686644003 1.0 1.0 1.0 125
0.0 1.6558511906174782 0.0 1.0 126
0.0 0.35287246356281826 0.0 1.0 127
*** t = 47
0.0 1.7259613772242626 0.0 1.0 128
1.0 1.80857508345823 1.0 1.0 129
0.0 1.7100915392174603 0.0 1.0 130
-0.6658301768020267 1.0 0.0 1.0 131
1.0 0.23894382146963064 1.0 1.0 132
1.7826095812334386 1.0 1.0 1.0 133
0.0 0.15713404179930468 0.0 1.0 134
0.0 1.8637521446693908 0.0 1.0 135
1.0 1.8670121949203955 1.0 1.0 136
0.0 2.0 0.0 1.0 137
1.9964008346841695 1.0 2.0 1.0 24
0.04190313057358944 1.0 1.0 1.0 25
1.9954287740794678 1.0 2.0 1.0 29
0.0 0.5694120123984355 0.0 0.0 37
1.0 1.7261049535600628 1.0 2.0 44
0.1878310990537116 1.0 1.0 1.0 45
0.23788500269712132 1.237885002697121 0.0 1.0 58
-0.5314089078967132 1.0 -1.0 1.0 60
0.0 0.12009333585855547 0.0 0.0 61
1.0 1.3062438603796132 1.0 2.0 63
0.0 1.0033240936632093 0.0 2.0 66
0.0 1.994613734267396 0.0 2.0 69
0.08448602328388122 1.0 0.0 1.0 70
1.0 0.3650176841784588 1.0 0.0 71
1.0 1.7789926483819436 1.0 2.0 72
0.0 1.5300723914453125 0.0 2.0 75
1.670055501732632 1.0 2.0 1.0 77
0.26518266729034057 1.0 0.0 1.0 79
1.0 1.948998213559147 1.0 2.0 81
0.0 1.733349007161967 0.0 2.0 82
0.41700210591527404 1.417002105915274 0.5 1.5 83
0.8994234325492354 1.1005765674507646 1.0 1.0 84
1.0 0.5543740820809875 1.0 0.0 86
0.3373566238931577 1.0 0.0 1.0 87
1.0 0.15491937504540143 1.0 0.0 88
0.0 1.5040554315176062 0.0 2.0 89
0.0 1.5635730864382245 0.0 2.0 91
-0.5881918727414904 1.0 -1.0 1.0 92
0.7120553529822586 1.2879446470177414 0.5 1.5 93
0.0 0.685011495500147 0.0 0.0 96
0.17400645409306204 1.174006454093062 0.0 1.0 97
0.0 1.740959853952757 0.0 2.0 98
0.0 0.4109356104718441 0.0 0.0 99
0.21432207190348618 1.2143220719034862 0.0 1.0 100
0.45437500650307183 1.0 1.0 1.0 101
0.07893614264588546 1.0789361426458854 0.5 1.5 102
0.5197072845577956 1.4802927154422045 1.0 1.0 103
0.0 1.697141418649616 0.0 2.0 104
1.0 0.8144495207614707 1.0 1.0 105
0.4030274493806641 1.403027449380664 0.0 1.0 106
1.0 1.3876909106245805 1.0 2.0 107
0.0 1.055795550784611 0.0 1.0 108
0.0 1.6524611096553294 0.0 2.0 109
0.5093932643905523 1.0 1.0 1.0 110
0.6240438891553916 1.3759561108446083 0.5 1.5 111
0.18714364441780545 1.1871436444178054 0.5 1.5 112
-0.0800546968969391 1.0 0.0 1.0 113
1.0 1.0307666401465971 1.0 2.0 114
1.0 0.7426856400885224 1.0 0.0 115
0.0 0.7832483382719189 0.0 1.0 116
-0.013183573367956003 1.0 -1.0 1.0 117
1.0 1.4340629588220788 1.0 1.0 118
0.0 1.119631226530978 0.0 1.0 119
0.0 0.6014058015287178 0.0 1.0 120
0.0 1.1201339517424107 0.0 1.0 121
-0.4143927696819196 1.0 0.0 1.0 122
1.0 0.6880330550235875 1.0 1.0 123
1.0 1.478493205901678 1.0 1.0 124
1.2604671083050039 1.0 1.0 1.0 125
0.0 1.5411349208233043 0.0 1.0 126
0.0 0.5293086953442274 0.0 1.0 127
*** t = 48
0.0 1.63461516963235 0.0 1.0 128
1.0 1.7447667779443066 1.0 1.0 129
0.0 1.5651373088261904 0.0 1.0 130
-0.4987452652030401 1.0 0.0 1.0 131
1.0 0.35841573220444595 1.0 1.0 132
1.673914371850158 1.0 1.0 1.0 133
0.0 0.31426808359860936 0.0 1.0 134
0.0 1.7275042893387815 0.0 1.0 135
1.0 1.734024389840791 1.0 1.0 136
0.0 1.8543501211564077 0.0 1.0 137
0.0 0.0 0.0 1.0 138
0.0 2.0 0.0 1.0 139
-1.0 1.0 0.0 1.0 140
1.0 0.0 1.0 1.0 141
1.0 2.0 1.0 1.0 142
2.0 1.0 1.0 1.0 143
0.17006971623989942 1.0 1.0 1.0 25
0.0 0.45290287452041555 0.0 0.0 37
1.0 1.8140438230297422 1.0 2.0 44
0.30402608813199566 1.0 1.0 1.0 45
0.15418005809419924 1.154180058094199 0.0 1.0 58
-0.6447020798301675 1.0 -1.0 1.0 60
1.0 1.4150621572897215 1.0 2.0 63
0.0 1.1519126874039183 0.0 2.0 66
0.0012028069049194734 1.0 0.0 1.0 70
1.0 0.29393149653404405 1.0 0.0 71
1.0 1.9241383852344454 1.0 2.0 72
0.0 1.6505520291331846 0.0 2.0 75
1.8242689549379183 1.0 2.0 1.0 77
0.17844180065485762 1.0 0.0 1.0 79
0.0 1.8772094812231233 0.0 2.0 82
0.47945259964315295 1.479452599643153 0.5 1.5 83
0.9939252098278109 1.0060747901721891 1.0 1.0 84
1.0 0.41051373396810437 1.0 0.0 86
0.23955407235746107 1.0 0.0 1.0 87
1.0 0.046385220636307456 1.0 0.0 88
0.0 1.6513528098421713 0.0 2.0 89
0.0 1.6678112922007728 0.0 2.0 91
-0.6940713309242565 1.0 -1.0 1.0 92
0.6457185911019727 1.3542814088980273 0.5 1.5 93
0.0 0.5196551737501575 0.0 0.0 96
0.0644992878720988 1.0644992878720987 0.0 1.0 97
0.0 1.8748798427183537 0.0 2.0 98
0.0 0.28869988820044745 0.0 0.0 99
0.09949247888171218 1.0994924788817122 0.0 1.0 100
0.5755729237116611 1.0 1.0 1.0 101
0.15039459026701574 1.1503945902670156 0.5 1.5 102
0.6312358359890995 1.3687641640109005 1.0 1.0 103
0.0 1.8514270021632175 0.0 2.0 104
1.0 0.8884903862852408 1.0 1.0 105
0.28447478285285654 1.2844747828528564 0.0 1.0 106
1.0 1.5138446297722696 1.0 2.0 107
0.027311924566834143 1.027311924566834 0.5 1.5 108
0.0 1.8360678996170328 0.0 2.0 109
0.6771036271006137 1.0 1.0 1.0 110
0.5037035678185966 1.4962964321814034 0.5 1.5 111
0.29892494761834965 1.2989249476183495 0.5 1.5 112
0.0 1.0349384659909435 0.0 2.0 113
1.0 1.1596124701649217 1.0 2.0 114
1.0 0.5855213450995878 1.0 0.0 115
0.0 0.8951409580250501 0.0 1.0 116
-0.15792408384909262 1.0 -1.0 1.0 117
1.0 1.3532148100823758 1.0 1.0 118
0.027096902380525728 1.0 1.0 1.0 119
0.0 0.7216869618344613 0.0 1.0 120
0.05583925790910724 1.0 1.0 1.0 121
-0.29727132361830355 1.0 0.0 1.0 122
1.0 0.825639666028305 1.0 1.0 123
1.0 1.3741918470820136 1.0 1.0 124
1.1125605299660046 1.0 1.0 1.0 125
0.0 1.4264186510291303 0.0 1.0 126
0.0 0.7057449271256365 0.0 1.0 127
*** t = 49
0.0 1.5432689620404376 0.0 1.0 128
1.0 1.6809584724303832 1.0 1.0 129
0.0 1.4201830784349205 0.0 1.0 130
-0.33166035360405344 1.0 0.0 1.0 131
1.0 0.4778876429392613 1.0 1.0 132
1.5652191624668772 1.0 1.0 1.0 133
0.0 0.47140212539791404 0.0 1.0 134
0.0 1.5912564340081723 0.0 1.0 135
1.0 1.6010365847611865 1.0 1.0 136
0.0 1.7087002423128155 0.0 1.0 137
0.0 0.11105890524287945 0.0 1.0 138
0.0 1.8341904690192175 0.0 1.0 139
-0.8332137321219447 1.0 0.0 1.0 140
1.0 0.07492208804073175 1.0 1.0 141
1.0 1.8632735747421711 1.0 1.0 142
1.9121059396449218 1.0 1.0 1.0 143
0.0 2.0 0.0 1.0 144
0.2982363019062094 1.0 1.0 1.0 25
0.0 0.3363937366423956 0.0 0.0 37
1.0 1.9019826924994216 1.0 2.0 44
0.42022107721027974 1.0 1.0 1.0 45
0.07047511349127714 1.070475113491277 0.0 1.0 58
-0.7579952517636217 1.0 -1.0 1.0 60
1.0 1.5238804541998299 1.0 2.0 63
0.0 1.3005012811446273 0.0 2.0 66
0.0 0.9179195905259577 0.0 0.0 70
1.0 0.22284530888962928 1.0 0.0 71
0.0 1.7710316668210566 0.0 2.0 75
1.9784824081432046 1.0 2.0 1.0 77
0.09170093401937468 1.0 0.0 1.0 79
0.5419030933710318 1.4580969066289682 1.0 1.0 83
1.1250546444456424 1.0 2.0 1.0 84
1.0 0.26665338585522125 1.0 0.0 86
0.14175152082176445 1.0 0.0 1.0 87
0.0 1.7986501881667363 0.0 2.0 89
0.0 1.7720494979633212 0.0 2.0 91
-0.7999507891070226 1.0 -1.0 1.0 92
0.5793818292216868 1.4206181707783132 0.5 1.5 93
0.0 0.354298852000168 0.0 0.0 96
-0.06365075197460252 1.0 -1.0 1.0 97
0.0 0.1664641659290508 0.0 0.0 99
-0.02168995482453956 1.0 -1.0 1.0 100
0.6967708409202504 1.0 1.0 1.0 101
0.22185303788814603 1.2218530378881458 0.5 1.5 102
0.7427643874204034 1.2572356125795967 1.0 1.0 103
1.0 0.9625312518090109 1.0 1.0 105
0.16592211632504894 1.1659221163250488 0.0 1.0 106
1.0 1.6399983489199588 1.0 2.0 107
0.09407726145350517 1.094077261453505 0.5 1.5 108
0.844813989810675 1.0 1.0 1.0 110
0.38336324648180153 1.3833632464818015 0.0 1.0 111
0.4107062508188938 1.4107062508188937 0.5 1.5 112
0.0 1.1499316288788262 0.0 2.0 113
1.0 1.2884583001832464 1.0 2.0 114
1.0 0.4283570501106531 1.0 0.0 115
-0.0070335777781813935 1.0 -1.0 1.0 116
-0.30266459433022924 1.0 -1.0 1.0 117
1.0 1.2723666613426727 1.0 1.0 118
0.17382503129202947 1.0 1.0 1.0 119
0.0 0.8419681221402049 0.0 1.0 120
0.23181246756062518 1.0 1.0 1.0 121
-0.18014987755468745 1.0 0.0 1.0 122
1.0 0.9632462770330225 1.0 1.0 123
1.0 1.2698904882623492 1.0 1.0 124
1.0 1.0353460483729946 1.0 2.0 125
0.0 1.3117023812349564 0.0 1.0 126
0.0 0.8821811589070456 0.0 1.0 127
*** t = 50
0.0 1.4519227544485251 0.0 1.0 128
1.0 1.6171501669164599 1.0 1.0 129
0.0 1.2752288480436507 0.0 1.0 130
-0.16457544200506682 1.0 0.0 1.0 131
1.0 0.5973595536740766 1.0 1.0 132
1.4565239530835965 1.0 1.0 1.0 133
0.0 0.6285361671972187 0.0 1.0 134
0.0 1.455008578677563 0.0 1.0 135
1.0 1.468048779681582 1.0 1.0 136
0.0 1.5630503634692232 0.0 1.0 137
0.0 0.2221178104857589 0.0 1.0 138
0.0 1.668380938038435 0.0 1.0 139
-0.6664274642438894 1.0 0.0 1.0 140
1.0 0.1498441760814635 1.0 1.0 141
1.0 1.7265471494843423 1.0 1.0 142
1.8242118792898436 1.0 1.0 1.0 143
0.0 1.9099525751613233 0.0 1.0 144
0.0 0.0 0.0 1.0 145
0.0 2.0 0.0 1.0 146
1.0 2.0 1.0 1.0 147
0.42640288757251943 1.0 1.0 1.0 25
0.0 0.2198845987643756 0.0 0.0 37
1.0 1.989921561969101 1.0 2.0 44
0.5364160662885639 1.0 1.0 1.0 45
0.0 1.0187098065859939 0.0 2.0 58
-0.8712884236970759 1.0 -1.0 1.0 60
1.0 1.6326987511099382 1.0 2.0 63
0.0 1.4490898748853362 0.0 2.0 66
0.0 0.834636374146996 0.0 0.0 70
1.0 0.1517591212452145 1.0 0.0 71
0.0 1.8915113045089287 0.0 2.0 75
0.004960067383891736 1.0 0.0 1.0 79
0.6043535870989107 1.3956464129010893 1.0 1.0 83
1.2587003395413654 1.0 2.0 1.0 84
1.0 0.12279303774233813 1.0 0.0 86
0.043948969286067854 1.0 0.0 1.0 87
0.0 1.9459475664913013 0.0 2.0 89
0.0 1.8762877037258696 0.0 2.0 91
-0.9058302472897886 1.0 -1.0 1.0 92
0.5130450673414009 1.4869549326585991 0.5 1.5 93
0.0 0.18894253025017846 0.0 0.0 96
-0.21851727162133355 1.0 -1.0 1.0 97
0.0 0.04422844365765416 0.0 0.0 99
-0.18408352263771524 1.0 -1.0 1.0 100
0.8179687581288397 1.0 1.0 1.0 101
0.29331148550927627 1.2933114855092762 0.5 1.5 102
0.8542929388517073 1.1457070611482927 1.0 1.0 103
0.963427882667219 1.0 0.0 1.0 105
0.04736944979724132 1.0473694497972412 0.0 1.0 106
1.0 1.766152068067648 1.0 2.0 107
0.16084259834017617 1.160842598340176 0.5 1.5 108
1.0125243525207364 1.0 2.0 1.0 110
0.26302292514500647 1.2630229251450065 0.0 1.0 111
0.5224875540194379 1.4775124459805622 1.0 1.0 112
0.0 1.2649247917667088 0.0 2.0 113
1.0 1.417304130201571 1.0 2.0 114
1.0 0.2711927551217185 1.0 0.0 115
-0.11892619753131267 1.0 -1.0 1.0 116
-0.44740510481136586 1.0 -1.0 1.0 117
1.0 1.1915185126029697 1.0 1.0 118
0.3205531602035332 1.0 1.0 1.0 119
0.0 0.9622492824459484 0.0 1.0 120
0.4077856772121431 1.0 1.0 1.0 121
-0.06302843149107135 1.0 0.0 1.0 122
1.0 1.10085288803774 1.0 2.0 123
1.0 1.1655891294426848 1.0 1.0 124
1.0 1.1832526267119938 1.0 2.0 125
0.0 1.1969861114407825 0.0 1.0 126
0.0 1.0586173906884548 0.0 2.0 127
*** t = 51
0.0 1.3605765468566127 0.0 1.0 128
1.0 1.5533418614025365 1.0 1.0 129
0.0 1.1302746176523808 0.0 1.0 130
0.0025094695939197886 1.0 1.0 1.0 131
1.0 0.7168314644088919 1.0 1.0 132
1.3478287437003158 1.0 1.0 1.0 133
0.0 0.7856702089965234 0.0 1.0 134
0.0 1.3187607233469538 0.0 1.0 135
1.0 1.3350609746019775 1.0 1.0 136
0.0 1.417400484625631 0.0 1.0 137
0.0 0.3331767157286384 0.0 1.0 138
0.0 1.5025714070576524 0.0 1.0 139
-0.49964119636583415 1.0 0.0 1.0 140
1.0 0.22476626412219525 1.0 1.0 141
1.0 1.5898207242265134 1.0 1.0 142
1.7363178189347654 1.0 1.0 1.0 143
0.0 1.8199051503226467 0.0 1.0 144
0.0 0.10249932854978573 0.0 1.0 145
0.0 1.8958303987660248 0.0 1.0 146
1.0 1.905811524773966 1.0 1.0 147
0.0 2.0 0.0 1.0 148
-1.0 1.0 0.0 1.0 149
1.0 0.0 1.0 1.0 150
2.0 1.0 1.0 1.0 151
0.5545694732388294 1.0 1.0 1.0 25
0.0 0.10337546088635562 0.0 0.0 37
0.6526110553668479 1.0 1.0 1.0 45
0.0 1.1370864744811349 0.0 2.0 58
-0.9845815956305302 1.0 -1.0 1.0 60
1.0 1.7415170480200466 1.0 2.0 63
0.0 1.5976784686260452 0.0 2.0 66
0.0 0.7513531577680342 0.0 0.0 70
1.0 0.08067293360079975 1.0 0.0 71
-0.08178079925159121 1.0 -1.0 1.0 79
0.6668040808267897 1.3331959191732103 1.0 1.0 83
1.3923460346370884 1.0 2.0 1.0 84
-0.053853582249628745 1.0 -1.0 1.0 87
0.0 1.980525909488418 0.0 2.0 91
0.44670830546111495 1.446708305461115 0.0 1.0 93
0.0 0.023586208500188943 0.0 0.0 96
-0.3733837912680646 1.0 -1.0 1.0 97
-0.3464770904508909 1.0 -1.0 1.0 100
0.939166675337429 1.0 1.0 1.0 101
0.36476993313040657 1.3647699331304066 0.5 1.5 102
0.9658214902830112 1.0341785097169889 1.0 1.0 103
0.8893870171434489 1.0 0.0 1.0 105
0.0 0.8993317294862897 0.0 0.0 106
1.0 1.892305787215337 1.0 2.0 107
0.2276079352268472 1.227607935226847 0.5 1.5 108
1.1802347152307977 1.0 2.0 1.0 110
0.14268260380821138 1.1426826038082114 0.0 1.0 111
0.634268857219982 1.365731142780018 1.0 1.0 112
0.0 1.3799179546545914 0.0 2.0 113
1.0 1.5461499602198956 1.0 2.0 114
1.0 0.11402846013278384 1.0 0.0 115
-0.23081881728444395 1.0 -1.0 1.0 116
-0.5921456152925024 1.0 -1.0 1.0 117
1.0 1.1106703638632667 1.0 1.0 118
0.46728128911503697 1.0 1.0 1.0 119
0.05835783572404955 1.0583578357240495 0.5 1.5 120
0.5837588868636611 1.0 1.0 1.0 121
0.03824953741906913 1.0382495374190692 0.5 1.5 122
1.0 1.2384594990424573 1.0 2.0 123
1.0 1.0612877706230204 1.0 1.0 124
1.0 1.331159205050993 1.0 2.0 125
0.0 1.0822698416466086 0.0 1.0 126
0.0 1.235053622469864 0.0 2.0 127
*** t = 52
0.0 1.2692303392647002 0.0 1.0 128
1.0 1.4895335558886131 1.0 1.0 129
0.0 0.9853203872611109 0.0 0.0 130
0.1695943811929064 1.0 1.0 1.0 131
1.0 0.8363033751437072 1.0 1.0 132
1.239133534317035 1.0 1.0 1.0 133
0.0 0.9428042507958281 0.0 1.0 134
0.0 1.1825128680163446 0.0 1.0 135
1.0 1.202073169522373 1.0 1.0 136
0.0 1.2717506057820387 0.0 1.0 137
0.0 0.4442356209715178 0.0 1.0 138
0.0 1.3367618760768698 0.0 1.0 139
-0.33285492848777887 1.0 0.0 1.0 140
1.0 0.299688352162927 1.0 1.0 141
1.0 1.4530942989686846 1.0 1.0 142
1.6484237585796873 1.0 1.0 1.0 143
0.0 1.72985772548397 0.0 1.0 144
0.0 0.20499865709957146 0.0 1.0 145
0.0 1.7916607975320495 0.0 1.0 146
1.0 1.811623049547932 1.0 1.0 147
0.0 1.8588944098013913 0.0 1.0 148
-0.9022229225918033 1.0 0.0 1.0 149
1.0 0.13666851713651107 1.0 1.0 150
1.8696495086584257 1.0 1.0 1.0 151
0.0 0.0 0.0 1.0 152
0.6827360589051394 1.0 1.0 1.0 25
0.0 2.0 0.0 1.0 153
1.0 2.0 1.0 1.0 154
0.768806044445132 1.0 1.0 1.0 45
0.0 1.2554631423762759 0.0 2.0 58
1.0 1.850335344930155 1.0 2.0 63
0.0 1.7462670623667542 0.0 2.0 66
0.0 0.6680699413890725 0.0 0.0 70
1.0 0.009586745956384979 1.0 0.0 71
-0.16852166588707415 1.0 -1.0 1.0 79
0.7292545745546686 1.2707454254453314 1.0 1.0 83
1.5259917297328114 1.0 2.0 1.0 84
-0.15165613378532533 1.0 -1.0 1.0 87
0.38037154358082903 1.380371543580829 0.0 1.0 93
-0.5282503109147956 1.0 -1.0 1.0 97
-0.5088706582640666 1.0 -1.0 1.0 100
1.0 0.9396354074539817 1.0 0.0 101
0.43622838075153686 1.4362283807515368 0.5 1.5 102
1.0 1.109389478042509 1.0 2.0 103
0.8153461516196788 1.0 0.0 1.0 105
0.0 0.7316729406271694 0.0 0.0 106
0.29437327211351816 1.294373272113518 0.5 1.5 108
1.347945077940859 1.0 2.0 1.0 110
0.022342282471416314 1.0223422824714163 0.0 1.0 111
0.7460501604205262 1.253949839579474 1.0 1.0 112
0.0 1.494911117542474 0.0 2.0 113
1.0 1.6749957902382202 1.0 2.0 114
-0.34271143703757523 1.0 -1.0 1.0 116
-0.736886125773639 1.0 -1.0 1.0 117
1.0 1.0298222151235636 1.0 1.0 118
0.6140094180265407 1.0 1.0 1.0 119
0.14340945982522701 1.143409459825227 0.5 1.5 120
0.759732096515179 1.0 1.0 1.0 121
0.12106690615302657 1.1210669061530267 0.5 1.5 122
1.0 1.3760661100471747 1.0 2.0 123
0.956986411803356 1.0 0.0 1.0 124
1.0 1.4790657833899923 1.0 2.0 125
-0.03244642814756529 1.0 -1.0 1.0 126
0.0 1.4114898542512733 0.0 2.0 127
*** t = 53
0.0 1.1778841316727877 0.0 1.0 128
1.0 1.4257252503746898 1.0 1.0 129
0.0 0.8403661568698411 0.0 0.0 130
0.336679292791893 1.0 1.0 1.0 131
1.0 0.9557752858785226 1.0 1.0 132
1.1304383249337544 1.0 1.0 1.0 133
0.0 1.0999382925951329 0.0 2.0 134
0.0 1.0462650126857354 0.0 1.0 135
1.0 1.0690853644427685 1.0 1.0 136
0.0 1.1261007269384464 0.0 1.0 137
0.0 0.5552945262143972 0.0 1.0 138
0.0 1.1709523450960873 0.0 1.0 139
-0.16606866060972356 1.0 0.0 1.0 140
1.0 0.37461044020365875 1.0 1.0 141
1.0 1.3163678737108557 1.0 1.0 142
1.560529698224609 1.0 1.0 1.0 143
0.0 1.6398103006452933 0.0 1.0 144
0.0 0.3074979856493572 0.0 1.0 145
0.0 1.6874911962980743 0.0 1.0 146
1.0 1.717434574321898 1.0 1.0 147
0.0 1.7177888196027826 0.0 1.0 148
-0.8044458451836065 1.0 0.0 1.0 149
1.0 0.27333703427302214 1.0 1.0 150
1.7392990173168514 1.0 1.0 1.0 151
0.0 0.14173429647997857 0.0 1.0 152
0.8109026445714494 1.0 1.0 1.0 25
0.0 1.885463611267871 0.0 1.0 153
1.0 1.9115378356987698 1.0 1.0 154
0.0 2.0 0.0 1.0 155
0.8850010335234161 1.0 1.0 1.0 45
0.0 1.3738398102714169 0.0 2.0 58
1.0 1.9591536418402633 1.0 2.0 63
0.0 1.8948556561074632 0.0 2.0 66
0.0 0.5847867250101108 0.0 0.0 70
-0.2552625325225571 1.0 -1.0 1.0 79
0.7917050682825475 1.2082949317174525 1.0 1.0 83
1.6596374248285344 1.0 2.0 1.0 84
-0.24945868532102194 1.0 -1.0 1.0 87
0.3140347817005431 1.314034781700543 0.0 1.0 93
-0.6831168305615266 1.0 -1.0 1.0 97
-0.6712642260772423 1.0 -1.0 1.0 100
1.0 0.8184374902453924 1.0 0.0 101
0.5076868283726671 1.4923131716273328 1.0 1.0 102
1.0 1.2671146680684844 1.0 2.0 103
0.7413052860959087 1.0 0.0 1.0 105
0.0 0.564014151768049 0.0 0.0 106
0.3611386090001891 1.361138609000189 0.5 1.5 108
1.5156554406509204 1.0 2.0 1.0 110
-0.13859015564938432 1.0 -1.0 1.0 111
0.8578314636210703 1.1421685363789298 1.0 1.0 112
0.0 1.6099042804303567 0.0 2.0 113
1.0 1.8038416202565448 1.0 2.0 114
-0.4546040567907065 1.0 -1.0 1.0 116
-0.8816266362547756 1.0 -1.0 1.0 117
1.0510259336161394 1.0 2.0 1.0 118
0.7607375469380445 1.0 1.0 1.0 119
0.22846108392640446 1.2284610839264043 0.5 1.5 120
0.935705306166697 1.0 1.0 1.0 121
0.20388427488698402 1.2038842748869842 0.5 1.5 122
1.0 1.513672721051892 1.0 2.0 123
0.8526850529836916 1.0 0.0 1.0 124
1.0 1.6269723617289915 1.0 2.0 125
-0.14716269794173914 1.0 -1.0 1.0 126
0.0 1.5879260860326825 0.0 2.0 127
*** t = 54
0.0 1.0865379240808752 0.0 1.0 128
1.0 1.3619169448607664 1.0 1.0 129
0.0 0.6954119264785712 0.0 0.0 130
0.5037642043908797 1.0 1.0 1.0 131
0.9467921970094314 1.0532078029905687 0.5 1.5 132
1.0217431155504737 1.0 1.0 1.0 133
0.0 1.2570723343944374 0.0 2.0 134
-0.08998284264487394 1.0 -1.0 1.0 135
0.9548141508913224 1.0451858491086776 0.5 1.5 136
0.019549151905145862 1.0 1.0 1.0 137
0.0 0.6663534314572767 0.0 1.0 138
0.0 1.0051428141153047 0.0 1.0 139
5.074249656661381E-4 1.0005074249656662 0.5 1.5 140
1.0 0.4495325282443905 1.0 1.0 141
1.0 1.1796414484530269 1.0 1.0 142
1.472635637869531 1.0 1.0 1.0 143
0.0 1.5497628758066166 0.0 1.0 144
0.0 0.4099973141991429 0.0 1.0 145
0.0 1.583321595064099 0.0 1.0 146
1.0 1.623246099095864 1.0 1.0 147
0.0 1.576683229404174 0.0 1.0 148
-0.7066687677754098 1.0 0.0 1.0 149
1.0 0.4100055514095332 1.0 1.0 150
1.6089485259752772 1.0 1.0 1.0 151
0.0 0.28346859295995713 0.0 1.0 152
0.9390692302377595 1.0 1.0 1.0 25
0.0 1.7709272225357422 0.0 1.0 153
1.0 1.8230756713975396 1.0 1.0 154
0.0 1.8581828570183916 0.0 1.0 155
0.0 0.0 0.0 1.0 156
0.0 2.0 0.0 1.0 157
-1.0 1.0 0.0 1.0 158
1.0 0.0 1.0 1.0 159
1.0 2.0 1.0 1.0 160
2.0 1.0 1.0 1.0 161
0.9991542843078854 1.0008457156921147 0.5 1.5 45
0.0 1.492216478166558 0.0 2.0 58
0.0 0.501503508631149 0.0 0.0 70
-0.34200339915804 1.0 -1.0 1.0 79
0.8541555620104264 1.1458444379895736 1.0 1.0 83
1.7932831199242574 1.0 2.0 1.0 84
-0.34726123685671856 1.0 -1.0 1.0 87
0.2476980198202572 1.2476980198202572 0.0 1.0 93
-0.8379833502082576 1.0 -1.0 1.0 97
-0.833657793890418 1.0 -1.0 1.0 100
1.0 0.6972395730368031 1.0 0.0 101
0.5791452759937974 1.4208547240062026 1.0 1.0 102
1.0 1.4248398580944597 1.0 2.0 103
0.6672644205721386 1.0 0.0 1.0 105
0.0 0.3963553629089287 0.0 0.0 106
0.4279039458868601 1.42790394588686 0.5 1.5 108
1.6833658033609817 1.0 2.0 1.0 110
-0.3087770701842163 1.0 -1.0 1.0 111
0.9696127668216145 1.0303872331783857 1.0 1.0 112
0.0 1.7248974433182394 0.0 2.0 113
1.0 1.9326874502748694 1.0 2.0 114
-0.5664966765438377 1.0 -1.0 1.0 116
1.1318740823558424 1.0 2.0 1.0 118
0.9074656758495483 1.0 1.0 1.0 119
0.3135127080275819 1.3135127080275817 0.5 1.5 120
0.9210313641520911 1.078968635847909 0.5 1.5 121
0.28670164362094147 1.2867016436209417 0.5 1.5 122
1.0 1.6512793320566095 1.0 2.0 123
0.7483836941640272 1.0 0.0 1.0 124
1.0 1.7748789400679907 1.0 2.0 125
-0.261878967735913 1.0 -1.0 1.0 126
0.0 1.7643623178140917 0.0 2.0 127
*** t = 55
0.0 0.9951917164889628 0.0 0.0 128
1.0 1.298108639346843 1.0 1.0 129
0.0 0.5504576960873013 0.0 0.0 130
0.6708491159898663 1.0 1.0 1.0 131
0.8623127987675296 1.1376872012324706 0.5 1.5 132
0.9385155848124531 1.0614844151875469 0.5 1.5 133
0.0 1.414206376193742 0.0 2.0 134
-0.22623069797548323 1.0 -1.0 1.0 135
0.8607775721044192 1.1392224278955807 0.5 1.5 136
0.16519903074873815 1.0 1.0 1.0 137
0.0 0.7774123367001561 0.0 1.0 138
-0.1606667168654778 1.0 -1.0 1.0 139
0.11844312599103513 1.1184431259910352 0.5 1.5 140
1.0 0.5244546162851222 1.0 1.0 141
1.0 1.042915023195198 1.0 1.0 142
1.3847415775144527 1.0 1.0 1.0 143
0.0 1.45971545096794 0.0 1.0 144
0.0 0.5124966427489287 0.0 1.0 145
0.0 1.4791519938301239 0.0 1.0 146
1.0 1.52905762386983 1.0 1.0 147
0.0 1.4355776392055652 0.0 1.0 148
-0.608891690367213 1.0 0.0 1.0 149
1.0 0.5466740685460443 1.0 1.0 150
1.4785980346337029 1.0 1.0 1.0 151
0.0 0.42520288943993567 0.0 1.0 152
1.0672358159040694 1.0 2.0 1.0 25
0.0 1.6563908338036133 0.0 1.0 153
1.0 1.7346135070963093 1.0 1.0 154
0.0 1.7163657140367832 0.0 1.0 155
0.0 0.13590197274402302 0.0 1.0 156
0.0 1.8506808053092583 0.0 1.0 157
-0.8893149746680981 1.0 0.0 1.0 158
1.0 0.08476866145500661 1.0 1.0 159
1.0 1.895433710159661 1.0 1.0 160
1.895266540931508 1.0 1.0 1.0 161
0.0 2.0 0.0 1.0 162
0.916992019590734 1.0830079804092663 0.5 1.5 45
0.0 1.610593146061699 0.0 2.0 58
0.0 0.41822029225218726 0.0 0.0 70
-0.428744265793523 1.0 -1.0 1.0 79
0.9166060557383053 1.0833939442616947 1.0 1.0 83
1.9269288150199804 1.0 2.0 1.0 84
-0.44506378839241517 1.0 -1.0 1.0 87
0.18136125793997127 1.1813612579399713 0.0 1.0 93
-0.9928498698549887 1.0 -1.0 1.0 97
-0.9960513617035938 1.0 -1.0 1.0 100
1.0 0.5760416558282138 1.0 0.0 101
0.6506037236149277 1.3493962763850724 1.0 1.0 102
1.0 1.582565048120435 1.0 2.0 103
0.5932235550483685 1.0 0.0 1.0 105
0.0 0.22869657404980837 0.0 0.0 106
0.4946692827735311 1.494669282773531 0.5 1.5 108
1.851076166071043 1.0 2.0 1.0 110
-0.4789639847190482 1.0 -1.0 1.0 111
1.0 1.115108597722082 1.0 2.0 112
0.0 1.839890606206122 0.0 2.0 113
-0.678389296296969 1.0 -1.0 1.0 116
1.2127222310955454 1.0 2.0 1.0 118
1.054193804761052 1.0 2.0 1.0 119
0.3985643321287593 1.398564332128759 0.5 1.5 120
0.7965995143003407 1.2034004856996592 0.5 1.5 121
0.3695190123548989 1.369519012354899 0.5 1.5 122
1.0 1.7888859430613269 1.0 2.0 123
0.6440823353443628 1.0 0.0 1.0 124
1.0 1.92278551840699 1.0 2.0 125
-0.37659523753008683 1.0 -1.0 1.0 126
0.0 1.940798549595501 0.0 2.0 127
*** t = 56
0.0 0.9038455088970503 0.0 0.0 128
1.0 1.2343003338329197 1.0 1.0 129
0.0 0.40550346569603146 0.0 0.0 130
0.8379340275888529 1.0 1.0 1.0 131
0.7778334005256278 1.2221665994743725 0.5 1.5 132
0.8616564651750437 1.1383435348249564 0.5 1.5 133
0.0 1.5713404179930466 0.0 2.0 134
-0.3624785533060925 1.0 -1.0 1.0 135
0.766740993317516 1.2332590066824838 0.5 1.5 136
0.31084890959233047 1.0 1.0 1.0 137
0.0 0.8884712419430355 0.0 1.0 138
-0.3264762478462603 1.0 -1.0 1.0 139
0.23637882701640409 1.2363788270164042 0.5 1.5 140
1.0 0.599376704325854 1.0 1.0 141
0.9336653214488961 1.0663346785511039 0.5 1.5 142
1.2968475171593745 1.0 1.0 1.0 143
0.0 1.3696680261292633 0.0 1.0 144
0.0 0.6149959712987144 0.0 1.0 145
0.0 1.3749823925961486 0.0 1.0 146
1.0 1.4348691486437959 1.0 1.0 147
0.0 1.2944720490069566 0.0 1.0 148
-0.5111146129590163 1.0 0.0 1.0 149
1.0 0.6833425856825553 1.0 1.0 150
1.3482475432921286 1.0 1.0 1.0 151
0.0 0.5669371859199143 0.0 1.0 152
1.1954024015703792 1.0 2.0 1.0 25
0.0 1.5418544450714844 0.0 1.0 153
1.0 1.6461513427950791 1.0 1.0 154
0.0 1.5745485710551748 0.0 1.0 155
0.0 0.27180394548804604 0.0 1.0 156
0.0 1.7013616106185165 0.0 1.0 157
-0.7786299493361961 1.0 0.0 1.0 158
1.0 0.16953732291001322 1.0 1.0 159
1.0 1.790867420319322 1.0 1.0 160
1.7905330818630159 1.0 1.0 1.0 161
0.0 1.9060534905464697 0.0 1.0 162
0.0 0.0 0.0 1.0 163
0.0 2.0 0.0 1.0 164
1.0 2.0 1.0 1.0 165
0.8348297548735825 1.1651702451264176 0.5 1.5 45
0.0 1.72896981395684 0.0 2.0 58
0.0 0.3349370758732255 0.0 0.0 70
-0.515485132429006 1.0 -1.0 1.0 79
0.9790565494661843 1.0209434505338157 1.0 1.0 83
-0.5428663399281117 1.0 -1.0 1.0 87
0.11502449605968536 1.1150244960596853 0.0 1.0 93
1.0 0.4548437386196244 1.0 0.0 101
0.722062171236058 1.277937828763942 1.0 1.0 102
1.0 1.7402902381464103 1.0 2.0 103
0.5191826895245985 1.0 0.0 1.0 105
0.0 0.06103778519068803 0.0 0.0 106
0.5614346196602021 1.438565380339798 1.0 1.0 108
-0.6491508992538801 1.0 -1.0 1.0 111
1.0 1.2731912327280306 1.0 2.0 112
0.0 1.9548837690940046 0.0 2.0 113
-0.7902819160501002 1.0 -1.0 1.0 116
1.2935703798352485 1.0 2.0 1.0 118
1.2009219336725556 1.0 2.0 1.0 119
0.4836159562299367 1.4836159562299367 0.5 1.5 120
0.6721676644485903 1.3278323355514097 0.5 1.5 121
0.4523363810888564 1.4523363810888563 0.5 1.5 122
1.0 1.9264925540660442 1.0 2.0 123
0.5397809765246984 1.0 0.0 1.0 124
-0.49131150732426065 1.0 -1.0 1.0 126
*** t = 57
0.0 0.8124993013051378 0.0 0.0 128
1.0 1.1704920283189963 1.0 1.0 129
0.0 0.2605492353047616 0.0 0.0 130
0.9964510740659157 1.0035489259340842 0.5 1.5 131
0.6933540022837259 1.306645997716274 0.5 1.5 132
0.7847973455376342 1.215202654462366 0.5 1.5 133
0.0 1.7284744597923511 0.0 2.0 134
-0.4987264086367018 1.0 -1.0 1.0 135
0.6727044145306129 1.327295585469387 0.5 1.5 136
0.45649878843592273 1.0 1.0 1.0 137
0.0 0.9995301471859149 0.0 1.0 138
-0.4922857788270428 1.0 -1.0 1.0 139
0.3543145280417731 1.3543145280417732 0.5 1.5 140
1.0 0.6742987923665857 1.0 1.0 141
0.8369851389816897 1.1630148610183102 0.5 1.5 142
1.2089534568042963 1.0 1.0 1.0 143
0.0 1.2796206012905866 0.0 1.0 144
0.0 0.7174952998485001 0.0 1.0 145
0.0 1.2708127913621734 0.0 1.0 146
1.0 1.3406806734177619 1.0 1.0 147
0.0 1.1533664588083479 0.0 1.0 148
-0.41333753555081953 1.0 0.0 1.0 149
1.0 0.8200111028190664 1.0 1.0 150
1.2178970519505543 1.0 1.0 1.0 151
0.0 0.7086714823998929 0.0 1.0 152
1.3235689872366891 1.0 2.0 1.0 25
0.0 1.4273180563393555 0.0 1.0 153
1.0 1.557689178493849 1.0 1.0 154
0.0 1.4327314280735663 0.0 1.0 155
0.0 0.40770591823206903 0.0 1.0 156
0.0 1.5520424159277748 0.0 1.0 157
-0.6679449240042942 1.0 0.0 1.0 158
1.0 0.25430598436501983 1.0 1.0 159
1.0 1.686301130478983 1.0 1.0 160
1.6857996227945238 1.0 1.0 1.0 161
0.0 1.8121069810929393 0.0 1.0 162
0.0 0.15425886080973414 0.0 1.0 163
0.0 1.8509616709290992 0.0 1.0 164
1.0 1.8668697247408634 1.0 1.0 165
0.0 2.0 0.0 1.0 166
-1.0 1.0 0.0 1.0 167
1.0 0.0 1.0 1.0 168
2.0 1.0 1.0 1.0 169
0.752667490156431 1.2473325098435692 0.5 1.5 45
0.0 1.847346481851981 0.0 2.0 58
0.0 0.2516538594942638 0.0 0.0 70
-0.6022259990644889 1.0 -1.0 1.0 79
1.0 1.0586998234190501 1.0 2.0 83
-0.6406688914638083 1.0 -1.0 1.0 87
0.04868773417939945 1.0486877341793994 0.0 1.0 93
1.0 0.33364582141103505 1.0 0.0 101
0.7935206188571883 1.2064793811428118 1.0 1.0 102
1.0 1.8980154281723856 1.0 2.0 103
0.4451418240008284 1.0 0.0 1.0 105
0.6281999565468732 1.371800043453127 1.0 1.0 108
-0.8193378137887121 1.0 -1.0 1.0 111
1.0 1.4312738677339791 1.0 2.0 112
-0.9021745358032315 1.0 -1.0 1.0 116
1.3744185285749515 1.0 2.0 1.0 118
1.3476500625840593 1.0 2.0 1.0 119
0.5686675803311142 1.431332419668886 1.0 1.0 120
0.54773581459684 1.45226418540316 0.5 1.5 121
0.5351537498228137 1.4648462501771862 1.0 1.0 122
0.435479617705034 1.0 0.0 1.0 124
-0.6060277771184345 1.0 -1.0 1.0 126
*** t = 58
0.0 0.7211530937132253 0.0 0.0 128
1.0 1.106683722805073 1.0 1.0 129
0.0 0.11559500491349176 0.0 0.0 130
0.8783042000403174 1.1216957999596824 0.5 1.5 131
0.6088746040418241 1.391125395958176 0.5 1.5 132
0.7079382259002247 1.2920617740997753 0.5 1.5 133
0.0 1.8856085015916557 0.0 2.0 134
-0.634974263967311 1.0 -1.0 1.0 135
0.5786678357437097 1.4213321642562902 0.5 1.5 136
0.602148667279515 1.0 1.0 1.0 137
0.11058905242879438 1.0 1.0 1.0 138
-0.6580953098078253 1.0 -1.0 1.0 139
0.4722502290671421 1.4722502290671422 0.5 1.5 140
1.0 0.7492208804073175 1.0 1.0 141
0.7403049565144832 1.2596950434855165 0.5 1.5 142
1.1210593964492181 1.0 1.0 1.0 143
0.0 1.18957317645191 0.0 1.0 144
0.0 0.8199946283982859 0.0 1.0 145
0.0 1.1666431901281982 0.0 1.0 146
1.0 1.2464921981917279 1.0 1.0 147
0.0 1.0122608686097392 0.0 1.0 148
-0.3155604581426228 1.0 0.0 1.0 149
1.0 0.9566796199555775 1.0 1.0 150
1.08754656060898 1.0 1.0 1.0 151
0.0 0.8504057788798715 0.0 1.0 152
1.451735572902999 1.0 2.0 1.0 25
0.0 1.3127816676072266 0.0 1.0 153
1.0 1.4692270141926187 1.0 1.0 154
0.0 1.290914285091958 0.0 1.0 155
0.0 0.5436078909760921 0.0 1.0 156
0.0 1.402723221237033 0.0 1.0 157
-0.5572598986723922 1.0 0.0 1.0 158
1.0 0.33907464582002644 1.0 1.0 159
1.0 1.581734840638644 1.0 1.0 160
1.5810661637260317 1.0 1.0 1.0 161
0.0 1.718160471639409 0.0 1.0 162
0.0 0.3085177216194683 0.0 1.0 163
0.0 1.7019233418581985 0.0 1.0 164
1.0 1.7337394494817269 1.0 1.0 165
0.0 1.891635353406896 0.0 1.0 166
-0.901403362144602 1.0 0.0 1.0 167
1.0 0.12063331724969979 1.0 1.0 168
1.8651435152053708 1.0 1.0 1.0 169
0.0 0.0 0.0 1.0 170
0.0 2.0 0.0 1.0 171
1.0 2.0 1.0 1.0 172
0.6705052254392795 1.3294947745607206 0.5 1.5 45
0.0 1.965723149747122 0.0 2.0 58
0.0 0.16837064311530203 0.0 0.0 70
-0.6889668656999719 1.0 -1.0 1.0 79
1.0 1.1470181586259125 1.0 2.0 83
-0.738471442999505 1.0 -1.0 1.0 87
0.0 0.975040505662708 0.0 0.0 93
1.0 0.2124479042024457 1.0 0.0 101
0.8649790664783186 1.1350209335216814 1.0 1.0 102
0.3711009584770584 1.0 0.0 1.0 105
0.6949652934335442 1.305034706566456 1.0 1.0 108
-0.989524728323544 1.0 -1.0 1.0 111
1.0 1.5893565027399277 1.0 2.0 112
1.4552666773146545 1.0 2.0 1.0 118
1.494378191495563 1.0 2.0 1.0 119
0.6537192044322917 1.3462807955677085 1.0 1.0 120
0.4233039647450897 1.4233039647450896 0.0 1.0 121
0.6179711185567711 1.3820288814432287 1.0 1.0 122
0.33117825888536967 1.0 0.0 1.0 124
-0.7207440469126083 1.0 -1.0 1.0 126
*** t = 59
0.0 0.6298068861213129 0.0 0.0 128
1.0 1.0428754172911496 1.0 1.0 129
0.7601573260147192 1.2398426739852808 0.5 1.5 131
0.5243952057999223 1.4756047942000778 0.5 1.5 132
0.6310791062628153 1.3689208937371848 0.5 1.5 133
-0.7712221192979203 1.0 -1.0 1.0 135
0.48463125695680664 1.4846312569568065 0.0 1.0 136
0.7477985461231073 1.0 1.0 1.0 137
0.22164795767167383 1.0 1.0 1.0 138
-0.8239048407886078 1.0 -1.0 1.0 139
0.5901859300925111 1.4098140699074888 1.0 1.0 140
1.0 0.8241429684480492 1.0 1.0 141
0.6436247740472769 1.356375225952723 0.5 1.5 142
1.03316533609414 1.0 1.0 1.0 143
0.0 1.0995257516132333 0.0 1.0 144
0.0 0.9224939569480716 0.0 1.0 145
0.0 1.062473588894223 0.0 1.0 146
1.0 1.1523037229656938 1.0 1.0 147
0.09110697635558246 1.0911069763555825 0.5 1.5 148
-0.21778338073442602 1.0 0.0 1.0 149
0.9339928992510527 1.0660071007489473 0.5 1.5 150
0.9571960692674057 1.0 0.0 1.0 151
0.0 0.99214007535985 0.0 1.0 152
1.579902158569309 1.0 2.0 1.0 25
0.0 1.1982452788750977 0.0 1.0 153
1.0 1.3807648498913885 1.0 1.0 154
0.0 1.1490971421103495 0.0 1.0 155
0.0 0.6795098637201151 0.0 1.0 156
0.0 1.2534040265462913 0.0 1.0 157
-0.4465748733404903 1.0 0.0 1.0 158
1.0 0.42384330727503305 1.0 1.0 159
1.0 1.477168550798305 1.0 1.0 160
1.4763327046575396 1.0 1.0 1.0 161
0.0 1.6242139621858787 0.0 1.0 162
0.0 0.4627765824292024 0.0 1.0 163
0.0 1.5528850127872977 0.0 1.0 164
1.0 1.6006091742225903 1.0 1.0 165
0.0 1.7832707068137919 0.0 1.0 166
-0.8028067242892041 1.0 0.0 1.0 167
1.0 0.24126663449939958 1.0 1.0 168
1.7302870304107416 1.0 1.0 1.0 169
0.0 0.10265382760708112 0.0 1.0 170
0.0 1.899451191123941 0.0 1.0 171
1.0 1.829145037113281 1.0 1.0 172
0.588342960722128 1.411657039277872 0.5 1.5 45
0.0 2.0 0.0 1.0 173
0.0 0.08508742673634029 0.0 0.0 70
-0.7757077323354549 1.0 -1.0 1.0 79
1.0 1.2353364938327749 1.0 2.0 83
-0.8362739945352016 1.0 -1.0 1.0 87
0.0 0.881226157327693 0.0 0.0 93
1.0 0.09124998699385634 1.0 0.0 101
0.9364375140994489 1.0635624859005512 1.0 1.0 102
0.29706009295328833 1.0 0.0 1.0 105
0.7617306303202152 1.238269369679785 1.0 1.0 108
1.0 1.7474391377458762 1.0 2.0 112
1.5361148260543576 1.0 2.0 1.0 118
1.6411063204070666 1.0 2.0 1.0 119
0.7387708285334691 1.2612291714665311 1.0 1.0 120
0.2988721148933393 1.2988721148933393 0.0 1.0 121
0.7007884872907286 1.2992115127092712 1.0 1.0 122
0.22687690006570532 1.0 0.0 1.0 124
-0.8354603167067821 1.0 -1.0 1.0 126
*** t = 60
0.0 0.5384606785294004 0.0 0.0 128
0.9790671117772263 1.0 0.0 1.0 129
0.642010451989121 1.357989548010879 0.5 1.5 131
0.4399158075580204 1.4399158075580205 0.0 1.0 132
0.5542199866254058 1.4457800133745944 0.5 1.5 133
-0.9074699746285295 1.0 -1.0 1.0 135
0.39059467816990345 1.3905946781699035 0.0 1.0 136
0.8934484249666995 1.0 1.0 1.0 137
0.3327068629145533 1.0 1.0 1.0 138
-0.9897143717693904 1.0 -1.0 1.0 139
0.7081216311178801 1.2918783688821198 1.0 1.0 140
1.0 0.899065056488781 1.0 1.0 141
0.5469445915800705 1.4530554084199294 0.5 1.5 142
0.9613009479494019 1.038699052050598 0.5 1.5 143
0.0 1.0094783267745566 0.0 1.0 144
0.0249932854978573 1.0 1.0 1.0 145
0.0 0.9583039876602478 0.0 0.0 146
1.0 1.0581152477396598 1.0 1.0 147
0.1908836960483488 1.1908836960483489 0.5 1.5 148
-0.12000630332622925 1.0 0.0 1.0 149
0.8373536640091158 1.1626463359908843 0.5 1.5 150
0.8268455779258315 1.0 0.0 1.0 151
0.0 1.1338743718398285 0.0 2.0 152
1.7080687442356188 1.0 2.0 1.0 25
0.0 1.0837088901429688 0.0 1.0 153
1.0 1.2923026855901583 1.0 1.0 154
0.0 1.007279999128741 0.0 1.0 155
0.0 0.8154118364641382 0.0 1.0 156
0.0 1.1040848318555496 0.0 1.0 157
-0.33588984800858834 1.0 0.0 1.0 158
1.0 0.5086119687300397 1.0 1.0 159
1.0 1.372602260957966 1.0 1.0 160
1.3715992455890476 1.0 1.0 1.0 161
0.0 1.5302674527323483 0.0 1.0 162
0.0 0.6170354432389366 0.0 1.0 163
0.0 1.403846683716397 0.0 1.0 164
1.0 1.4674788989634537 1.0 1.0 165
0.0 1.6749060602206878 0.0 1.0 166
-0.7042100864338061 1.0 0.0 1.0 167
1.0 0.3618999517490994 1.0 1.0 168
1.5954305456161124 1.0 1.0 1.0 169
0.0 0.20530765521416225 0.0 1.0 170
0.0 1.7989023822478818 0.0 1.0 171
1.0 1.6582900742265618 1.0 1.0 172
0.5061806960049765 1.4938193039950236 0.5 1.5 45
0.0 1.8596052751884482 0.0 1.0 173
0.0 0.0 0.0 1.0 174
0.0 2.0 0.0 1.0 175
-1.0 1.0 0.0 1.0 176
1.0 0.0 1.0 1.0 177
1.0 2.0 1.0 1.0 178
2.0 1.0 1.0 1.0 179
0.0 0.001804210357378544 0.0 0.0 70
-0.8624485989709378 1.0 -1.0 1.0 79
1.0 1.3236548290396373 1.0 2.0 83
-0.9340765460708982 1.0 -1.0 1.0 87
0.0 0.7874118089926782 0.0 0.0 93
0.9888334238467782 1.0 0.0 1.0 102
0.2230192274295183 1.0 0.0 1.0 105
0.8284959672068861 1.171504032793114 1.0 1.0 108
1.0 1.9055217727518248 1.0 2.0 112
1.6169629747940606 1.0 2.0 1.0 118
1.7878344493185703 1.0 2.0 1.0 119
0.8238224526346465 1.1761775473653537 1.0 1.0 120
0.17444026504158894 1.174440265041589 0.0 1.0 121
0.783605856024686 1.2163941439753139 1.0 1.0 122
0.12257554124604098 1.0 0.0 1.0 124
-0.9501765865009559 1.0 -1.0 1.0 126
*** t = 61
0.0 0.44711447093748796 0.0 0.0 128
0.9152588062633029 1.0 0.0 1.0 129
0.5238635779635228 1.4761364220364772 0.5 1.5 131
0.35543640931611864 1.3554364093161186 0.0 1.0 132
0.4773608669879963 1.4773608669879963 0.0 1.0 133
0.2965580993830003 1.2965580993830004 0.0 1.0 136
1.0 1.039098303810292 1.0 2.0 137
0.44376576815743274 1.0 1.0 1.0 138
0.8260573321432491 1.1739426678567508 1.0 1.0 140
1.0 0.9739871445295127 1.0 1.0 141
0.45026440911286414 1.450264409112864 0.0 1.0 142
0.8991504618463065 1.1008495381536936 0.5 1.5 143
0.05697095559522324 1.0569709555952231 0.5 1.5 144
0.12749261404764303 1.0 1.0 1.0 145
0.0 0.8541343864262727 0.0 0.0 146
1.0 0.9639267725136258 1.0 0.0 147
0.2906604157411151 1.2906604157411152 0.5 1.5 148
-0.022229225918032475 1.0 0.0 1.0 149
0.740714428767179 1.2592855712328213 0.5 1.5 150
0.6964950865842572 1.0 0.0 1.0 151
0.0 1.2756086683198071 0.0 2.0 152
1.8362353299019287 1.0 2.0 1.0 25
0.03082749858916005 1.0 1.0 1.0 153
1.0 1.203840521288928 1.0 1.0 154
0.0 0.8654628561471327 0.0 0.0 155
0.0 0.9513138092081612 0.0 1.0 156
0.03198552470341708 1.031985524703417 0.5 1.5 157
-0.2252048226766864 1.0 0.0 1.0 158
1.0 0.5933806301850463 1.0 1.0 159
1.0 1.268035971117627 1.0 1.0 160
1.2668657865205555 1.0 1.0 1.0 161
0.0 1.436320943278818 0.0 1.0 162
0.0 0.7712943040486707 0.0 1.0 163
0.0 1.2548083546454962 0.0 1.0 164
1.0 1.3343486237043172 1.0 1.0 165
0.0 1.5665414136275837 0.0 1.0 166
-0.6056134485784082 1.0 0.0 1.0 167
1.0 0.48253326899879917 1.0 1.0 168
1.4605740608214832 1.0 1.0 1.0 169
0.0 0.30796148282124336 0.0 1.0 170
0.0 1.6983535733718227 0.0 1.0 171
1.0 1.4874351113398427 1.0 1.0 172
0.42401843128782496 1.424018431287825 0.0 1.0 45
0.0 1.7192105503768964 0.0 1.0 173
0.0 0.12936160037557434 0.0 1.0 174
0.0 1.8623499945321231 0.0 1.0 175
-0.8386171831185026 1.0 0.0 1.0 176
1.0 0.1050908204254244 1.0 1.0 177
1.0 1.9078643312176704 1.0 1.0 178
1.9068113693186655 1.0 1.0 1.0 179
0.0 2.0 0.0 1.0 180
-0.9491894656064208 1.0 -1.0 1.0 79
1.0 1.4119731642464997 1.0 2.0 83
0.0 0.6935974606576633 0.0 0.0 93
0.8877759180748483 1.0 0.0 1.0 102
0.14897836190574826 1.0 0.0 1.0 105
0.8952613040935571 1.104738695906443 1.0 1.0 108
1.6978111235337636 1.0 2.0 1.0 118
1.934562578230074 1.0 2.0 1.0 119
0.9088740767358239 1.0911259232641761 1.0 1.0 120
0.05000841518983863 1.0500084151898386 0.0 1.0 121
0.8664232247586434 1.1335767752413566 1.0 1.0 122
0.01827418242637663 1.0 0.0 1.0 124
*** t = 62
0.0 0.35576826334557554 0.0 0.0 128
0.8514505007493796 1.0 0.0 1.0 129
0.4057167039379245 1.4057167039379246 0.0 1.0 131
0.2709570110742168 1.2709570110742168 0.0 1.0 132
0.40050174735058686 1.4005017473505867 0.0 1.0 133
0.20252152059609718 1.2025215205960973 0.0 1.0 136
1.0 1.1847481826538842 1.0 2.0 137
0.5548246734003122 1.0 1.0 1.0 138
0.943993033168618 1.0560069668313818 1.0 1.0 140
0.9654159499869501 1.0345840500130499 0.5 1.5 141
0.3535842266456577 1.3535842266456577 0.0 1.0 142
0.8369999757432112 1.163000024256789 0.5 1.5 143
0.12064410032703748 1.1206441003270373 0.5 1.5 144
0.22999194259742878 1.0 1.0 1.0 145
0.0 0.7499647851922976 0.0 0.0 146
1.0 0.8697382972875918 1.0 0.0 147
0.3904371354338815 1.3904371354338816 0.5 1.5 148
0.0 0.9244521485098357 0.0 0.0 149
0.6440751935252421 1.355924806474758 0.5 1.5 150
0.5661445952426829 1.0 0.0 1.0 151
0.0 1.4173429647997857 0.0 2.0 152
1.9644019155682386 1.0 2.0 1.0 25
0.14536388732128888 1.0 1.0 1.0 153
1.0 1.1153783569876978 1.0 1.0 154
0.0 0.7236457131655243 0.0 0.0 155
-0.08721578195218424 1.0 -1.0 1.0 156
0.13757013983055488 1.1375701398305549 0.5 1.5 157
-0.11451979734478447 1.0 0.0 1.0 158
1.0 0.6781492916400529 1.0 1.0 159
1.0 1.163469681277288 1.0 1.0 160
1.1621323274520634 1.0 1.0 1.0 161
0.0 1.3423744338252876 0.0 1.0 162
0.0 0.9255531648584049 0.0 1.0 163
0.0 1.1057700255745955 0.0 1.0 164
1.0 1.2012183484451806 1.0 1.0 165
0.0 1.4581767670344796 0.0 1.0 166
-0.5070168107230102 1.0 0.0 1.0 167
1.0 0.603166586248499 1.0 1.0 168
1.325717576026854 1.0 1.0 1.0 169
0.0 0.4106153104283245 0.0 1.0 170
0.0 1.5978047644957636 0.0 1.0 171
1.0 1.3165801484531237 1.0 1.0 172
0.34185616657067347 1.3418561665706734 0.0 1.0 45
0.0 1.5788158255653446 0.0 1.0 173
0.0 0.2587232007511487 0.0 1.0 174
0.0 1.7246999890642463 0.0 1.0 175
-0.6772343662370053 1.0 0.0 1.0 176
1.0 0.2101816408508488 1.0 1.0 177
1.0 1.8157286624353408 1.0 1.0 178
1.813622738637331 1.0 1.0 1.0 179
0.0 1.8444062339359624 0.0 1.0 180
0.0 0.0 0.0 1.0 181
0.0 2.0 0.0 1.0 182
1.0 2.0 1.0 1.0 183
1.0 1.500291499453362 1.0 2.0 83
0.0 0.5997831123226484 0.0 0.0 93
0.7867184123029185 1.0 0.0 1.0 102
0.0749374963819782 1.0 0.0 1.0 105
0.962026640980228 1.037973359019772 1.0 1.0 108
1.7786592722734667 1.0 2.0 1.0 118
0.9939257008370014 1.0060742991629987 1.0 1.0 120
0.0 1.1052506306572636 0.0 2.0 121
0.9492405934926008 1.050759406507399 1.0 1.0 122
0.0 0.9139728236067123 0.0 0.0 124
*** t = 63
0.0 0.2644220557536631 0.0 0.0 128
0.7876421952354562 1.0 0.0 1.0 129
0.28756982991232627 1.2875698299123264 0.0 1.0 131
0.186477612832315 1.186477612832315 0.0 1.0 132
0.3236426277131774 1.3236426277131772 0.0 1.0 133
0.10848494180919405 1.108484941809194 0.0 1.0 136
1.0 1.3303980614974764 1.0 2.0 137
0.6658835786431916 1.0 1.0 1.0 138
1.0 1.0875804557977349 1.0 2.0 140
0.9124380334726931 1.0875619665273069 0.5 1.5 141
0.25690404417845125 1.2569040441784514 0.0 1.0 142
0.7748494896401158 1.2251505103598843 0.5 1.5 143
0.18431724505885172 1.1843172450588515 0.5 1.5 144
0.3324912711472145 1.0 1.0 1.0 145
0.0 0.6457951839583225 0.0 0.0 146
1.0 0.7755498220615578 1.0 0.0 147
0.49021385512664784 1.490213855126648 0.5 1.5 148
0.0 0.826675071101639 0.0 0.0 149
0.5474359582833053 1.4525640417166947 0.5 1.5 150
0.4357941039011086 1.0 0.0 1.0 151
0.0 1.5590772612797643 0.0 2.0 152
0.2599002760534177 1.0 1.0 1.0 153
1.0 1.0269161926864676 1.0 1.0 154
0.0 0.5818285701839159 0.0 0.0 155
-0.22311775469620726 1.0 -1.0 1.0 156
0.24315475495769268 1.2431547549576927 0.5 1.5 157
-0.0038347720128825424 1.0 0.0 1.0 158
1.0 0.7629179530950595 1.0 1.0 159
1.0 1.058903391436949 1.0 1.0 160
1.0573988683835713 1.0 1.0 1.0 161
0.0 1.2484279243717573 0.0 1.0 162
-0.07981202566813902 1.0 -1.0 1.0 163
0.0 0.9567316965036947 0.0 0.0 164
1.0 1.068088073186044 1.0 1.0 165
0.0 1.3498121204413756 0.0 1.0 166
-0.4084201728676123 1.0 0.0 1.0 167
1.0 0.7237999034981988 1.0 1.0 168
1.1908610912322248 1.0 1.0 1.0 169
0.0 0.5132691380354056 0.0 1.0 170
0.0 1.4972559556197045 0.0 1.0 171
1.0 1.1457251855664046 1.0 1.0 172
0.259693901853522 1.2596939018535218 0.0 1.0 45
0.0 1.4384211007537928 0.0 1.0 173
0.0 0.38808480112672306 0.0 1.0 174
0.0 1.5870499835963694 0.0 1.0 175
-0.5158515493555079 1.0 0.0 1.0 176
1.0 0.31527246127627323 1.0 1.0 177
1.0 1.7235929936530112 1.0 1.0 178
1.7204341079559964 1.0 1.0 1.0 179
0.0 1.6888124678719247 0.0 1.0 180
0.0 0.09017976441557579 0.0 1.0 181
0.0 1.8770756669209756 0.0 1.0 182
1.0 1.8458713437107 1.0 1.0 183
0.0 2.0 0.0 1.0 184
-1.0 1.0 0.0 1.0 185
1.0 0.0 1.0 1.0 186
2.0 1.0 1.0 1.0 187
1.0 1.5886098346602244 1.0 2.0 83
0.0 0.5059687639876335 0.0 0.0 93
0.6856609065309887 1.0 0.0 1.0 102
8.966308582081528E-4 1.0 0.0 1.0 105
1.0 0.9592819944130854 1.0 0.0 108
1.8595074210131697 1.0 2.0 1.0 118
1.0 0.8883091959524807 1.0 0.0 120
0.0 1.2812238403087814 0.0 2.0 121
1.045336804962843 1.0 2.0 1.0 122
0.0 0.809671464787048 0.0 0.0 124
*** t = 64
0.0 0.1730758481617507 0.0 0.0 128
0.7238338897215328 1.0 0.0 1.0 129
0.16942295588672804 1.1694229558867282 0.0 1.0 131
0.10199821459041318 1.101998214590413 0.0 1.0 132
0.24678350807576793 1.2467835080757677 0.0 1.0 133
0.014448363022290883 1.014448363022291 0.0 1.0 136
1.0 1.4760479403410687 1.0 2.0 137
0.776942483886071 1.0 1.0 1.0 138
1.0 1.2543667236757903 1.0 2.0 140
0.8594601169584362 1.1405398830415638 0.5 1.5 141
0.16022386171124486 1.160223861711245 0.0 1.0 142
0.7126990035370204 1.2873009964629798 0.5 1.5 143
0.24799038979066595 1.2479903897906657 0.5 1.5 144
0.4349905996970002 1.0 1.0 1.0 145
0.0 0.5416255827243474 0.0 0.0 146
1.0 0.6813613468355237 1.0 0.0 147
0.5899905748194142 1.4100094251805857 1.0 1.0 148
0.0 0.7288979936934422 0.0 0.0 149
0.4507967230413684 1.4507967230413685 0.0 1.0 150
0.30544361255953434 1.0 0.0 1.0 151
0.0 1.700811557759743 0.0 2.0 152
0.37443666478554655 1.0 1.0 1.0 153
0.9384540283852374 1.0 0.0 1.0 154
0.0 0.44001142720230746 0.0 0.0 155
-0.35901972744023025 1.0 -1.0 1.0 156
0.34873937008483047 1.3487393700848305 0.5 1.5 157
0.0 1.1068502533190194 0.0 2.0 158
1.0 0.8476866145500661 1.0 1.0 159
0.9543371015966099 1.0 0.0 1.0 160
1.0 0.9526654093150794 1.0 0.0 161
0.0 1.154481414918227 0.0 1.0 162
-0.23407088647787316 1.0 -1.0 1.0 163
0.0 0.807693367432794 0.0 0.0 164
0.9540082178508106 1.0459917821491895 0.5 1.5 165
0.0 1.2414474738482715 0.0 1.0 166
-0.3098235350122144 1.0 0.0 1.0 167
1.0 0.8444332207478986 1.0 1.0 168
1.0560046064375956 1.0 1.0 1.0 169
0.0 0.6159229656424867 0.0 1.0 170
0.0 1.3967071467436454 0.0 1.0 171
0.9748702226796856 1.0 0.0 1.0 172
0.17753163713637046 1.1775316371363704 0.0 1.0 45
0.0 1.298026375942241 0.0 1.0 173
0.0 0.5174464015022974 0.0 1.0 174
0.0 1.4493999781284925 0.0 1.0 175
-0.35446873247401056 1.0 0.0 1.0 176
1.0 0.4203632817016976 1.0 1.0 177
1.0 1.6314573248706816 1.0 1.0 178
1.6272454772746618 1.0 1.0 1.0 179
0.0 1.533218701807887 0.0 1.0 180
0.0 0.18035952883115158 0.0 1.0 181
0.0 1.7541513338419512 0.0 1.0 182
1.0 1.6917426874213999 1.0 1.0 183
0.0 1.9334304826826707 0.0 1.0 184
-0.8456297920071119 1.0 0.0 1.0 185
1.0 0.11822098584366621 1.0 1.0 186
1.8725950961660656 1.0 1.0 1.0 187
0.0 0.0 0.0 1.0 188
0.0 2.0 0.0 1.0 189
1.0 2.0 1.0 1.0 190
1.0 1.6769281698670868 1.0 2.0 83
0.0 0.41215441565261857 0.0 0.0 93
0.5846034007590588 1.0 0.0 1.0 102
0.0 0.9268557653344381 0.0 0.0 105
1.0 0.8648615494915466 1.0 0.0 108
1.9403555697528727 1.0 2.0 1.0 118
1.0 0.7680280356467372 1.0 0.0 120
0.0 1.4571970499602993 0.0 2.0 121
1.1624582510264592 1.0 2.0 1.0 122
0.0 0.7053701059673836 0.0 0.0 124
*** t = 65
0.0 0.08172964056983828 0.0 0.0 128
0.6600255842076095 1.0 0.0 1.0 129
0.05127608186112982 1.05127608186113 0.0 1.0 131
0.017518816348511324 1.0175188163485114 0.0 1.0 132
0.16992438843835841 1.1699243884383583 0.0 1.0 133
0.0 1.1125547341393909 0.0 2.0 136
1.0 1.621697819184661 1.0 2.0 137
0.8880013891289504 1.0 1.0 1.0 138
1.0 1.4211529915538457 1.0 2.0 140
0.8064822004441792 1.1935177995558208 0.5 1.5 141
0.06354367924403849 1.0635436792440385 0.0 1.0 142
0.6505485174339249 1.349451482566075 0.5 1.5 143
0.3116635345224802 1.3116635345224799 0.5 1.5 144
0.537489928246786 1.0 1.0 1.0 145
0.0 0.43745598149037224 0.0 0.0 146
1.0 0.5871728716094897 1.0 0.0 147
0.6897672945121806 1.3102327054878193 1.0 1.0 148
0.0 0.6311209162852455 0.0 0.0 149
0.35415748779943157 1.3541574877994316 0.0 1.0 150
0.17509312121796006 1.0 0.0 1.0 151
0.0 1.8425458542397215 0.0 2.0 152
0.4889730535176754 1.0 1.0 1.0 153
0.8499918640840072 1.0 0.0 1.0 154
0.0 0.29819428422069905 0.0 0.0 155
-0.4949217001842533 1.0 -1.0 1.0 156
0.45432398521196826 1.4543239852119683 0.5 1.5 157
0.0 1.2175352786509213 0.0 2.0 158
1.0 0.9324552760050727 1.0 1.0 159
0.8497708117562708 1.0 0.0 1.0 160
1.0 0.8479319502465874 1.0 0.0 161
0.0 1.0605349054646966 0.0 1.0 162
-0.3883297472876073 1.0 -1.0 1.0 163
0.0 0.6586550383618932 0.0 0.0 164
0.8598708974338435 1.1401291025661566 0.5 1.5 165
0.0 1.1330828272551674 0.0 1.0 166
-0.21122689715681647 1.0 0.0 1.0 167
1.0 0.9650665379975985 1.0 1.0 168
0.9211481216429664 1.0 0.0 1.0 169
0.0 0.7185767932495678 0.0 1.0 170
0.0 1.2961583378675863 0.0 1.0 171
0.8040152597929666 1.0 0.0 1.0 172
0.09536937241921896 1.0953693724192188 0.0 1.0 45
0.0 1.1576316511306892 0.0 1.0 173
0.0 0.6468080018778717 0.0 1.0 174
0.0 1.3117499726606157 0.0 1.0 175
-0.19308591559251317 1.0 0.0 1.0 176
1.0 0.5254541021271221 1.0 1.0 177
1.0 1.539321656088352 1.0 1.0 178
1.5340568465933273 1.0 1.0 1.0 179
0.0 1.3776249357438495 0.0 1.0 180
0.0 0.2705392932467274 0.0 1.0 181
0.0 1.6312270007629268 0.0 1.0 182
1.0 1.5376140311320998 1.0 1.0 183
0.0 1.8668609653653414 0.0 1.0 184
-0.6912595840142237 1.0 0.0 1.0 185
1.0 0.23644197168733241 1.0 1.0 186
1.7451901923321311 1.0 1.0 1.0 187
0.0 0.16128750637523478 0.0 1.0 188
0.0 1.8629532899689014 0.0 1.0 189
1.0 1.9239085591919798 1.0 1.0 190
0.0 2.0 0.0 1.0 191
1.0 1.7652465050739492 1.0 2.0 83
0.0 0.31834006731760367 0.0 0.0 93
0.48354589498712897 1.0 0.0 1.0 102
0.0 0.852814899810668 0.0 0.0 105
1.0 0.7704411045700077 1.0 0.0 108
1.0 0.6477468753409936 1.0 0.0 120
0.0 1.6331702596118172 0.0 2.0 121
1.2795796970900752 1.0 2.0 1.0 122
0.0 0.6010687471477192 0.0 0.0 124
*** t = 66
0.5962172786936861 1.0 0.0 1.0 129
0.0 0.9054304187943764 0.0 0.0 131
0.0 1.094696563058027 0.0 2.0 132
0.09306526880094892 1.0930652688009488 0.0 1.0 133
0.0 1.2455425392189954 0.0 2.0 136
1.0 1.7673476980282532 1.0 2.0 137
0.9990602943718299 1.0 1.0 1.0 138
1.0 1.587939259431901 1.0 2.0 140
0.7535042839299222 1.2464957160700778 0.5 1.5 141
0.04686209226782387 1.0 1.0 1.0 142
0.5883980313308296 1.4116019686691705 0.5 1.5 143
0.37533667925429437 1.3753366792542943 0.5 1.5 144
0.6399892567965717 1.0 1.0 1.0 145
0.0 0.3332863802563971 0.0 0.0 146
1.0 0.4929843963834557 1.0 0.0 147
0.7895440142049469 1.210455985795053 1.0 1.0 148
0.0 0.5333438388770487 0.0 0.0 149
0.2575182525574947 1.2575182525574946 0.0 1.0 150
0.044742629876385775 1.0 0.0 1.0 151
0.0 1.9842801507197 0.0 2.0 152
0.6035094422498042 1.0 1.0 1.0 153
0.761529699782777 1.0 0.0 1.0 154
0.0 0.1563771412390906 0.0 0.0 155
-0.6308236729282763 1.0 -1.0 1.0 156
0.559908600339106 1.440091399660894 1.0 1.0 157
0.0 1.328220303982823 0.0 2.0 158
1.0 1.0172239374600793 1.0 2.0 159
0.7452045219159317 1.0 0.0 1.0 160
1.0 0.7431984911780954 1.0 0.0 161
0.023625571750823863 1.0236255717508238 0.5 1.5 162
-0.5425886080973414 1.0 -1.0 1.0 163
0.0 0.5096167092909925 0.0 0.0 164
0.7657335770168764 1.2342664229831237 0.5 1.5 165
0.0 1.0247181806620633 0.0 1.0 166
-0.11263025930141857 1.0 0.0 1.0 167
0.9394010512079299 1.0605989487920702 0.5 1.5 168
0.7862916368483372 1.0 0.0 1.0 169
0.0 0.8212306208566489 0.0 1.0 170
0.0 1.1956095289915272 0.0 1.0 171
0.6331602969062476 1.0 0.0 1.0 172
0.0132071077020674 1.0132071077020675 0.0 1.0 45
0.0 1.0172369263191374 0.0 1.0 173
0.0 0.776169602253446 0.0 1.0 174
0.0 1.1740999671927388 0.0 1.0 175
-0.03170309871101579 1.0 0.0 1.0 176
1.0 0.6305449225525465 1.0 1.0 177
1.0 1.4471859873060224 1.0 1.0 178
1.4408682159119928 1.0 1.0 1.0 179
0.0 1.2220311696798118 0.0 1.0 180
0.0 0.36071905766230317 0.0 1.0 181
0.0 1.5083026676839024 0.0 1.0 182
1.0 1.3834853748427998 1.0 1.0 183
0.0 1.800291448048012 0.0 1.0 184
-0.5368893760213356 1.0 0.0 1.0 185
1.0 0.35466295753099863 1.0 1.0 186
1.6177852884981967 1.0 1.0 1.0 187
0.0 0.32257501275046957 0.0 1.0 188
0.0 1.7259065799378028 0.0 1.0 189
1.0 1.8478171183839596 1.0 1.0 190
0.0 1.9365452337791338 0.0 1.0 191
0.0 0.0 0.0 1.0 192
0.0 2.0 0.0 1.0 193
-1.0 1.0 0.0 1.0 194
1.0 0.0 1.0 1.0 195
1.0 2.0 1.0 1.0 196
2.0 1.0 1.0 1.0 197
1.0 1.8535648402808116 1.0 2.0 83
0.0 0.2245257189825888 0.0 0.0 93
0.3824883892151991 1.0 0.0 1.0 102
0.0 0.778774034286898 0.0 0.0 105
1.0 0.6760206596484688 1.0 0.0 108
1.0 0.5274657150352501 1.0 0.0 120
0.0 1.809143469263335 0.0 2.0 121
1.3967011431536913 1.0 2.0 1.0 122
0.0 0.49676738832805484 0.0 0.0 124
*** t = 67
0.5324089731797628 1.0 0.0 1.0 129
0.0 0.7383455071953897 0.0 0.0 131
0.0 1.2141684737928422 0.0 2.0 132
0.016206149163539393 1.0162061491635395 0.0 1.0 133
0.0 1.3785303442985999 0.0 2.0 136
1.0 1.9129975768718455 1.0 2.0 137
1.0 0.8898808003852907 1.0 0.0 138
1.0 1.7547255273099565 1.0 2.0 140
0.7005263674156652 1.2994736325843348 0.5 1.5 141
0.1835885175256527 1.0 1.0 1.0 142
0.5262475452277341 1.4737524547722658 0.5 1.5 143
0.4390098239861086 1.4390098239861084 0.5 1.5 144
0.7424885853463574 1.0 1.0 1.0 145
0.0 0.229116779022422 0.0 0.0 146
1.0 0.3987959211574217 1.0 0.0 147
0.8893207338977133 1.1106792661022866 1.0 1.0 148
0.0 0.435566761468852 0.0 0.0 149
0.16087901731555784 1.1608790173155579 0.0 1.0 150
0.06053389936491332 1.0605338993649134 0.5 1.5 151
0.718045830981933 1.0 1.0 1.0 153
0.6730675354815467 1.0 0.0 1.0 154
0.0 0.014559998257482165 0.0 0.0 155
-0.7667256456722994 1.0 -1.0 1.0 156
0.6654932154662438 1.3345067845337562 1.0 1.0 157
0.0 1.438905329314725 0.0 2.0 158
1.0 1.101992598915086 1.0 2.0 159
0.6406382320755926 1.0 0.0 1.0 160
1.0 0.6384650321096035 1.0 0.0 161
0.0900557856542213 1.0900557856542212 0.5 1.5 162
-0.6968474689070756 1.0 -1.0 1.0 163
0.0 0.3605783802200917 0.0 0.0 164
0.6715962565999093 1.3284037434000908 0.5 1.5 165
0.0836464659310408 1.0 1.0 1.0 166
-0.014033621446020661 1.0 0.0 1.0 167
0.854100414543639 1.145899585456361 0.5 1.5 168
0.651435152053708 1.0 0.0 1.0 169
0.0 0.92388444846373 0.0 1.0 170
0.0 1.095060720115468 0.0 1.0 171
0.46230533401952867 1.0 0.0 1.0 172
-0.09751731824629817 1.0 -1.0 1.0 45
-0.12315779849241448 1.0 -1.0 1.0 173
0.0 0.9055312026290203 0.0 1.0 174
0.0 1.036449961724862 0.0 1.0 175
0.0 0.8703202818295184 0.0 0.0 176
1.0 0.7356357429779709 1.0 1.0 177
1.0 1.3550503185236928 1.0 1.0 178
1.3476795852306582 1.0 1.0 1.0 179
0.0 1.0664374036157742 0.0 1.0 180
0.0 0.45089882207787896 0.0 1.0 181
0.0 1.385378334604878 0.0 1.0 182
1.0 1.2293567185534997 1.0 1.0 183
0.0 1.7337219307306828 0.0 1.0 184
-0.3825191680284475 1.0 0.0 1.0 185
1.0 0.47288394337466483 1.0 1.0 186
1.4903803846642623 1.0 1.0 1.0 187
0.0 0.4838625191257043 0.0 1.0 188
0.0 1.5888598699067042 0.0 1.0 189
1.0 1.7717256775759394 1.0 1.0 190
0.0 1.8730904675582676 0.0 1.0 191
0.0 0.14079708392988396 0.0 1.0 192
0.0 1.8891436443055758 0.0 1.0 193
-0.8587115454751698 1.0 0.0 1.0 194
1.0 0.13194024737899673 1.0 1.0 195
1.0 1.8859320220760263 1.0 1.0 196
1.8898656046216855 1.0 1.0 1.0 197
0.0 2.0 0.0 1.0 198
1.0 1.941883175487674 1.0 2.0 83
0.0 0.13071137064757393 0.0 0.0 93
0.2814308834432693 1.0 0.0 1.0 102
0.0 0.7047331687631279 0.0 0.0 105
1.0 0.5816002147269299 1.0 0.0 108
1.0 0.40718455472950654 1.0 0.0 120
0.0 1.9851166789148529 0.0 2.0 121
1.5138225892173074 1.0 2.0 1.0 122
0.0 0.3924660295083905 0.0 0.0 124
*** t = 68
0.46860066766583947 1.0 0.0 1.0 129
0.0 0.5712605955964031 0.0 0.0 131
0.0 1.3336403845276574 0.0 2.0 132
0.0 0.9142237465576382 0.0 0.0 133
0.0 1.5115181493782044 0.0 2.0 136
1.0 0.7788218951424113 1.0 0.0 138
1.0 1.9215117951880119 1.0 2.0 140
0.6475484509014082 1.3524515490985918 0.5 1.5 141
0.3203149427834815 1.0 1.0 1.0 142
0.4640970591246388 1.4640970591246387 0.0 1.0 143
0.5026829687179227 1.4973170312820772 1.0 1.0 144
0.8449879138961431 1.0 1.0 1.0 145
0.0 0.12494717778844688 0.0 0.0 146
1.0 0.30460744593138767 1.0 0.0 147
0.9890974535904796 1.0109025464095203 1.0 1.0 148
0.0 0.33778968406065524 0.0 0.0 149
0.064239782073621 1.064239782073621 0.0 1.0 150
0.15270561572353886 1.152705615723539 0.5 1.5 151
0.8325822197140618 1.0 1.0 1.0 153
0.5846053711803165 1.0 0.0 1.0 154
-0.9026276184163224 1.0 -1.0 1.0 156
0.7710778305933816 1.2289221694066184 1.0 1.0 157
0.0 1.5495903546466268 0.0 2.0 158
1.0 1.1867612603700928 1.0 2.0 159
0.5360719422352535 1.0 0.0 1.0 160
1.0 0.5337315730411115 1.0 0.0 161
0.15648599955761874 1.1564859995576187 0.5 1.5 162
-0.8511063297168098 1.0 -1.0 1.0 163
0.0 0.21154005114919092 0.0 0.0 164
0.5774589361829422 1.422541063817058 0.5 1.5 165
0.19201111252414493 1.0 1.0 1.0 166
0.08456301640937725 1.0 1.0 1.0 167
0.7687997778793482 1.2312002221206517 0.5 1.5 168
0.5165786672590789 1.0 0.0 1.0 169
-0.026538276070811093 1.0 -1.0 1.0 170
0.005488088760591134 1.0 1.0 1.0 171
0.2914503711328097 1.0 0.0 1.0 172
-0.21371230732458224 1.0 -1.0 1.0 45
-0.2635525233039664 1.0 -1.0 1.0 173
0.03489280300459466 1.0 1.0 1.0 174
0.10120004374301497 1.0 1.0 1.0 175
0.0 0.708937464948021 0.0 0.0 176
1.0 0.8407265634033952 1.0 1.0 177
1.0 1.2629146497413632 1.0 1.0 178
1.2544909545493237 1.0 1.0 1.0 179
0.0891563624482633 1.0 1.0 1.0 180
0.0 0.5410785864934547 0.0 1.0 181
0.0 1.2624540015258536 0.0 1.0 182
1.0 1.0752280622641996 1.0 1.0 183
0.0 1.6671524134133535 0.0 1.0 184
-0.2281489600355594 1.0 0.0 1.0 185
1.0 0.591104929218331 1.0 1.0 186
1.3629754808303278 1.0 1.0 1.0 187
0.0 0.6451500255009391 0.0 1.0 188
0.0 1.4518131598756057 0.0 1.0 189
1.0 1.6956342367679191 1.0 1.0 190
0.0 1.8096357013374014 0.0 1.0 191
0.0 0.28159416785976793 0.0 1.0 192
0.0 1.7782872886111516 0.0 1.0 193
-0.7174230909503396 1.0 0.0 1.0 194
1.0 0.26388049475799347 1.0 1.0 195
1.0 1.7718640441520526 1.0 1.0 196
1.779731209243371 1.0 1.0 1.0 197
0.0 1.8395154955009918 0.0 1.0 198
0.0 0.0 0.0 1.0 199
0.0 2.0 0.0 1.0 200
1.0 2.0 1.0 1.0 201
0.0 0.036897022312559064 0.0 0.0 93
0.1803733776713394 1.0 0.0 1.0 102
0.0 0.6306923032393578 0.0 0.0 105
1.0 0.48717976980539107 1.0 0.0 108
1.0 0.286903394423763 1.0 0.0 120
1.6309440352809235 1.0 2.0 1.0 122
0.0 0.28816467068872614 0.0 0.0 124
*** t = 69
0.40479236215191616 1.0 0.0 1.0 129
0.0 0.40417568399741644 0.0 0.0 131
0.0 1.4531122952624727 0.0 2.0 132
0.0 0.8055285371743575 0.0 0.0 133
0.0 1.644505954457809 0.0 2.0 136
1.0 0.6677629898995319 1.0 0.0 138
0.5945705343871512 1.4054294656128488 0.5 1.5 141
0.45704136804131035 1.0 1.0 1.0 142
0.4019465730215434 1.4019465730215432 0.0 1.0 143
0.566356113449737 1.433643886550263 1.0 1.0 144
0.9474872424459289 1.0 1.0 1.0 145
0.0 0.020777576554471766 0.0 0.0 146
1.0 0.21041897070535365 1.0 0.0 147
1.0 1.125687061201863 1.0 2.0 148
0.0 0.24001260665245847 0.0 0.0 149
0.0 0.9541802539158957 0.0 0.0 150
0.2448773320821644 1.2448773320821644 0.5 1.5 151
0.9471186084461906 1.0 1.0 1.0 153
0.49614320687908625 1.0 0.0 1.0 154
0.8766624457205194 1.1233375542794806 1.0 1.0 157
0.0 1.6602753799785286 0.0 2.0 158
1.0 1.2715299218250995 1.0 2.0 159
0.43150565239491434 1.0 0.0 1.0 160
1.0 0.4289981139726195 1.0 0.0 161
0.2229162134610162 1.222916213461016 0.5 1.5 162
0.0 0.06250172207829013 0.0 0.0 164
0.483321615765975 1.483321615765975 0.0 1.0 165
0.30037575911724906 1.0 1.0 1.0 166
0.18315965426477515 1.0 1.0 1.0 167
0.6834991412150574 1.3165008587849425 0.5 1.5 168
0.3817221824644497 1.0 0.0 1.0 169
-0.12919210367789222 1.0 -1.0 1.0 170
0.10603689763665033 1.0 1.0 1.0 171
0.12059540824609072 1.0 0.0 1.0 172
-0.3299072964028663 1.0 -1.0 1.0 45
-0.4039472481155183 1.0 -1.0 1.0 173
0.164254403380169 1.0 1.0 1.0 174
0.23885004921089187 1.0 1.0 1.0 175
0.0 0.5475546480665237 0.0 0.0 176
1.0 0.9458173838288196 1.0 1.0 177
1.0 1.1707789809590337 1.0 1.0 178
1.1613023238679892 1.0 1.0 1.0 179
0.24475012851230082 1.0 1.0 1.0 180
0.0 0.6312583509090306 0.0 1.0 181
0.0 1.1395296684468292 0.0 1.0 182
0.9210994059748996 1.0 0.0 1.0 183
0.0 1.6005828960960242 0.0 1.0 184
-0.07377875204267131 1.0 0.0 1.0 185
1.0 0.7093259150619973 1.0 1.0 186
1.2355705769963934 1.0 1.0 1.0 187
0.0 0.806437531876174 0.0 1.0 188
0.0 1.314766449844507 0.0 1.0 189
1.0 1.619542795959899 1.0 1.0 190
0.0 1.7461809351165352 0.0 1.0 191
0.0 0.42239125178965187 0.0 1.0 192
0.0 1.6674309329167274 0.0 1.0 193
-0.5761346364255094 1.0 0.0 1.0 194
1.0 0.3958207421369902 1.0 1.0 195
1.0 1.6577960662280788 1.0 1.0 196
1.6695968138650565 1.0 1.0 1.0 197
0.0 1.6790309910019836 0.0 1.0 198
0.0 0.04711283625651315 0.0 1.0 199
0.0 1.8532600248363862 0.0 1.0 200
1.0 1.846018771745642 1.0 1.0 201
0.0 2.0 0.0 1.0 202
-1.0 1.0 0.0 1.0 203
1.0 0.0 1.0 1.0 204
2.0 1.0 1.0 1.0 205
0.07931587189940953 1.0 0.0 1.0 102
0.0 0.5566514377155877 0.0 0.0 105
1.0 0.39275932488385223 1.0 0.0 108
1.0 0.16662223411801944 1.0 0.0 120
1.7480654813445395 1.0 2.0 1.0 122
0.0 0.1838633118690618 0.0 0.0 124
*** t = 70
0.34098405663799286 1.0 0.0 1.0 129
0.0 0.23709077239842982 0.0 0.0 131
0.0 1.5725842059972879 0.0 2.0 132
0.0 0.6968333277910768 0.0 0.0 133
0.0 1.7774937595374134 0.0 2.0 136
1.0 0.5567040846566524 1.0 0.0 138
0.5415926178728943 1.4584073821271057 0.5 1.5 141
0.5937677932991392 1.0 1.0 1.0 142
0.339796086918448 1.3397960869184478 0.0 1.0 143
0.6300292581815513 1.3699707418184488 1.0 1.0 144
1.0 1.0499865709957146 1.0 2.0 145
1.0 0.11623049547931961 1.0 0.0 147
1.0 1.266792651400472 1.0 2.0 148
0.0 0.1422355292442617 0.0 0.0 149
0.0 0.8175117367793846 0.0 0.0 150
0.3370490484407899 1.33704904844079 0.5 1.5 151
1.0616549971783193 1.0 2.0 1.0 153
0.407681042577856 1.0 0.0 1.0 154
0.9822470608476572 1.0177529391523428 1.0 1.0 157
0.0 1.7709604053104304 0.0 2.0 158
1.0 1.3562985832801062 1.0 2.0 159
0.32693936255457523 1.0 0.0 1.0 160
1.0 0.3242646549041275 1.0 0.0 161
0.2893464273644136 1.2893464273644135 0.5 1.5 162
0.3891842953490079 1.389184295349008 0.0 1.0 165
0.4087404057103532 1.0 1.0 1.0 166
0.28175629212017306 1.0 1.0 1.0 167
0.5981985045507666 1.4018014954492333 0.5 1.5 168
0.24686569766982058 1.0 0.0 1.0 169
-0.23184593128497333 1.0 -1.0 1.0 170
0.20658570651270952 1.0 1.0 1.0 171
-0.05025955464062826 1.0 -1.0 1.0 172
-0.4461022854811504 1.0 -1.0 1.0 45
-0.5443419729270702 1.0 -1.0 1.0 173
0.29361600375574337 1.0 1.0 1.0 174
0.3765000546787688 1.0 1.0 1.0 175
0.0 0.3861718311850263 0.0 0.0 176
1.0 1.0509082042542441 1.0 2.0 177
1.0 1.078643312176704 1.0 1.0 178
1.0681136931866546 1.0 1.0 1.0 179
0.40034389457633834 1.0 1.0 1.0 180
0.0 0.7214381153246063 0.0 1.0 181
0.0 1.0166053353678048 0.0 1.0 182
0.7669707496855995 1.0 0.0 1.0 183
0.0 1.534013378778695 0.0 1.0 184
0.05698676500809521 1.0569867650080953 0.5 1.5 185
1.0 0.8275469009056635 1.0 1.0 186
1.108165673162459 1.0 1.0 1.0 187
0.0 0.9677250382514088 0.0 1.0 188
0.0 1.1777197398134085 0.0 1.0 189
1.0 1.5434513551518787 1.0 1.0 190
0.0 1.682726168895669 0.0 1.0 191
0.0 0.5631883357195359 0.0 1.0 192
0.0 1.5565745772223032 0.0 1.0 193
-0.43484618190067925 1.0 0.0 1.0 194
1.0 0.5277609895159869 1.0 1.0 195
1.0 1.5437280883041051 1.0 1.0 196
1.559462418486742 1.0 1.0 1.0 197
0.0 1.5185464865029754 0.0 1.0 198
0.0 0.0942256725130263 0.0 1.0 199
0.0 1.7065200496727724 0.0 1.0 200
1.0 1.692037543491284 1.0 1.0 201
0.0 1.8521874016603566 0.0 1.0 202
-0.8641479587431448 1.0 0.0 1.0 203
1.0 0.16471279070489228 1.0 1.0 204
1.8940224959315262 1.0 1.0 1.0 205
0.0 0.0 0.0 1.0 206
0.0 2.0 0.0 1.0 207
1.0 2.0 1.0 1.0 208
0.015373656745334271 1.0153736567453342 0.5 1.5 102
0.0 0.48261057219181763 0.0 0.0 105
1.0 0.2983388799623134 1.0 0.0 108
1.0 0.04634107381227587 1.0 0.0 120
1.8651869274081556 1.0 2.0 1.0 122
0.0 0.07956195304939745 0.0 0.0 124
*** t = 71
0.27717575112406956 1.0 0.0 1.0 129
0.0 0.07000586079944321 0.0 0.0 131
0.0 1.692056116732103 0.0 2.0 132
0.0 0.5881381184077961 0.0 0.0 133
0.0 1.910481564617018 0.0 2.0 136
1.0 0.445645179413773 1.0 0.0 138
0.4886147013586373 1.4886147013586373 0.0 1.0 141
0.7304942185569681 1.0 1.0 1.0 142
0.27764560081535256 1.2776456008153523 0.0 1.0 143
0.6937024029133656 1.3062975970866346 1.0 1.0 144
1.0 1.1524858995455003 1.0 2.0 145
1.0 0.022042020253285582 1.0 0.0 147
1.0 1.4078982415990806 1.0 2.0 148
0.0 0.04445845183606492 0.0 0.0 149
0.0 0.6808432196428735 0.0 0.0 150
0.42922076479941546 1.4292207647994155 0.5 1.5 151
1.1761913859104483 1.0 2.0 1.0 153
0.3192188782766257 1.0 0.0 1.0 154
1.0 0.8757872526304857 1.0 0.0 157
0.0 1.8816454306423323 0.0 2.0 158
1.0 1.441067244735113 1.0 2.0 159
0.22237307271423615 1.0 0.0 1.0 160
1.0 0.21953119583563546 1.0 0.0 161
0.35577664126781106 1.355776641267811 0.5 1.5 162
0.2950469749320408 1.2950469749320408 0.0 1.0 165
0.5171050523034573 1.0 1.0 1.0 166
0.38035292997557096 1.0 1.0 1.0 167
0.5128978678864758 1.487102132113524 0.5 1.5 168
0.11200921287519144 1.0 0.0 1.0 169
-0.33449975889205447 1.0 -1.0 1.0 170
0.30713451538876874 1.0 1.0 1.0 171
-0.22111451752734723 1.0 -1.0 1.0 172
-0.5622972745594345 1.0 -1.0 1.0 45
-0.6847366977386221 1.0 -1.0 1.0 173
0.4229776041313177 1.0 1.0 1.0 174
0.5141500601466457 1.0 1.0 1.0 175
0.0 0.2247890143035289 0.0 0.0 176
1.0 1.1559990246796685 1.0 2.0 177
0.9865076433943745 1.0 0.0 1.0 178
0.9749250625053201 1.0 0.0 1.0 179
0.5559376606403759 1.0 1.0 1.0 180
0.0 0.8116178797401821 0.0 1.0 181
0.0 0.8936810022887804 0.0 0.0 182
0.6128420933962995 1.0 0.0 1.0 183
0.0 1.4674438614613656 0.0 1.0 184
0.1661429858930442 1.1661429858930443 0.5 1.5 185
1.0 0.9457678867493298 1.0 1.0 186
1.0 0.9807607693285245 1.0 0.0 187
-0.12901254462664355 1.0 -1.0 1.0 188
0.0 1.04067302978231 0.0 1.0 189
1.0 1.4673599143438585 1.0 1.0 190
0.0 1.6192714026748027 0.0 1.0 191
0.0 0.7039854196494199 0.0 1.0 192
0.0 1.445718221527879 0.0 1.0 193
-0.29355772737584906 1.0 0.0 1.0 194
1.0 0.6597012368949837 1.0 1.0 195
1.0 1.4296601103801314 1.0 1.0 196
1.4493280231084276 1.0 1.0 1.0 197
0.0 1.3580619820039672 0.0 1.0 198
0.0 0.14133850876953946 0.0 1.0 199
0.0 1.5597800745091586 0.0 1.0 200
1.0 1.538056315236926 1.0 1.0 201
0.0 1.7043748033207131 0.0 1.0 202
-0.7282959174862895 1.0 0.0 1.0 203
1.0 0.32942558140978456 1.0 1.0 204
1.7880449918630523 1.0 1.0 1.0 205
0.0 0.12168203422262946 0.0 1.0 206
0.0 1.8184074322690282 0.0 1.0 207
1.0 1.903178077480897 1.0 1.0 208
0.0 2.0 0.0 1.0 209
0.08683210436646455 1.0868321043664644 0.5 1.5 102
0.0 0.4085697066680476 0.0 0.0 105
1.0 0.20391843504077456 1.0 0.0 108
1.9823083734717717 1.0 2.0 1.0 122
*** t = 72
0.21336744561014626 1.0 0.0 1.0 129
0.0 1.8115280274669183 0.0 2.0 132
0.0 0.4794429090245153 0.0 0.0 133
1.0 0.3345862741708936 1.0 0.0 138
0.4356367848443804 1.4356367848443803 0.0 1.0 141
0.8672206438147969 1.0 1.0 1.0 142
0.21549511471225713 1.215495114712257 0.0 1.0 143
0.7573755476451798 1.2426244523548204 1.0 1.0 144
1.0 1.254985228095286 1.0 2.0 145
1.0 1.5490038317976893 1.0 2.0 148
0.0 0.5441747025063625 0.0 0.0 150
0.521392481158041 1.478607518841959 1.0 1.0 151
1.2907277746425772 1.0 2.0 1.0 153
0.23075671397539543 1.0 0.0 1.0 154
1.0 0.726468057939744 1.0 0.0 157
0.0 1.992330455974234 0.0 2.0 158
1.0 1.5258359061901197 1.0 2.0 159
0.11780678287389706 1.0 0.0 1.0 160
1.0 0.11479773676714346 1.0 0.0 161
0.4222068551712085 1.4222068551712084 0.5 1.5 162
0.2009096545150737 1.2009096545150737 0.0 1.0 165
0.6254696988965613 1.0 1.0 1.0 166
0.47894956783096887 1.0 1.0 1.0 167
0.42759723122218507 1.427597231222185 0.0 1.0 168
0.0 0.9771527280805623 0.0 0.0 169
-0.4371535864991356 1.0 -1.0 1.0 170
0.40768332426482795 1.0 1.0 1.0 171
-0.3919694804140662 1.0 -1.0 1.0 172
-0.6784922636377185 1.0 -1.0 1.0 45
-0.825131422550174 1.0 -1.0 1.0 173
0.552339204506892 1.0 1.0 1.0 174
0.6518000656145225 1.0 1.0 1.0 175
0.0 0.06340619742203152 0.0 0.0 176
1.0 1.261089845105093 1.0 2.0 177
0.8943719746120449 1.0 0.0 1.0 178
0.8817364318239855 1.0 0.0 1.0 179
0.7115314267044134 1.0 1.0 1.0 180
0.0 0.9017976441557578 0.0 1.0 181
0.0 0.770756669209756 0.0 0.0 182
0.4587134371069994 1.0 0.0 1.0 183
0.0 1.4008743441440363 0.0 1.0 184
0.27529920677799313 1.2752992067779934 0.5 1.5 185
1.063988872592996 1.0 2.0 1.0 186
1.0 0.8533558654945901 1.0 0.0 187
-0.29030005100187833 1.0 -1.0 1.0 188
0.09637368024878876 1.0 1.0 1.0 189
1.0 1.3912684735358383 1.0 1.0 190
0.0 1.5558166364539365 0.0 1.0 191
0.0 0.8447825035793038 0.0 1.0 192
0.0 1.3348618658334548 0.0 1.0 193
-0.15226927285101888 1.0 0.0 1.0 194
1.0 0.7916414842739805 1.0 1.0 195
1.0 1.3155921324561577 1.0 1.0 196
1.339193627730113 1.0 1.0 1.0 197
0.0 1.197577477504959 0.0 1.0 198
0.0 0.1884513450260526 0.0 1.0 199
0.0 1.4130400993455448 0.0 1.0 200
1.0 1.384075086982568 1.0 1.0 201
0.0 1.5565622049810697 0.0 1.0 202
-0.5924438762294343 1.0 0.0 1.0 203
1.0 0.4941383721146768 1.0 1.0 204
1.6820674877945785 1.0 1.0 1.0 205
0.0 0.24336406844525893 0.0 1.0 206
0.0 1.6368148645380565 0.0 1.0 207
1.0 1.8063561549617941 1.0 1.0 208
0.0 1.9095658613365394 0.0 1.0 209
0.0 0.0 0.0 1.0 210
0.0 2.0 0.0 1.0 211
-1.0 1.0 0.0 1.0 212
1.0 0.0 1.0 1.0 213
1.0 2.0 1.0 1.0 214
2.0 1.0 1.0 1.0 215
0.1582905519875948 1.1582905519875946 0.5 1.5 102
0.0 0.33452884114427756 0.0 0.0 105
1.0 0.10949799011923572 1.0 0.0 108
*** t = 73
0.14955914009622295 1.0 0.0 1.0 129
0.0 1.9309999382017335 0.0 2.0 132
0.0 0.37074769964123455 0.0 0.0 133
1.0 0.22352736892801414 1.0 0.0 138
0.3826588683301234 1.3826588683301233 0.0 1.0 141
1.0039470690726258 1.0 2.0 1.0 142
0.15334462860916173 1.1533446286091618 0.0 1.0 143
0.821048692376994 1.1789513076230063 1.0 1.0 144
1.0 1.3574845566450717 1.0 2.0 145
1.0 1.690109421996298 1.0 2.0 148
0.0 0.4075061853698514 0.0 0.0 150
0.6135641975166666 1.3864358024833334 1.0 1.0 151
1.405264163374706 1.0 2.0 1.0 153
0.14229454967416516 1.0 0.0 1.0 154
1.0 0.5771488632490023 1.0 0.0 157
1.0 1.6106045676451264 1.0 2.0 159
0.013240493033557982 1.0 0.0 1.0 160
1.0 0.010064277698651453 1.0 0.0 161
0.4886370690746059 1.4886370690746058 0.5 1.5 162
0.10677233409810657 1.1067723340981066 0.0 1.0 165
0.7338343454896654 1.0 1.0 1.0 166
0.5775462056863667 1.0 1.0 1.0 167
0.34229659455789424 1.3422965945578942 0.0 1.0 168
0.0 0.8422962432859331 0.0 0.0 169
-0.5398074141062167 1.0 -1.0 1.0 170
0.5082321331408871 1.0 1.0 1.0 171
-0.5628244433007852 1.0 -1.0 1.0 172
-0.7946872527160026 1.0 -1.0 1.0 45
-0.9655261473617259 1.0 -1.0 1.0 173
0.6817008048824663 1.0 1.0 1.0 174
0.7894500710823994 1.0 1.0 1.0 175
1.0 1.3661806655305173 1.0 2.0 177
0.8022363058297153 1.0 0.0 1.0 178
0.788547801142651 1.0 0.0 1.0 179
0.8671251927684509 1.0 1.0 1.0 180
0.0 0.9919774085713335 0.0 1.0 181
0.0 0.6478323361307317 0.0 0.0 182
0.30458478081769935 1.0 0.0 1.0 183
0.0 1.334304826826707 0.0 1.0 184
0.3844554276629421 1.3844554276629422 0.5 1.5 185
1.1822098584366623 1.0 2.0 1.0 186
1.0 0.7259509616606556 1.0 0.0 187
-0.4515875573771131 1.0 -1.0 1.0 188
0.23342039027988742 1.0 1.0 1.0 189
1.0 1.315177032727818 1.0 1.0 190
0.0 1.4923618702330703 0.0 1.0 191
0.0 0.9855795875091878 0.0 1.0 192
0.0 1.2240055101390306 0.0 1.0 193
-0.01098081832618869 1.0 0.0 1.0 194
1.0 0.9235817316529773 1.0 1.0 195
1.0 1.201524154532184 1.0 1.0 196
1.2290592323517986 1.0 1.0 1.0 197
0.0 1.0370929730059508 0.0 1.0 198
0.0 0.23556418128256573 0.0 1.0 199
0.0 1.266300124181931 0.0 1.0 200
1.0 1.23009385872821 1.0 1.0 201
0.0 1.4087496066414262 0.0 1.0 202
-0.45659183497257905 1.0 0.0 1.0 203
1.0 0.6588511628195691 1.0 1.0 204
1.5760899837261046 1.0 1.0 1.0 205
0.0 0.3650461026678884 0.0 1.0 206
0.0 1.4552222968070847 0.0 1.0 207
1.0 1.7095342324426912 1.0 1.0 208
0.0 1.8191317226730788 0.0 1.0 209
0.0 0.09526518409311345 0.0 1.0 210
0.0 1.8852026957861798 0.0 1.0 211
-0.8800014247280266 1.0 0.0 1.0 212
1.0 0.14823626209796248 1.0 1.0 213
1.0 1.8845312326642192 1.0 1.0 214
1.8724418059209005 1.0 1.0 1.0 215
0.0 2.0 0.0 1.0 216
0.22974899960872508 1.229748999608725 0.5 1.5 102
0.0 0.2604879756205075 0.0 0.0 105
1.0 0.015077545197696884 1.0 0.0 108
*** t = 74
0.08575083458229965 1.0 0.0 1.0 129
0.0 0.2620524902579538 0.0 0.0 133
1.0 0.11246846368513469 1.0 0.0 138
0.3296809518158665 1.3296809518158663 0.0 1.0 141
1.1406734943304546 1.0 2.0 1.0 142
0.09119414250606636 1.0911941425060663 0.0 1.0 143
0.8847218371088081 1.115278162891192 1.0 1.0 144
1.0 1.4599838851948574 1.0 2.0 145
1.0 1.8312150121949067 1.0 2.0 148
0.0 0.2708376682333403 0.0 0.0 150
0.7057359138752921 1.294264086124708 1.0 1.0 151
1.519800552106835 1.0 2.0 1.0 153
0.05383238537293489 1.0 0.0 1.0 154
1.0 0.42782966855826055 1.0 0.0 157
1.0 1.695373229100133 1.0 2.0 159
0.06457709021933966 1.0645770902193397 0.5 1.5 160
0.5550672829780033 1.4449327170219968 1.0 1.0 162
0.012635013681139479 1.0126350136811395 0.0 1.0 165
0.8421989920827695 1.0 1.0 1.0 166
0.6761428435417647 1.0 1.0 1.0 167
0.2569959578936034 1.2569959578936034 0.0 1.0 168
0.0 0.7074397584913039 0.0 0.0 169
-0.6424612417132978 1.0 -1.0 1.0 170
0.6087809420169463 1.0 1.0 1.0 171
-0.7336794061875042 1.0 -1.0 1.0 172
-0.9108822417942867 1.0 -1.0 1.0 45
0.8110624052580406 1.0 1.0 1.0 174
0.9271000765502763 1.0 1.0 1.0 175
1.0 1.4712714859559417 1.0 2.0 177
0.7101006370473857 1.0 0.0 1.0 178
0.6953591704613165 1.0 0.0 1.0 179
1.0 0.9772810411675116 1.0 0.0 180
0.08215717298690933 1.0 1.0 1.0 181
0.0 0.5249080030517073 0.0 0.0 182
0.1504561245283993 1.0 0.0 1.0 183
0.0 1.2677353095093777 0.0 1.0 184
0.4936116485478911 1.493611648547891 0.5 1.5 185
1.3004308442803285 1.0 2.0 1.0 186
1.0 0.5985460578267212 1.0 0.0 187
-0.6128750637523479 1.0 -1.0 1.0 188
0.37046710031098606 1.0 1.0 1.0 189
1.0 1.2390855919197978 1.0 1.0 190
0.0 1.428907104012204 0.0 1.0 191
0.0 1.1263766714390717 0.0 2.0 192
0.0 1.1131491544446064 0.0 1.0 193
0.0 1.1303076361986415 0.0 2.0 194
1.055521979031974 1.0 2.0 1.0 195
1.0 1.0874561766082103 1.0 1.0 196
1.118924836973484 1.0 1.0 1.0 197
0.0 0.8766084685069426 0.0 0.0 198
0.0 0.28267701753907887 0.0 1.0 199
0.0 1.1195601490183171 0.0 1.0 200
1.0 1.076112630473852 1.0 1.0 201
0.0 1.2609370083017828 0.0 1.0 202
-0.3207397937157238 1.0 0.0 1.0 203
1.0 0.8235639535244614 1.0 1.0 204
1.4701124796576308 1.0 1.0 1.0 205
0.0 0.48672813689051786 0.0 1.0 206
0.0 1.273629729076113 0.0 1.0 207
1.0 1.6127123099235883 1.0 1.0 208
0.0 1.7286975840096181 0.0 1.0 209
0.0 0.1905303681862269 0.0 1.0 210
0.0 1.7704053915723597 0.0 1.0 211
-0.7600028494560531 1.0 0.0 1.0 212
1.0 0.29647252419592496 1.0 1.0 213
1.0 1.7690624653284384 1.0 1.0 214
1.744883611841801 1.0 1.0 1.0 215
0.0 1.851348494749924 0.0 1.0 216
0.0 0.0 0.0 1.0 217
0.0 2.0 0.0 1.0 218
1.0 2.0 1.0 1.0 219
0.3012074472298554 1.3012074472298552 0.5 1.5 102
0.0 0.18644711009673748 0.0 0.0 105
*** t = 75
0.02194252906837635 1.0 0.0 1.0 129
0.0 0.15335728087467304 0.0 0.0 133
1.0 0.0014095584422552376 1.0 0.0 138
0.2767030353016095 1.2767030353016093 0.0 1.0 141
1.2773999195882835 1.0 2.0 1.0 142
0.029043656402970942 1.029043656402971 0.0 1.0 143
0.9483949818406223 1.0516050181593777 1.0 1.0 144
1.0 1.5624832137446432 1.0 2.0 145
1.0 1.9723206023935154 1.0 2.0 148
0.0 0.13416915109682925 0.0 0.0 150
0.7979076302339176 1.2020923697660824 1.0 1.0 151
1.6343369408389639 1.0 2.0 1.0 153
0.0 1.0346297789282954 0.0 2.0 154
1.0 0.2785104738675188 1.0 0.0 157
1.0 1.7801418905551398 1.0 2.0 159
0.1385166228489614 1.1385166228489614 0.5 1.5 160
0.6214974968814008 1.3785025031185993 1.0 1.0 162
0.11526166755049949 1.0 1.0 1.0 165
0.9505636386758736 1.0 1.0 1.0 166
0.7747394813971626 1.0 1.0 1.0 167
0.17169532122931258 1.1716953212293126 0.0 1.0 168
0.0 0.5725832736966747 0.0 0.0 169
-0.7451150693203789 1.0 -1.0 1.0 170
0.7093297508930055 1.0 1.0 1.0 171
-0.9045343690742231 1.0 -1.0 1.0 172
0.940424005633615 1.0 1.0 1.0 174
1.0 0.9352499179818469 1.0 0.0 175
1.0 1.576362306381366 1.0 2.0 177
0.6179649682650561 1.0 0.0 1.0 178
0.6021705397799819 1.0 0.0 1.0 179
1.0 0.8216872751034741 1.0 0.0 180
0.17233693740248512 1.0 1.0 1.0 181
0.0 0.4019836699726828 0.0 0.0 182
0.0 1.0036725317609008 0.0 2.0 183
0.0 1.2011657921920484 0.0 1.0 184
0.60276786943284 1.39723213056716 1.0 1.0 185
1.4186518301239948 1.0 2.0 1.0 186
1.0 0.4711411539927867 1.0 0.0 187
-0.7741625701275827 1.0 -1.0 1.0 188
0.5075138103420848 1.0 1.0 1.0 189
1.0 1.1629941511117776 1.0 1.0 190
0.0 1.365452337791338 0.0 1.0 191
0.0 1.2671737553689557 0.0 2.0 192
0.0 1.0022927987501822 0.0 1.0 193
0.0 1.2715960907234716 0.0 2.0 194
1.1874622264109709 1.0 2.0 1.0 195
0.9811826148300345 1.0188173851699656 0.5 1.5 196
1.0087904415951696 1.0 1.0 1.0 197
0.0 0.7161239640079344 0.0 0.0 198
0.0 0.329789853795592 0.0 1.0 199
0.027179826145296626 1.0 1.0 1.0 200
1.0 0.9221314022194941 1.0 0.0 201
0.0 1.1131244099621393 0.0 1.0 202
-0.18488775245886857 1.0 0.0 1.0 203
1.0 0.9882767442293537 1.0 1.0 204
1.364134975589157 1.0 1.0 1.0 205
0.0 0.6084101711131473 0.0 1.0 206
0.0 1.0920371613451412 0.0 1.0 207
1.0 1.5158903874044853 1.0 1.0 208
0.0 1.6382634453461575 0.0 1.0 209
0.0 0.28579555227934034 0.0 1.0 210
0.0 1.6556080873585395 0.0 1.0 211
-0.6400042741840797 1.0 0.0 1.0 212
1.0 0.44470878629388744 1.0 1.0 213
1.0 1.6535936979926575 1.0 1.0 214
1.6173254177627014 1.0 1.0 1.0 215
0.0 1.7026969894998478 0.0 1.0 216
0.0 0.12314816304501393 0.0 1.0 217
0.0 1.8801516226179953 0.0 1.0 218
1.0 1.9030964033038187 1.0 1.0 219
0.0 2.0 0.0 1.0 220
-1.0 1.0 0.0 1.0 221
1.0 0.0 1.0 1.0 222
2.0 1.0 1.0 1.0 223
0.3726658948509856 1.3726658948509856 0.5 1.5 102
0.0 0.11240624457296743 0.0 0.0 105
*** t = 76
0.0 1.041865776445547 0.0 2.0 129
0.0 0.0446620714913923 0.0 0.0 133
0.22372511878735254 1.2237251187873524 0.0 1.0 141
1.4141263448461123 1.0 2.0 1.0 142
0.04682012756909233 1.0 1.0 1.0 143
1.017066908271175 1.0 2.0 1.0 144
1.0 1.6649825422944289 1.0 2.0 145
0.8900793465925432 1.1099206534074568 1.0 1.0 151
1.7488733295710928 1.0 2.0 1.0 153
0.0 1.1230919432295257 0.0 2.0 154
1.0 0.12919127917677709 1.0 0.0 157
1.0 1.8649105520101465 1.0 2.0 159
0.21245615547858315 1.212456155478583 0.5 1.5 160
0.6879277107847982 1.312072289215202 1.0 1.0 162
0.24839194280963606 1.0 1.0 1.0 165
1.0 0.9410717147310224 1.0 0.0 166
0.8733361192525606 1.0 1.0 1.0 167
0.08639468456502175 1.0863946845650219 0.0 1.0 168
0.0 0.4377267889020456 0.0 0.0 169
-0.8477688969274599 1.0 -1.0 1.0 170
0.8098785597690648 1.0 1.0 1.0 171
1.0697856060091893 1.0 2.0 1.0 174
1.0 0.79759991251397 1.0 0.0 175
1.0 1.6814531268067905 1.0 2.0 177
0.5258292994827265 1.0 0.0 1.0 178
0.5089819090986474 1.0 0.0 1.0 179
1.0 0.6660935090394365 1.0 0.0 180
0.2625167018180609 1.0 1.0 1.0 181
0.0 0.27905933689365836 0.0 0.0 182
0.0 1.1578011880502008 0.0 2.0 183
0.0 1.1345962748747191 0.0 1.0 184
0.7119240903177889 1.288075909682211 1.0 1.0 185
1.536872815967661 1.0 2.0 1.0 186
1.0 0.34373625015885223 1.0 0.0 187
-0.9354500765028175 1.0 -1.0 1.0 188
0.6445605203731835 1.0 1.0 1.0 189
1.0 1.0869027103037574 1.0 1.0 190
0.0 1.3019975715704717 0.0 1.0 191
0.0 1.4079708392988397 0.0 2.0 192
-0.10856355694424194 1.0 -1.0 1.0 193
0.0 1.4128845452483016 0.0 2.0 194
1.3194024737899677 1.0 2.0 1.0 195
0.9005243741237553 1.0994756258762448 0.5 1.5 196
1.0 1.1013439537831449 1.0 2.0 197
0.0 0.5556394595089262 0.0 0.0 198
0.0 0.37690269005210514 0.0 1.0 199
0.17391980130891038 1.0 1.0 1.0 200
1.0 0.7681501739651362 1.0 0.0 201
-0.03468818837750401 1.0 -1.0 1.0 202
-0.04903571120201333 1.0 0.0 1.0 203
1.152989534934246 1.0 2.0 1.0 204
1.2581574715206831 1.0 1.0 1.0 205
0.0 0.7300922053357768 0.0 1.0 206
-0.08955540638583057 1.0 -1.0 1.0 207
1.0 1.4190684648853824 1.0 1.0 208
0.0 1.547829306682697 0.0 1.0 209
0.0 0.3810607363724538 0.0 1.0 210
0.0 1.5408107831447193 0.0 1.0 211
-0.5200056989121062 1.0 0.0 1.0 212
1.0 0.5929450483918499 1.0 1.0 213
1.0 1.5381249306568767 1.0 1.0 214
1.489767223683602 1.0 1.0 1.0 215
0.0 1.5540454842497717 0.0 1.0 216
0.0 0.24629632609002786 0.0 1.0 217
0.0 1.7603032452359906 0.0 1.0 218
1.0 1.8061928066076374 1.0 1.0 219
0.0 1.8827843448543036 0.0 1.0 220
-0.9256496011071063 1.0 0.0 1.0 221
1.0 0.15884868063724972 1.0 1.0 222
1.8944744616056468 1.0 1.0 1.0 223
0.0 0.0 0.0 1.0 224
0.0 2.0 0.0 1.0 225
1.0 2.0 1.0 1.0 226
0.44412434247211585 1.444124342472116 0.5 1.5 102
0.0 0.03836537904919737 0.0 0.0 105
*** t = 77
0.0 1.1056740819594704 0.0 2.0 129
0.17074720227309556 1.1707472022730954 0.0 1.0 141
1.5508527701039412 1.0 2.0 1.0 142
0.1347141879241704 1.0 1.0 1.0 143
1.1071143331098516 1.0 2.0 1.0 144
1.0 1.7674818708442146 1.0 2.0 145
0.9822510629511687 1.0177489370488313 1.0 1.0 151
1.8634097183032217 1.0 2.0 1.0 153
0.0 1.2115541075307559 0.0 2.0 154
1.0 1.9496792134651533 1.0 2.0 159
0.2863956881082049 1.2863956881082048 0.5 1.5 160
0.7543579246881956 1.2456420753118045 1.0 1.0 162
0.3815222180687726 1.0 1.0 1.0 165
1.0 0.8327070681379183 1.0 0.0 166
0.9719327571079586 1.0 1.0 1.0 167
0.0010940479007309767 1.0010940479007309 0.0 1.0 168
0.0 0.30287030410741644 0.0 0.0 169
-0.950422724534541 1.0 -1.0 1.0 170
0.910427368645124 1.0 1.0 1.0 171
1.1991472063847637 1.0 2.0 1.0 174
1.0 0.6599499070460931 1.0 0.0 175
1.0 1.7865439472322149 1.0 2.0 177
0.43369363070039685 1.0 0.0 1.0 178
0.4157932784173128 1.0 0.0 1.0 179
1.0 0.510499742975399 1.0 0.0 180
0.3526964662336367 1.0 1.0 1.0 181
0.0 0.1561350038146339 0.0 0.0 182
0.0 1.3119298443395009 0.0 2.0 183
0.0 1.0680267575573898 0.0 1.0 184
0.8210803112027378 1.178919688797262 1.0 1.0 185
1.6550938018113273 1.0 2.0 1.0 186
1.0 0.21633134632491774 1.0 0.0 187
0.7816072304042821 1.0 1.0 1.0 189
1.0 1.0108112694957372 1.0 1.0 190
0.0 1.2385428053496055 0.0 1.0 191
0.0 1.5487679232287237 0.0 2.0 192
-0.21941991263866606 1.0 -1.0 1.0 193
0.0 1.5541729997731317 0.0 2.0 194
1.4513427211689645 1.0 2.0 1.0 195
0.819866133417476 1.180133866582524 0.5 1.5 196
1.0 1.2114783491614594 1.0 2.0 197
0.0 0.39515495500991804 0.0 0.0 198
0.0 0.4240155263086183 0.0 1.0 199
0.32065977647252414 1.0 1.0 1.0 200
1.0 0.6141689457107783 1.0 0.0 201
-0.18250078671714737 1.0 -1.0 1.0 202
0.0 1.086816330054842 0.0 2.0 203
1.3177023256391382 1.0 2.0 1.0 204
1.1521799674522093 1.0 1.0 1.0 205
0.0 0.8517742395584063 0.0 1.0 206
-0.2711479741168023 1.0 -1.0 1.0 207
1.0 1.3222465423662795 1.0 1.0 208
0.0 1.4573951680192363 0.0 1.0 209
0.0 0.47632592046556727 0.0 1.0 210
0.0 1.4260134789308991 0.0 1.0 211
-0.4000071236401328 1.0 0.0 1.0 212
1.0 0.7411813104898124 1.0 1.0 213
1.0 1.422656163321096 1.0 1.0 214
1.3622090296045024 1.0 1.0 1.0 215
0.0 1.4053939789996956 0.0 1.0 216
0.0 0.3694444891350418 0.0 1.0 217
0.0 1.6404548678539859 0.0 1.0 218
1.0 1.709289209911456 1.0 1.0 219
0.0 1.7655686897086071 0.0 1.0 220
-0.8512992022142125 1.0 0.0 1.0 221
1.0 0.31769736127449943 1.0 1.0 222
1.7889489232112936 1.0 1.0 1.0 223
0.0 0.18566423200763676 0.0 1.0 224
0.0 1.8860241432373275 0.0 1.0 225
1.0 1.8756363248588772 1.0 1.0 226
0.0 2.0 0.0 1.0 227
0.5155827900932461 1.4844172099067539 1.0 1.0 102
*** t = 78
0.0 1.1694823874733937 0.0 2.0 129
0.11776928575883858 1.1177692857588384 0.0 1.0 141
1.68757919536177 1.0 2.0 1.0 142
0.22260824827924847 1.0 1.0 1.0 143
1.1971617579485283 1.0 2.0 1.0 144
1.0 1.8699811993940003 1.0 2.0 145
1.1052497038494107 1.0 2.0 1.0 151
1.9779461070353506 1.0 2.0 1.0 153
0.0 1.300016271831986 0.0 2.0 154
0.36033522073782664 1.3603352207378265 0.5 1.5 160
0.820788138591593 1.179211861408407 1.0 1.0 162
0.5146524933279092 1.0 1.0 1.0 165
1.0 0.7243424215448142 1.0 0.0 166
1.0705293949633565 1.0 2.0 1.0 167
0.11908609987060031 1.0 1.0 1.0 168
0.0 0.1680138193127873 0.0 0.0 169
1.0 0.9890238224788168 1.0 0.0 171
1.3285088067603381 1.0 2.0 1.0 174
1.0 0.5222999015782163 1.0 0.0 175
1.0 1.8916347676576393 1.0 2.0 177
0.3415579619180672 1.0 0.0 1.0 178
0.3226046477359782 1.0 0.0 1.0 179
1.0 0.3549059769113615 1.0 0.0 180
0.4428762306492125 1.0 1.0 1.0 181
0.0 0.033210670735609474 0.0 0.0 182
0.0 1.466058500628801 0.0 2.0 183
0.0 1.0014572402400606 0.0 1.0 184
0.9302365320876869 1.0697634679123131 1.0 1.0 185
1.7733147876549935 1.0 2.0 1.0 186
1.0 0.08892644249098325 1.0 0.0 187
0.9186539404353808 1.0 1.0 1.0 189
0.9538399481880652 1.0461600518119347 0.5 1.5 190
0.0 1.1750880391287393 0.0 1.0 191
0.0 1.6895650071586077 0.0 2.0 192
-0.3302762683330902 1.0 -1.0 1.0 193
0.0 1.6954614542979618 0.0 2.0 194
1.5832829685479612 1.0 2.0 1.0 195
0.7392078927111968 1.2607921072888033 0.5 1.5 196
1.0 1.3216127445397738 1.0 2.0 197
0.0 0.23467045051090987 0.0 0.0 198
0.0 0.4711283625651314 0.0 1.0 199
0.4673997516361379 1.0 1.0 1.0 200
1.0 0.4601877174564204 1.0 0.0 201
-0.33031338505679075 1.0 -1.0 1.0 202
0.0 1.222668371311697 0.0 2.0 203
1.4824151163440304 1.0 2.0 1.0 204
1.0462024633837355 1.0 1.0 1.0 205
0.0 0.9734562737810357 0.0 1.0 206
-0.452740541847774 1.0 -1.0 1.0 207
1.0 1.2254246198471765 1.0 1.0 208
0.0 1.3669610293557757 0.0 1.0 209
0.0 0.5715911045586807 0.0 1.0 210
0.0 1.311216174717079 0.0 1.0 211
-0.28000854836815936 1.0 0.0 1.0 212
1.0 0.8894175725877749 1.0 1.0 213
1.0 1.307187395985315 1.0 1.0 214
1.234650835525403 1.0 1.0 1.0 215
0.0 1.2567424737496196 0.0 1.0 216
0.0 0.4925926521800557 0.0 1.0 217
0.0 1.5206064904719812 0.0 1.0 218
1.0 1.6123856132152747 1.0 1.0 219
0.0 1.6483530345629107 0.0 1.0 220
-0.7769488033213188 1.0 0.0 1.0 221
1.0 0.47654604191174915 1.0 1.0 222
1.6834233848169404 1.0 1.0 1.0 223
0.0 0.37132846401527353 0.0 1.0 224
0.0 1.772048286474655 0.0 1.0 225
1.0 1.7512726497177544 1.0 1.0 226
0.0 1.9115207648099732 0.0 1.0 227
0.0 0.0 0.0 1.0 228
0.0 2.0 0.0 1.0 229
0.5870412377143764 1.4129587622856237 1.0 1.0 102
-1.0 1.0 0.0 1.0 230
1.0 0.0 1.0 1.0 231
1.0 2.0 1.0 1.0 232
2.0 1.0 1.0 1.0 233
*** t = 79
0.0 1.233290692987317 0.0 2.0 129
0.06479136924458158 1.0647913692445814 0.0 1.0 141
1.8243056206195989 1.0 2.0 1.0 142
0.31050230863432654 1.0 1.0 1.0 143
1.287209182787205 1.0 2.0 1.0 144
1.0 1.972480527943786 1.0 2.0 145
1.235600195190985 1.0 2.0 1.0 151
0.0 1.3884784361332163 0.0 2.0 154
0.43427475336744836 1.4342747533674483 0.5 1.5 160
0.8872183524949905 1.1127816475050096 1.0 1.0 162
0.6477827685870458 1.0 1.0 1.0 165
1.0 0.6159777749517101 1.0 0.0 166
1.1691260328187545 1.0 2.0 1.0 167
0.2397194171203001 1.0 1.0 1.0 168
0.0 0.033157334518158166 0.0 0.0 169
1.0 0.8884750136027576 1.0 0.0 171
1.4578704071359125 1.0 2.0 1.0 174
1.0 0.3846498961103394 1.0 0.0 175
1.0 1.9967255880830637 1.0 2.0 177
0.24942229313573755 1.0 0.0 1.0 178
0.2294160170546436 1.0 0.0 1.0 179
1.0 0.19931221084732398 1.0 0.0 180
0.5330559950647883 1.0 1.0 1.0 181
0.0 1.620187156918101 0.0 2.0 183
0.0 0.9348877229227311 0.0 0.0 184
1.0 0.9442902344868854 1.0 0.0 185
1.8915357734986598 1.0 2.0 1.0 186
1.0557006504664794 1.0 2.0 1.0 189
0.9000351744024594 1.0999648255975405 0.5 1.5 190
0.0 1.111633272907873 0.0 1.0 191
0.0 1.8303620910884917 0.0 2.0 192
-0.4411326240275143 1.0 -1.0 1.0 193
0.0 1.8367499088227919 0.0 2.0 194
1.715223215926958 1.0 2.0 1.0 195
0.6585496520049176 1.3414503479950826 0.5 1.5 196
1.0 1.4317471399180883 1.0 2.0 197
0.0 0.0741859460119017 0.0 0.0 198
0.0 0.5182411988216445 0.0 1.0 199
0.6141397267997517 1.0 1.0 1.0 200
1.0 0.3062064892020625 1.0 0.0 201
-0.4781259833964341 1.0 -1.0 1.0 202
0.0 1.3585204125685522 0.0 2.0 203
1.6471279070489226 1.0 2.0 1.0 204
0.9577326633861197 1.0422673366138804 0.5 1.5 205
0.0 1.0951383080036652 0.0 2.0 206
-0.6343331095787458 1.0 -1.0 1.0 207
1.0 1.1286026973280736 1.0 1.0 208
0.0 1.276526890692315 0.0 1.0 209
0.0 0.6668562886517941 0.0 1.0 210
0.0 1.1964188705032588 0.0 1.0 211
-0.16000997309618592 1.0 0.0 1.0 212
1.0 1.0376538346857374 1.0 2.0 213
1.0 1.1917186286495343 1.0 1.0 214
1.1070926414463034 1.0 1.0 1.0 215
0.0 1.1080909684995435 0.0 1.0 216
0.0 0.6157408152250696 0.0 1.0 217
0.0 1.4007581130899764 0.0 1.0 218
1.0 1.5154820165190934 1.0 1.0 219
0.0 1.5311373794172143 0.0 1.0 220
-0.702598404428425 1.0 0.0 1.0 221
1.0 0.6353947225489989 1.0 1.0 222
1.5778978464225872 1.0 1.0 1.0 223
0.0 0.5569926960229103 0.0 1.0 224
0.0 1.6580724297119824 0.0 1.0 225
1.0 1.6269089745766316 1.0 1.0 226
0.0 1.8230415296199465 0.0 1.0 227
0.0 0.18713216982401573 0.0 1.0 228
0.0 1.879457408532119 0.0 1.0 229
0.6584996853355067 1.3415003146644935 1.0 1.0 102
-0.8698485430540126 1.0 0.0 1.0 230
1.0 0.12907264637187685 1.0 1.0 231
1.0 1.8677639613039634 1.0 1.0 232
1.8520559068811202 1.0 1.0 1.0 233
0.0 2.0 0.0 1.0 234
*** t = 80
0.0 1.2970989985012404 0.0 2.0 129
0.011813452730324546 1.0118134527303244 0.0 1.0 141
1.9610320458774277 1.0 2.0 1.0 142
0.3983963689894046 1.0 1.0 1.0 143
1.3772566076258816 1.0 2.0 1.0 144
1.3659506865325592 1.0 2.0 1.0 151
0.0 1.4769406004344465 0.0 2.0 154
0.5082142859970701 1.49178571400293 1.0 1.0 160
0.9536485663983879 1.0463514336016122 1.0 1.0 162
0.7809130438461823 1.0 1.0 1.0 165
1.0 0.5076131283586061 1.0 0.0 166
1.2677226706741525 1.0 2.0 1.0 167
0.36035273436999987 1.0 1.0 1.0 168
1.0 0.7879262047266984 1.0 0.0 171
1.587232007511487 1.0 2.0 1.0 174
1.0 0.2469998906424625 1.0 0.0 175
0.1572866243534079 1.0 0.0 1.0 178
0.136227386373309 1.0 0.0 1.0 179
1.0 0.04371844478328646 1.0 0.0 180
0.6232357594803641 1.0 1.0 1.0 181
0.0 1.774315813207401 0.0 2.0 183
0.0 0.8683182056054017 0.0 0.0 184
1.0 0.7899200264939974 1.0 0.0 185
1.192747360497578 1.0 2.0 1.0 189
0.8462304006168536 1.1537695993831463 0.5 1.5 190
0.0 1.0481785066870069 0.0 1.0 191
0.0 1.9711591750183757 0.0 2.0 192
-0.5519889797219384 1.0 -1.0 1.0 193
0.0 1.978038363347622 0.0 2.0 194
1.8471634633059548 1.0 2.0 1.0 195
0.5778914112986383 1.4221085887013618 0.5 1.5 196
1.0 1.5418815352964028 1.0 2.0 197
0.0 0.5653540350781577 0.0 1.0 199
0.7608797019633655 1.0 1.0 1.0 200
1.0 0.1522252609477046 1.0 0.0 201
-0.6259385817360774 1.0 -1.0 1.0 202
0.0 1.4943724538254073 0.0 2.0 203
1.8118406977538148 1.0 2.0 1.0 204
0.882795251606077 1.1172047483939231 0.5 1.5 205
0.0 1.2168203422262946 0.0 2.0 206
-0.8159256773097175 1.0 -1.0 1.0 207
1.0 1.0317807748089707 1.0 1.0 208
0.0 1.1860927520288544 0.0 1.0 209
0.0 0.7621214727449076 0.0 1.0 210
0.0 1.0816215662894386 0.0 1.0 211
-0.040011397824212466 1.0 0.0 1.0 212
1.0 1.1858900967836998 1.0 2.0 213
1.0 1.0762498613137534 1.0 1.0 214
1.0 1.0204655526327961 1.0 2.0 215
0.0 0.9594394632494674 0.0 0.0 216
0.0 0.7388889782700836 0.0 1.0 217
0.0 1.2809097357079717 0.0 1.0 218
1.0 1.418578419822912 1.0 1.0 219
0.0 1.4139217242715179 0.0 1.0 220
-0.6282480055355313 1.0 0.0 1.0 221
1.0 0.7942434031862486 1.0 1.0 222
1.472372308028234 1.0 1.0 1.0 223
0.0 0.7426569280305471 0.0 1.0 224
0.0 1.54409657294931 0.0 1.0 225
1.0 1.5025452994355089 1.0 1.0 226
0.0 1.7345622944299197 0.0 1.0 227
0.0 0.37426433964803146 0.0 1.0 228
0.0 1.758914817064238 0.0 1.0 229
0.729958132956637 1.2700418670433633 1.0 1.0 102
-0.7396970861080252 1.0 0.0 1.0 230
1.0 0.2581452927437537 1.0 1.0 231
1.0 1.7355279226079268 1.0 1.0 232
1.7041118137622404 1.0 1.0 1.0 233
0.0 1.9005271655219291 0.0 1.0 234
0.0 0.0 0.0 1.0 235
0.0 2.0 0.0 1.0 236
1.0 2.0 1.0 1.0 237
*** t = 81
0.0 1.3609073040151638 0.0 2.0 129
0.0582153429710534 1.0 1.0 1.0 141
0.4862904293444827 1.0 1.0 1.0 143
1.4673040324645583 1.0 2.0 1.0 144
1.4963011778741335 1.0 2.0 1.0 151
0.0 1.5654027647356767 0.0 2.0 154
0.5821538186266918 1.4178461813733083 1.0 1.0 160
1.0 0.9716043165813055 1.0 0.0 162
0.9140433191053189 1.0 1.0 1.0 165
1.0 0.39924848176550193 1.0 0.0 166
1.3663193085295504 1.0 2.0 1.0 167
0.48098605161969965 1.0 1.0 1.0 168
1.0 0.6873773958506392 1.0 0.0 171
1.7165936078870614 1.0 2.0 1.0 174
1.0 0.1093498851745856 1.0 0.0 175
0.06515095557107825 1.0 0.0 1.0 178
0.04303875569197442 1.0 0.0 1.0 179
0.7134155238959399 1.0 1.0 1.0 181
0.0 1.9284444694967011 0.0 2.0 183
0.0 0.8017486882880723 0.0 0.0 184
1.0 0.6355498185011093 1.0 0.0 185
1.3297940705286766 1.0 2.0 1.0 189
0.7924256268312478 1.207574373168752 0.5 1.5 190
0.010801946707557561 1.0108019467075575 0.5 1.5 191
-0.6628453354163625 1.0 -1.0 1.0 193
1.9791037106849516 1.0 2.0 1.0 195
0.497233170592359 1.497233170592359 0.0 1.0 196
1.0 1.6520159306747173 1.0 2.0 197
0.0 0.6124668713346709 0.0 1.0 199
0.9076196771269793 1.0 1.0 1.0 200
-0.7737511800757207 1.0 -1.0 1.0 202
0.0 1.6302244950822624 0.0 2.0 203
1.976553488458707 1.0 2.0 1.0 204
0.8078578398260342 1.192142160173966 0.5 1.5 205
0.0 1.3385023764489241 0.0 2.0 206
-0.9975182450406893 1.0 -1.0 1.0 207
1.0 0.9349588522898677 1.0 0.0 208
0.0 1.0956586133653938 0.0 1.0 209
0.0 0.8573866568380211 0.0 1.0 210
0.0 0.9668242620756183 0.0 0.0 211
0.0 1.079987177447761 0.0 2.0 212
1.0 1.3341263588816623 1.0 2.0 213
1.0392189060220274 1.0 2.0 1.0 214
1.0 1.1480237467118957 1.0 2.0 215
0.0 0.8107879579993913 0.0 0.0 216
0.0 0.8620371413150976 0.0 1.0 217
0.0 1.161061358325967 0.0 1.0 218
1.0 1.3216748231267308 1.0 1.0 219
0.0 1.2967060691258214 0.0 1.0 220
-0.5538976066426375 1.0 0.0 1.0 221
1.0 0.9530920838234984 1.0 1.0 222
1.3668467696338809 1.0 1.0 1.0 223
0.0 0.9283211600381838 0.0 1.0 224
0.0 1.4301207161866374 0.0 1.0 225
1.0 1.378181624294386 1.0 1.0 226
0.0 1.646083059239893 0.0 1.0 227
0.0 0.5613965094720472 0.0 1.0 228
0.0 1.6383722255963569 0.0 1.0 229
0.8014165805777672 1.198583419422233 1.0 1.0 102
-0.6095456291620378 1.0 0.0 1.0 230
1.0 0.3872179391156305 1.0 1.0 231
1.0 1.6032918839118901 1.0 1.0 232
1.5561677206433606 1.0 1.0 1.0 233
0.0 1.8010543310438583 0.0 1.0 234
0.0 0.1052168750298834 0.0 1.0 235
0.0 1.8533482652810265 0.0 1.0 236
1.0 1.9132600643545108 1.0 1.0 237
0.0 2.0 0.0 1.0 238
-1.0 1.0 0.0 1.0 239
1.0 0.0 1.0 1.0 240
2.0 1.0 1.0 1.0 241
*** t = 82
0.0 1.4247156095290872 0.0 2.0 129
0.13313743101178516 1.0 1.0 1.0 141
0.5741844896995607 1.0 1.0 1.0 143
1.557351457303235 1.0 2.0 1.0 144
1.6266516692157078 1.0 2.0 1.0 151
0.0 1.653864929036907 0.0 2.0 154
0.6560933512563135 1.3439066487436866 1.0 1.0 160
1.0 0.8776578071277751 1.0 0.0 162
1.0 0.9528264056355445 1.0 0.0 165
1.0 0.2908838351723978 1.0 0.0 166
1.4649159463849484 1.0 2.0 1.0 167
0.6016193688693995 1.0 1.0 1.0 168
1.0 0.58682858697458 1.0 0.0 171
1.8459552082626358 1.0 2.0 1.0 174
0.0 1.0269847132112515 0.0 2.0 178
0.0 0.9498501250106398 0.0 0.0 179
0.8035952883115156 1.0 1.0 1.0 181
0.0 0.7351791709707429 0.0 0.0 184
1.0 0.48117961050822117 1.0 0.0 185
1.4668407805597752 1.0 2.0 1.0 189
0.7386208530456421 1.2613791469543578 0.5 1.5 190
0.05567124220093909 1.055671242200939 0.5 1.5 191
-0.7737016911107866 1.0 -1.0 1.0 193
0.41657492988607975 1.4165749298860797 0.0 1.0 196
1.0 1.7621503260530318 1.0 2.0 197
0.0 0.6595797075911841 0.0 1.0 199
0.9615619212423788 1.0384380787576213 0.5 1.5 200
-0.9215637784153641 1.0 -1.0 1.0 202
0.0 1.7660765363391175 0.0 2.0 203
0.7329204280459914 1.2670795719540087 0.5 1.5 205
0.0 1.4601844106715536 0.0 2.0 206
1.0 0.8381369297707648 1.0 0.0 208
0.0 1.0052244747019332 0.0 1.0 209
0.0 0.9526518409311345 0.0 1.0 210
0.0 0.852026957861798 0.0 0.0 211
0.0 1.1999857527197344 0.0 2.0 212
1.0 1.4823626209796248 1.0 2.0 213
1.1546876733578082 1.0 2.0 1.0 214
1.0 1.2755819407909952 1.0 2.0 215
0.0 0.6621364527493152 0.0 0.0 216
0.0 0.9851853043601115 0.0 1.0 217
0.0 1.0412129809439623 0.0 1.0 218
1.0 1.2247712264305495 1.0 1.0 219
0.0 1.179490413980125 0.0 1.0 220
-0.4795472077497438 1.0 0.0 1.0 221
1.1119407644607482 1.0 2.0 1.0 222
1.2613212312395277 1.0 1.0 1.0 223
0.11398539204582053 1.0 1.0 1.0 224
0.0 1.3161448594239649 0.0 1.0 225
1.0 1.2538179491532633 1.0 1.0 226
0.0 1.5576038240498662 0.0 1.0 227
0.0 0.7485286792960629 0.0 1.0 228
0.0 1.5178296341284758 0.0 1.0 229
0.8728750281988975 1.1271249718011025 1.0 1.0 102
-0.4793941722160504 1.0 0.0 1.0 230
1.0 0.5162905854875074 1.0 1.0 231
1.0 1.4710558452158535 1.0 1.0 232
1.4082236275244808 1.0 1.0 1.0 233
0.0 1.7015814965657874 0.0 1.0 234
0.0 0.2104337500597668 0.0 1.0 235
0.0 1.706696530562053 0.0 1.0 236
1.0 1.8265201287090216 1.0 1.0 237
0.0 1.8779722461978499 0.0 1.0 238
-0.8809647737534181 1.0 0.0 1.0 239
1.0 0.08670681816394941 1.0 1.0 240
1.934697586566957 1.0 1.0 1.0 241
0.0 0.0 0.0 1.0 242
0.0 2.0 0.0 1.0 243
1.0 2.0 1.0 1.0 244
*** t = 83
0.0 1.4885239150430105 0.0 2.0 129
0.2080595190525169 1.0 1.0 1.0 141
0.6620785500546388 1.0 1.0 1.0 143
1.6473988821419117 1.0 2.0 1.0 144
1.757002160557282 1.0 2.0 1.0 151
0.0 1.7423270933381372 0.0 2.0 154
0.7300328838859352 1.2699671161140649 1.0 1.0 160
1.0 0.7837112976742446 1.0 0.0 162
1.0 0.819696130376408 1.0 0.0 165
1.0 0.18251918857929367 1.0 0.0 166
1.5635125842403463 1.0 2.0 1.0 167
0.7222526861190993 1.0 1.0 1.0 168
1.0 0.48627977809852074 1.0 0.0 171
1.9753168086382102 1.0 2.0 1.0 174
0.0 1.119120381993581 0.0 2.0 178
0.0 0.8566614943293053 0.0 0.0 179
0.8937750527270913 1.0 1.0 1.0 181
0.0 0.6686096536534135 0.0 0.0 184
1.0 0.3268094025153331 1.0 0.0 185
1.6038874905908738 1.0 2.0 1.0 189
0.6848160792600363 1.3151839207399636 0.5 1.5 190
0.10054053769432061 1.1005405376943207 0.5 1.5 191
-0.8845580468052107 1.0 -1.0 1.0 193
0.3359166891798005 1.3359166891798004 0.0 1.0 196
1.0 1.8722847214313463 1.0 2.0 197
0.0 0.7066925438476973 0.0 1.0 199
0.8578010897330419 1.142198910266958 0.5 1.5 200
0.0 1.9019285775959727 0.0 2.0 203
0.6579830162659487 1.3420169837340514 0.5 1.5 205
0.0 1.581866444894183 0.0 2.0 206
1.0 0.7413150072516619 1.0 0.0 208
0.060252331209823026 1.060252331209823 0.5 1.5 209
0.04791702502424798 1.0 1.0 1.0 210
0.0 0.7372296536479778 0.0 0.0 211
0.0 1.3199843279917078 0.0 2.0 212
1.0 1.6305988830775873 1.0 2.0 213
1.270156440693589 1.0 2.0 1.0 214
1.0 1.4031401348700947 1.0 2.0 215
0.0 0.5134849474992391 0.0 0.0 216
0.07660332943161602 1.076603329431616 0.5 1.5 217
0.0 0.9213646035619577 0.0 0.0 218
1.0 1.1278676297343682 1.0 1.0 219
0.0 1.0622747588344286 0.0 1.0 220
-0.40519680885685005 1.0 0.0 1.0 221
1.270789445097998 1.0 2.0 1.0 222
1.1557956928451745 1.0 1.0 1.0 223
0.2996496240534573 1.0 1.0 1.0 224
0.0 1.2021690026612923 0.0 1.0 225
1.0 1.1294542740121405 1.0 1.0 226
0.0 1.4691245888598394 0.0 1.0 227
0.0 0.9356608491200786 0.0 1.0 228
0.0 1.3972870426605948 0.0 1.0 229
0.9443334758200278 1.0556665241799723 1.0 1.0 102
-0.349242715270063 1.0 0.0 1.0 230
1.0 0.6453632318593843 1.0 1.0 231
1.0 1.338819806519817 1.0 1.0 232
1.260279534405601 1.0 1.0 1.0 233
0.0 1.6021086620877165 0.0 1.0 234
0.0 0.3156506250896502 0.0 1.0 235
0.0 1.5600447958430794 0.0 1.0 236
1.0 1.7397801930635324 1.0 1.0 237
0.0 1.7559444923956997 0.0 1.0 238
-0.7619295475068362 1.0 0.0 1.0 239
1.0 0.17341363632789883 1.0 1.0 240
1.8693951731339138 1.0 1.0 1.0 241
0.0 0.11811455512553133 0.0 1.0 242
0.0 1.8677447521803896 0.0 1.0 243
1.0 1.930792204179856 1.0 1.0 244
0.0 2.0 0.0 1.0 245
*** t = 84
0.0 1.5523322205569339 0.0 2.0 129
0.28298160709324865 1.0 1.0 1.0 141
0.7499726104097169 1.0 1.0 1.0 143
1.7374463069805883 1.0 2.0 1.0 144
1.8873526518988564 1.0 2.0 1.0 151
0.0 1.8307892576393674 0.0 2.0 154
0.803972416515557 1.1960275834844432 1.0 1.0 160
1.0 0.6897647882207142 1.0 0.0 162
1.0 0.6865658551172714 1.0 0.0 165
1.0 0.07415454198618954 1.0 0.0 166
1.6621092220957443 1.0 2.0 1.0 167
0.8428860033687992 1.0 1.0 1.0 168
1.0 0.38573096922246153 1.0 0.0 171
0.0 1.2112560507759107 0.0 2.0 178
0.0 0.7634728636479707 0.0 0.0 179
0.9839548171426671 1.0 1.0 1.0 181
0.0 0.6020401363360841 0.0 0.0 184
1.0 0.172439194522445 1.0 0.0 185
1.7409342006219723 1.0 2.0 1.0 189
0.6310113054744305 1.3689886945255694 0.5 1.5 190
0.14540983318770215 1.1454098331877023 0.5 1.5 191
-0.9954144024996348 1.0 -1.0 1.0 193
0.25525844847352125 1.2552584484735212 0.0 1.0 196
1.0 1.9824191168096608 1.0 2.0 197
0.0 0.7538053801042105 0.0 1.0 199
0.754040258223705 1.2459597417762949 0.5 1.5 200
0.5830456044859059 1.4169543955140942 0.5 1.5 205
0.0 1.7035484791168125 0.0 2.0 206
1.0 0.644493084732559 1.0 0.0 208
0.1241989239095206 1.1241989239095207 0.5 1.5 209
0.14318220911736143 1.0 1.0 1.0 210
0.0 0.6224323494341575 0.0 0.0 211
0.0 1.4399829032636813 0.0 2.0 212
1.0 1.7788351451755497 1.0 2.0 213
1.3856252080293698 1.0 2.0 1.0 214
1.0 1.5306983289491942 1.0 2.0 215
0.0 0.364833442249163 0.0 0.0 216
0.16368223061141193 1.1636822306114118 0.5 1.5 217
0.0 0.8015162261799531 0.0 0.0 218
1.0 1.0309640330381868 1.0 1.0 219
0.038849080346164536 1.0388490803461645 0.5 1.5 220
-0.3308464099639563 1.0 0.0 1.0 221
1.4296381257352477 1.0 2.0 1.0 222
1.0502701544508213 1.0 1.0 1.0 223
0.48531385606109406 1.0 1.0 1.0 224
0.0 1.0881931458986198 0.0 1.0 225
1.0 1.0050905988710177 1.0 1.0 226
0.0 1.3806453536698127 0.0 1.0 227
0.08682777637773731 1.0868277763777372 0.5 1.5 228
0.0 1.2767444511927137 0.0 1.0 229
0.9776668476935567 1.0 0.0 1.0 102
-0.21909125832407558 1.0 0.0 1.0 230
1.0 0.7744358782312611 1.0 1.0 231
1.0 1.2065837678237803 1.0 1.0 232
1.1123354412867212 1.0 1.0 1.0 233
0.0 1.5026358276096456 0.0 1.0 234
0.0 0.4208675001195336 0.0 1.0 235
0.0 1.413393061124106 0.0 1.0 236
1.0 1.6530402574180432 1.0 1.0 237
0.0 1.6339167385935496 0.0 1.0 238
-0.6428943212602543 1.0 0.0 1.0 239
1.0 0.26012045449184823 1.0 1.0 240
1.8040927597008707 1.0 1.0 1.0 241
0.0 0.23622911025106266 0.0 1.0 242
0.0 1.7354895043607792 0.0 1.0 243
1.0 1.861584408359712 1.0 1.0 244
0.0 1.9007159182673647 0.0 1.0 245
0.0 0.0 0.0 1.0 246
0.0 2.0 0.0 1.0 247
-1.0 1.0 0.0 1.0 248
1.0 0.0 1.0 1.0 249
1.0 2.0 1.0 1.0 250
2.0 1.0 1.0 1.0 251
*** t = 85
0.0 1.6161405260708572 0.0 2.0 129
0.3579036951339804 1.0 1.0 1.0 141
0.8378666707647949 1.0 1.0 1.0 143
1.827493731819265 1.0 2.0 1.0 144
0.0 1.9192514219405976 0.0 2.0 154
0.8779119491451787 1.1220880508548214 1.0 1.0 160
1.0 0.5958182787671837 1.0 0.0 162
1.0 0.5534355798581349 1.0 0.0 165
1.7607058599511423 1.0 2.0 1.0 167
0.963519320618499 1.0 1.0 1.0 168
1.0 0.2851821603464023 1.0 0.0 171
0.0 1.3033917195582403 0.0 2.0 178
0.0 0.6702842329666362 0.0 0.0 179
1.0 1.0741345815582428 1.0 2.0 181
0.0 0.5354706190187547 0.0 0.0 184
1.0 0.018068986529556907 1.0 0.0 185
1.877980910653071 1.0 2.0 1.0 189
0.5772065316888247 1.4227934683111751 0.5 1.5 190
0.19027912868108368 1.1902791286810839 0.5 1.5 191
0.174600207767242 1.174600207767242 0.0 1.0 196
0.0 0.8009182163607237 0.0 1.0 199
0.6502794267143682 1.3497205732856317 0.5 1.5 200
0.508108192705863 1.491891807294137 0.5 1.5 205
0.0 1.825230513339442 0.0 2.0 206
1.0 0.547671162213456 1.0 0.0 208
0.1881455166092182 1.1881455166092183 0.5 1.5 209
0.23844739321047487 1.0 1.0 1.0 210
0.0 0.5076350452203372 0.0 0.0 211
0.0 1.5599814785356547 0.0 2.0 212
1.0 1.9270714072735122 1.0 2.0 213
1.5010939753651507 1.0 2.0 1.0 214
1.0 1.6582565230282937 1.0 2.0 215
0.0 0.21618193699908683 0.0 0.0 216
0.25076113179120785 1.2507611317912077 0.5 1.5 217
0.0 0.6816678487979485 0.0 0.0 218
0.95337368738895 1.04662631261105 0.5 1.5 219
0.12173306496091038 1.1217330649609103 0.5 1.5 220
-0.25649601107106257 1.0 0.0 1.0 221
1.5884868063724975 1.0 2.0 1.0 222
1.0 1.055255383943532 1.0 2.0 223
0.6709780880687308 1.0 1.0 1.0 224
0.0 0.9742172891359473 0.0 0.0 225
0.8807269237298948 1.0 0.0 1.0 226
0.0 1.292166118479786 0.0 1.0 227
0.21915020263845145 1.2191502026384513 0.5 1.5 228
0.0 1.1562018597248327 0.0 1.0 229
0.8766093419216269 1.0 0.0 1.0 102
-0.08893980137808816 1.0 0.0 1.0 230
1.0 0.903508524603138 1.0 1.0 231
1.0 1.0743477291277437 1.0 1.0 232
1.0 0.9643913481678414 1.0 0.0 233
0.0 1.4031629931315748 0.0 1.0 234
0.0 0.526084375149417 0.0 1.0 235
0.0 1.2667413264051324 0.0 1.0 236
1.0 1.566300321772554 1.0 1.0 237
0.0 1.5118889847913994 0.0 1.0 238
-0.5238590950136723 1.0 0.0 1.0 239
1.0 0.34682727265579766 1.0 1.0 240
1.7387903462678276 1.0 1.0 1.0 241
0.0 0.354343665376594 0.0 1.0 242
0.0 1.6032342565411688 0.0 1.0 243
1.0 1.792376612539568 1.0 1.0 244
0.0 1.8014318365347295 0.0 1.0 245
0.0 0.11862559033622294 0.0 1.0 246
0.0 1.876643171278395 0.0 1.0 247
-0.8681481084268489 1.0 0.0 1.0 248
1.0 0.10796219808501771 1.0 1.0 249
1.0 1.918267598387353 1.0 1.0 250
1.8749941593551567 1.0 1.0 1.0 251
0.0 2.0 0.0 1.0 252
*** t = 86
0.0 1.6799488315847806 0.0 2.0 129
0.43282578317471215 1.0 1.0 1.0 141
0.925760731119873 1.0 1.0 1.0 143
1.9175411566579417 1.0 2.0 1.0 144
0.9518514817748004 1.0481485182251997 1.0 1.0 160
1.0 0.5018717693136533 1.0 0.0 162
1.0 0.4203053045989983 1.0 0.0 165
1.8593024978065402 1.0 2.0 1.0 167
1.0 1.0841526378681987 1.0 2.0 168
1.0 0.1846333514703431 1.0 0.0 171
0.0 1.3955273883405699 0.0 2.0 178
0.0 0.5770956022853017 0.0 0.0 179
1.0 1.1643143459738186 1.0 2.0 181
0.0 0.46890110170142535 0.0 0.0 184
0.523401757903219 1.476598242096781 0.5 1.5 190
0.23514842417446524 1.2351484241744655 0.5 1.5 191
0.09394196706096274 1.0939419670609627 0.0 1.0 196
0.0 0.8480310526172369 0.0 1.0 199
0.5465185952050314 1.4534814047949685 0.5 1.5 200
0.4331707809258203 1.4331707809258203 0.0 1.0 205
0.0 1.9469125475620714 0.0 2.0 206
1.0 0.4508492396943531 1.0 0.0 208
0.2520921093089158 1.252092109308916 0.5 1.5 209
0.33371257730358833 1.0 1.0 1.0 210
0.0 0.39283774100651697 0.0 0.0 211
0.0 1.6799800538076282 0.0 2.0 212
1.6165627427009315 1.0 2.0 1.0 214
1.0 1.7858147171073933 1.0 2.0 215
0.0 0.06753043174901069 0.0 0.0 216
0.3378400329710038 1.3378400329710036 0.5 1.5 217
0.0 0.5618194714159439 0.0 0.0 218
0.8848524970437138 1.115147502956286 0.5 1.5 219
0.2046170495756562 1.204617049575656 0.5 1.5 220
-0.1821456121781688 1.0 0.0 1.0 221
1.7473354870097473 1.0 2.0 1.0 222
1.0 1.160780922337885 1.0 2.0 223
0.8566423200763675 1.0 1.0 1.0 224
0.0 0.8602414323732748 0.0 0.0 225
0.7563632485887719 1.0 0.0 1.0 226
0.0 1.2036868832897591 0.0 1.0 227
0.35147262889916553 1.3514726288991654 0.5 1.5 228
0.0 1.0356592682569516 0.0 1.0 229
0.775551836149697 1.0 0.0 1.0 102
0.04121165556789927 1.0 1.0 1.0 230
0.9674188290249851 1.0 0.0 1.0 231
1.057888309568293 1.0 2.0 1.0 232
1.0 0.8164472550489617 1.0 0.0 233
0.0 1.303690158653504 0.0 1.0 234
0.0 0.6313012501793004 0.0 1.0 235
0.0 1.1200895916861588 0.0 1.0 236
1.0 1.4795603861270648 1.0 1.0 237
0.0 1.3898612309892493 0.0 1.0 238
-0.4048238687670904 1.0 0.0 1.0 239
1.0 0.4335340908197471 1.0 1.0 240
1.6734879328347845 1.0 1.0 1.0 241
0.0 0.4724582205021253 0.0 1.0 242
0.0 1.4709790087215584 0.0 1.0 243
1.0 1.723168816719424 1.0 1.0 244
0.0 1.7021477548020942 0.0 1.0 245
0.0 0.23725118067244588 0.0 1.0 246
0.0 1.7532863425567902 0.0 1.0 247
-0.7362962168536977 1.0 0.0 1.0 248
1.0 0.21592439617003542 1.0 1.0 249
1.0 1.836535196774706 1.0 1.0 250
1.7499883187103134 1.0 1.0 1.0 251
0.0 1.8705359483626411 0.0 1.0 252
0.0 0.0 0.0 1.0 253
0.0 2.0 0.0 1.0 254
1.0 2.0 1.0 1.0 255
*** t = 87
0.0 2.0 0.0 1.0 256
0.0 1.743757137098704 0.0 2.0 129
-1.0 1.0 0.0 1.0 257
1.0 0.0 1.0 1.0 258
2.0 1.0 1.0 1.0 259
0.507747871215444 1.0 1.0 1.0 141
1.0 1.0136547914749512 1.0 2.0 143
1.0 1.0364740023580936 1.0 2.0 160
1.0 0.40792525986012285 1.0 0.0 162
1.0 0.2871750293398617 1.0 0.0 165
1.9578991356619382 1.0 2.0 1.0 167
1.0 1.2047859551178985 1.0 2.0 168
1.0 0.0840845425942839 1.0 0.0 171
0.0 1.4876630571228995 0.0 2.0 178
0.0 0.48390697160396706 0.0 0.0 179
1.0 1.2544941103893943 1.0 2.0 181
0.0 0.402331584384096 0.0 0.0 184
0.4695969841176132 1.4695969841176133 0.0 1.0 190
0.2800177196678468 1.280017719667847 0.5 1.5 191
0.013283726354683473 1.0132837263546834 0.0 1.0 196
0.0 0.8951438888737501 0.0 1.0 199
0.44275776369569464 1.4427577636956948 0.0 1.0 200
0.3582333691457775 1.3582333691457775 0.0 1.0 205
1.0 0.35402731717525016 1.0 0.0 208
0.3160387020086134 1.3160387020086135 0.5 1.5 209
0.4289777613967018 1.0 1.0 1.0 210
0.0 0.27804043679269674 0.0 0.0 211
0.0 1.7999786290796016 0.0 2.0 212
1.7320315100367123 1.0 2.0 1.0 214
1.0 1.9133729111864928 1.0 2.0 215
0.4249189341507997 1.4249189341507995 0.5 1.5 217
0.0 0.4419710940339393 0.0 0.0 218
0.8163313066984776 1.1836686933015224 0.5 1.5 219
0.287501034190402 1.2875010341904018 0.5 1.5 220
-0.10779521328527503 1.0 0.0 1.0 221
1.906184167646997 1.0 2.0 1.0 222
1.0 1.2663064607322383 1.0 2.0 223
1.0423065520840042 1.0 2.0 1.0 224
0.0 0.7462655756106022 0.0 0.0 225
0.631999573447649 1.0 0.0 1.0 226
0.0 1.1152076480997324 0.0 1.0 227
0.48379505515987964 1.4837950551598795 0.5 1.5 228
0.0 0.9151166767890706 0.0 0.0 229
0.6744943303777672 1.0 0.0 1.0 102
0.1713631125138867 1.0 1.0 1.0 230
0.8383461826531082 1.0 0.0 1.0 231
1.1901243482643296 1.0 2.0 1.0 232
1.0 0.6685031619300819 1.0 0.0 233
0.0 1.204217324175433 0.0 1.0 234
0.0 0.7365181252091838 0.0 1.0 235
0.02656214303281465 1.0 1.0 1.0 236
1.0 1.3928204504815755 1.0 1.0 237
0.0 1.2678334771870992 0.0 1.0 238
-0.2857886425205085 1.0 0.0 1.0 239
1.0 0.5202409089836965 1.0 1.0 240
1.6081855194017414 1.0 1.0 1.0 241
0.0 0.5905727756276566 0.0 1.0 242
0.0 1.338723760901948 0.0 1.0 243
1.0 1.6539610208992799 1.0 1.0 244
0.0 1.602863673069459 0.0 1.0 245
0.0 0.3558767710086688 0.0 1.0 246
0.0 1.6299295138351853 0.0 1.0 247
-0.6044443252805466 1.0 0.0 1.0 248
1.0 0.3238865942550531 1.0 1.0 249
1.0 1.7548027951620588 1.0 1.0 250
1.62498247806547 1.0 1.0 1.0 251
0.0 1.7410718967252823 0.0 1.0 252
0.0 0.08277884428129553 0.0 1.0 253
0.0 1.9067028125484378 0.0 1.0 254
1.0 1.8921948565589763 1.0 1.0 255
*** t = 88
0.0 1.8404001831967212 0.0 1.0 256
0.0 1.8075654426126273 0.0 2.0 129
-0.8198630417847647 1.0 0.0 1.0 257
1.0 0.17603868615149565 1.0 1.0 258
1.8437746635301329 1.0 1.0 1.0 259
0.0 0.0 0.0 1.0 260
0.0 2.0 0.0 1.0 261
1.0 2.0 1.0 1.0 262
0.5826699592561757 1.0 1.0 1.0 141
1.0 1.1015488518300294 1.0 2.0 143
1.0 1.1410402921984326 1.0 2.0 160
1.0 0.3139787504065924 1.0 0.0 162
1.0 0.15404475408072515 1.0 0.0 165
1.0 1.3254192723675984 1.0 2.0 168
0.0 1.579798725905229 0.0 2.0 178
0.0 0.39071834092263247 0.0 0.0 179
1.0 1.34467387480497 1.0 2.0 181
0.0 0.33576206706676665 0.0 0.0 184
0.41579221033200736 1.4157922103320075 0.0 1.0 190
0.3248870151612283 1.3248870151612286 0.5 1.5 191
0.0 1.0952819519543275 0.0 2.0 196
0.0 0.9422567251302633 0.0 1.0 199
0.3389969321863578 1.338996932186358 0.0 1.0 200
0.28329595736573476 1.2832959573657348 0.0 1.0 205
1.0 0.2572053946561472 1.0 0.0 208
0.379985294708311 1.379985294708311 0.5 1.5 209
0.5242429454898152 1.0 1.0 1.0 210
0.0 0.16324313257887652 0.0 0.0 211
0.0 1.919977204351575 0.0 2.0 212
1.8475002773724931 1.0 2.0 1.0 214
0.5119978353305955 1.4880021646694044 1.0 1.0 217
0.0 0.3221227166519347 0.0 0.0 218
0.7478101163532415 1.2521898836467584 0.5 1.5 219
0.37038501880514785 1.3703850188051476 0.5 1.5 220
-0.033444814392381256 1.0 0.0 1.0 221
1.0 1.3718319991265915 1.0 2.0 223
1.227970784091641 1.0 2.0 1.0 224
0.0 0.6322897188479297 0.0 0.0 225
0.5076358983065261 1.0 0.0 1.0 226
0.0 1.0267284129097056 0.0 1.0 227
0.6161174814205937 1.3838825185794064 1.0 1.0 228
0.0 0.7945740853211896 0.0 0.0 229
0.5734368246058373 1.0 0.0 1.0 102
0.3015145694598741 1.0 1.0 1.0 230
0.7092735362812314 1.0 0.0 1.0 231
1.3223603869603662 1.0 2.0 1.0 232
1.0 0.5205590688112021 1.0 0.0 233
0.0 1.1047444896973622 0.0 1.0 234
0.0 0.8417350002390672 0.0 1.0 235
0.17321387775178815 1.0 1.0 1.0 236
1.0 1.3060805148360863 1.0 1.0 237
0.0 1.145805723384949 0.0 1.0 238
-0.1667534162739266 1.0 0.0 1.0 239
1.0 0.6069477271476459 1.0 1.0 240
1.5428831059686983 1.0 1.0 1.0 241
0.0 0.708687330753188 0.0 1.0 242
0.0 1.2064685130823376 0.0 1.0 243
1.0 1.5847532250791359 1.0 1.0 244
0.0 1.5035795913368237 0.0 1.0 245
0.0 0.47450236134489177 0.0 1.0 246
0.0 1.5065726851135803 0.0 1.0 247
-0.47259243370739545 1.0 0.0 1.0 248
1.0 0.43184879234007084 1.0 1.0 249
1.0 1.6730703935494118 1.0 1.0 250
1.4999766374206267 1.0 1.0 1.0 251
0.0 1.6116078450879234 0.0 1.0 252
0.0 0.16555768856259107 0.0 1.0 253
0.0 1.8134056250968755 0.0 1.0 254
1.0 1.7843897131179527 1.0 1.0 255
*** t = 89
0.0 1.6808003663934423 0.0 1.0 256
0.0 1.8713737481265507 0.0 2.0 129
-0.6397260835695293 1.0 0.0 1.0 257
1.0 0.3520773723029913 1.0 1.0 258
1.6875493270602657 1.0 1.0 1.0 259
0.0 0.16385593821735295 0.0 1.0 260
0.0 1.8680809555238687 0.0 1.0 261
1.0 1.8987903130744996 1.0 1.0 262
0.0 2.0 0.0 1.0 263
0.6575920472969075 1.0 1.0 1.0 141
1.0 1.1894429121851076 1.0 2.0 143
1.0 1.2456065820387716 1.0 2.0 160
1.0 0.22003224095306198 1.0 0.0 162
1.0 0.02091447882158859 1.0 0.0 165
1.0 1.4460525896172982 1.0 2.0 168
0.0 1.6719343946875587 0.0 2.0 178
0.0 0.2975297102412979 0.0 0.0 179
1.0 1.4348536392205458 1.0 2.0 181
0.0 0.2691925497494373 0.0 0.0 184
0.36198743654640153 1.3619874365464018 0.0 1.0 190
0.3697563106546099 1.3697563106546102 0.5 1.5 191
0.0 1.2093499298783013 0.0 2.0 196
0.0 0.9893695613867765 0.0 1.0 199
0.23523610067702097 1.2352361006770212 0.0 1.0 200
0.208358545585692 1.208358545585692 0.0 1.0 205
1.0 0.1603834721370443 1.0 0.0 208
0.4439318874080086 1.4439318874080087 0.5 1.5 209
0.6195081295829287 1.0 1.0 1.0 210
0.0 0.04844582836505627 0.0 0.0 211
1.962969044708274 1.0 2.0 1.0 214
0.5990767365103915 1.4009232634896085 1.0 1.0 217
0.0 0.20227433926993008 0.0 0.0 218
0.6792889260080053 1.3207110739919945 0.5 1.5 219
0.4532690034198936 1.4532690034198936 0.5 1.5 220
0.0 0.9590944154994875 0.0 0.0 221
1.0 1.4773575375209447 1.0 2.0 223
1.4136350160992777 1.0 2.0 1.0 224
0.0 0.5183138620852572 0.0 0.0 225
0.38327222316540327 1.0 0.0 1.0 226
0.06175082228032111 1.0 1.0 1.0 227
0.7484399076813079 1.2515600923186923 1.0 1.0 228
0.0 0.6740314938533085 0.0 0.0 229
0.4723793188339075 1.0 0.0 1.0 102
0.4316660264058615 1.0 1.0 1.0 230
0.5802008899093545 1.0 0.0 1.0 231
1.4545964256564028 1.0 2.0 1.0 232
1.0 0.3726149756923222 1.0 0.0 233
0.0 1.0052716552192913 0.0 1.0 234
0.0 0.9469518752689506 0.0 1.0 235
0.3198656124707616 1.0 1.0 1.0 236
1.0 1.2193405791905971 1.0 1.0 237
0.0 1.0237779695827989 0.0 1.0 238
-0.04771819002734469 1.0 0.0 1.0 239
1.0 0.6936545453115953 1.0 1.0 240
1.4775806925356552 1.0 1.0 1.0 241
0.0 0.8268018858787194 0.0 1.0 242
0.0 1.0742132652627272 0.0 1.0 243
1.0 1.5155454292589918 1.0 1.0 244
0.0 1.4042955096041885 0.0 1.0 245
0.0 0.5931279516811148 0.0 1.0 246
0.0 1.3832158563919754 0.0 1.0 247
-0.3407405421342443 1.0 0.0 1.0 248
1.0 0.5398109904250885 1.0 1.0 249
1.0 1.5913379919367647 1.0 1.0 250
1.3749707967757834 1.0 1.0 1.0 251
0.0 1.4821437934505646 0.0 1.0 252
0.0 0.2483365328438866 0.0 1.0 253
0.0 1.7201084376453133 0.0 1.0 254
1.0 1.676584569676929 1.0 1.0 255
*** t = 90
0.0 1.5212005495901635 0.0 1.0 256
0.0 1.935182053640474 0.0 2.0 129
-0.45958912535429397 1.0 0.0 1.0 257
1.0 0.528116058454487 1.0 1.0 258
1.5313239905903986 1.0 1.0 1.0 259
0.0 0.3277118764347059 0.0 1.0 260
0.0 1.7361619110477373 0.0 1.0 261
1.0 1.7975806261489993 1.0 1.0 262
0.0 1.8582770786770229 0.0 1.0 263
0.0 0.0 0.0 1.0 264
0.0 2.0 0.0 1.0 265
-1.0 1.0 0.0 1.0 266
1.0 0.0 1.0 1.0 267
1.0 2.0 1.0 1.0 268
0.7325141353376392 1.0 1.0 1.0 141
2.0 1.0 1.0 1.0 269
1.0 1.2773369725401857 1.0 2.0 143
1.0 1.3501728718791106 1.0 2.0 160
1.0 0.12608573149953156 1.0 0.0 162
1.0 1.566685906866998 1.0 2.0 168
0.0 1.7640700634698883 0.0 2.0 178
0.0 0.20434107955996328 0.0 0.0 179
1.0 1.5250334036361215 1.0 2.0 181
0.0 0.20262303243210794 0.0 0.0 184
0.30818266276079576 1.308182662760796 0.0 1.0 190
0.4146256061479915 1.4146256061479918 0.5 1.5 191
0.0 1.323417907802275 0.0 2.0 196
-0.0364823976432896 1.0 -1.0 1.0 199
0.13147526916768415 1.1314752691676844 0.0 1.0 200
0.1334211338056492 1.1334211338056492 0.0 1.0 205
1.0 0.06356154961794135 1.0 0.0 208
0.5078784801077062 1.4921215198922937 1.0 1.0 209
0.7147733136760421 1.0 1.0 1.0 210
0.6861556376901874 1.3138443623098126 1.0 1.0 217
0.0 0.08242596188792545 0.0 0.0 218
0.6107677356627692 1.3892322643372308 0.5 1.5 219
0.5361529880346394 1.4638470119653606 1.0 1.0 220
0.0 0.8847440166065937 0.0 0.0 221
1.0 1.5828830759152979 1.0 2.0 223
1.5992992481069144 1.0 2.0 1.0 224
0.0 0.4043380053225847 0.0 0.0 225
0.2589085480242804 1.0 0.0 1.0 226
0.15023005747034784 1.0 1.0 1.0 227
0.880762333942022 1.1192376660579781 1.0 1.0 228
0.0 0.5534889023854275 0.0 0.0 229
0.37132181306197765 1.0 0.0 1.0 102
0.5618174833518489 1.0 1.0 1.0 230
0.4511282435374776 1.0 0.0 1.0 231
1.5868324643524394 1.0 2.0 1.0 232
1.0 0.22467088257344237 1.0 0.0 233
0.0666102926496526 1.0666102926496526 0.5 1.5 234
0.05216875029883404 1.0 1.0 1.0 235
0.46651734718973514 1.0 1.0 1.0 236
1.0 1.132600643545108 1.0 1.0 237
0.0 0.9017502157806488 0.0 0.0 238
0.050428759924749246 1.0504287599247493 0.5 1.5 239
1.0 0.7803613634755447 1.0 1.0 240
1.412278279102612 1.0 1.0 1.0 241
0.0 0.9449164410042508 0.0 1.0 242
0.04104187945948335 1.0410418794594833 0.5 1.5 243
1.0 1.4463376334388478 1.0 1.0 244
0.0 1.3050114278715532 0.0 1.0 245
0.0 0.7117535420173378 0.0 1.0 246
0.0 1.2598590276703705 0.0 1.0 247
-0.20888865056109315 1.0 0.0 1.0 248
1.0 0.6477731885101062 1.0 1.0 249
1.0 1.5096055903241177 1.0 1.0 250
1.24996495613094 1.0 1.0 1.0 251
0.0 1.3526797418132057 0.0 1.0 252
0.0 0.33111537712518213 0.0 1.0 253
0.0 1.626811250193751 0.0 1.0 254
1.0 1.5687794262359054 1.0 1.0 255
*** t = 91
0.0 1.3616007327868846 0.0 1.0 256
0.0 1.9989903591543974 0.0 2.0 129
-0.2794521671390586 1.0 0.0 1.0 257
1.0 0.7041547446059826 1.0 1.0 258
1.3750986541205314 1.0 1.0 1.0 259
0.0 0.49156781465205884 0.0 1.0 260
0.0 1.604242866571606 0.0 1.0 261
1.0 1.696370939223499 1.0 1.0 262
0.0 1.7165541573540457 0.0 1.0 263
0.0 0.11925940062139846 0.0 1.0 264
0.0 1.846109540670122 0.0 1.0 265
-0.9039643461844329 1.0 0.0 1.0 266
1.0 0.1330032827112088 1.0 1.0 267
1.0 1.8441250721457416 1.0 1.0 268
0.807436223378371 1.0 1.0 1.0 141
1.8805463280813917 1.0 1.0 1.0 269
0.0 2.0 0.0 1.0 270
1.0 1.365231032895264 1.0 2.0 143
1.0 1.4547391617194496 1.0 2.0 160
1.0 0.03213922204600114 1.0 0.0 162
1.0 1.6873192241166979 1.0 2.0 168
0.0 1.8562057322522179 0.0 2.0 178
0.0 0.1111524488786287 0.0 0.0 179
1.0 1.6152131680516972 1.0 2.0 181
0.0 0.1360535151147786 0.0 0.0 184
0.25437788897519 1.2543778889751902 0.0 1.0 190
0.4594949016413731 1.4594949016413732 0.5 1.5 191
0.0 1.4374858857262487 0.0 2.0 196
-0.08359523389980275 1.0 -1.0 1.0 199
0.02771443765834737 1.0277144376583474 0.0 1.0 200
0.058483722025606436 1.0584837220256065 0.0 1.0 205
0.5718250728074038 1.428174927192596 1.0 1.0 209
0.8100384977691556 1.0 1.0 1.0 210
0.7732345388699833 1.2267654611300167 1.0 1.0 217
0.542246545317533 1.4577534546824669 0.5 1.5 219
0.6190369726493853 1.3809630273506148 1.0 1.0 220
0.0 0.8103936177137 0.0 0.0 221
1.0 1.688408614309651 1.0 2.0 223
1.784963480114551 1.0 2.0 1.0 224
0.0 0.29036214855991216 0.0 0.0 225
0.13454487288315758 1.0 0.0 1.0 226
0.23870929266037458 1.0 1.0 1.0 227
0.9814953546608909 1.0 0.0 1.0 228
0.0 0.43294631091754643 0.0 0.0 229
0.2702643072900478 1.0 0.0 1.0 102
0.6919689402978363 1.0 1.0 1.0 230
0.3220555971656007 1.0 0.0 1.0 231
1.719068503048476 1.0 2.0 1.0 232
1.0 0.07672678945456252 1.0 0.0 233
0.13694820845294353 1.1369482084529434 0.5 1.5 234
0.15738562532871744 1.0 1.0 1.0 235
0.6131690819087087 1.0 1.0 1.0 236
1.0 1.0458607078996187 1.0 1.0 237
0.0 0.7797224619784988 0.0 0.0 238
0.1345993756037822 1.1345993756037822 0.5 1.5 239
1.0 0.8670681816394942 1.0 1.0 240
1.346975865669569 1.0 1.0 1.0 241
-0.0630309961297821 1.0 -1.0 1.0 242
0.13456046204023714 1.1345604620402372 0.5 1.5 243
1.0 1.3771298376187038 1.0 1.0 244
0.0 1.205727346138918 0.0 1.0 245
0.0 0.8303791323535608 0.0 1.0 246
0.0 1.1365021989487656 0.0 1.0 247
-0.07703675898794199 1.0 0.0 1.0 248
1.0 0.755735386595124 1.0 1.0 249
1.0 1.4278731887114706 1.0 1.0 250
1.1249591154860967 1.0 1.0 1.0 251
0.0 1.2232156901758469 0.0 1.0 252
0.0 0.4138942214064777 0.0 1.0 253
0.0 1.5335140627421888 0.0 1.0 254
1.0 1.4609742827948817 1.0 1.0 255
*** t = 92
0.0 1.2020009159836058 0.0 1.0 256
-0.09931520892382328 1.0 0.0 1.0 257
1.0 0.8801934307574782 1.0 1.0 258
1.2188733176506643 1.0 1.0 1.0 259
0.0 0.6554237528694118 0.0 1.0 260
0.0 1.4723238220954746 0.0 1.0 261
1.0 1.5951612522979985 1.0 1.0 262
0.0 1.5748312360310686 0.0 1.0 263
0.0 0.23851880124279692 0.0 1.0 264
0.0 1.692219081340244 0.0 1.0 265
-0.8079286923688658 1.0 0.0 1.0 266
1.0 0.2660065654224176 1.0 1.0 267
1.0 1.6882501442914832 1.0 1.0 268
0.8823583114191027 1.0 1.0 1.0 141
1.7610926561627833 1.0 1.0 1.0 269
0.0 1.8783490592775425 0.0 1.0 270
1.0 1.4531250932503421 1.0 2.0 143
0.0 0.0 0.0 1.0 271
0.0 2.0 0.0 1.0 272
1.0 2.0 1.0 1.0 273
1.0 1.5593054515597886 1.0 2.0 160
1.0 1.8079525413663977 1.0 2.0 168
0.0 1.9483414010345474 0.0 2.0 178
0.0 0.017963818197294118 0.0 0.0 179
1.0 1.705392932467273 1.0 2.0 181
0.0 0.06948399779744922 0.0 0.0 184
0.20057311518958418 1.2005731151895844 0.0 1.0 190
0.5043641971347547 1.4956358028652454 1.0 1.0 191
0.0 1.5515538636502224 0.0 2.0 196
-0.13070807015631591 1.0 -1.0 1.0 199
0.0 1.1075458415536352 0.0 2.0 200
0.0 0.9767309687981969 0.0 0.0 205
0.6357716655071014 1.3642283344928985 1.0 1.0 209
0.9053036818622691 1.0 1.0 1.0 210
0.8603134400497792 1.1396865599502208 1.0 1.0 217
0.4737253549722969 1.4737253549722968 0.0 1.0 219
0.7019209572641312 1.298079042735869 1.0 1.0 220
0.0 0.7360432188208063 0.0 0.0 221
1.0 1.7939341527040042 1.0 2.0 223
1.9706277121221878 1.0 2.0 1.0 224
0.0 0.17638629179723964 0.0 0.0 225
0.010181197742034728 1.0 0.0 1.0 226
0.3271885278504013 1.0 1.0 1.0 227
0.7943631848368752 1.0 0.0 1.0 228
0.0 0.3124037194496654 0.0 0.0 229
0.16920680151811793 1.0 0.0 1.0 102
0.8221203972438237 1.0 1.0 1.0 230
0.19298295079372388 1.0 0.0 1.0 231
1.8513045417445126 1.0 2.0 1.0 232
0.20728612425623447 1.2072861242562343 0.5 1.5 234
0.26260250035860083 1.0 1.0 1.0 235
0.7598208166276822 1.0 1.0 1.0 236
1.0408792277458705 1.0 2.0 1.0 237
0.0 0.6576947081763488 0.0 0.0 238
0.21876999128281518 1.2187699912828152 0.5 1.5 239
1.0 0.9537749998034436 1.0 1.0 240
1.2816734522365258 1.0 1.0 1.0 241
-0.18114555125531343 1.0 -1.0 1.0 242
0.22807904462099093 1.228079044620991 0.5 1.5 243
1.0 1.3079220417985598 1.0 1.0 244
0.0 1.1064432644062827 0.0 1.0 245
0.0 0.9490047226897838 0.0 1.0 246
0.0 1.0131453702271607 0.0 1.0 247
0.0 1.054815132585209 0.0 2.0 248
1.0 0.8636975846801417 1.0 1.0 249
1.0 1.3461407870988236 1.0 1.0 250
0.9999669603233983 1.0000330396766017 0.5 1.5 251
0.0 1.093751638538488 0.0 1.0 252
0.0 0.49667306568777325 0.0 1.0 253
0.0 1.4402168752906266 0.0 1.0 254
1.0 1.353169139353858 1.0 1.0 255
*** t = 93
0.0 1.042401099180327 0.0 1.0 256
0.0 1.080821749291412 0.0 2.0 257
1.0 1.056232116908974 1.0 2.0 258
1.0626479811807972 1.0 1.0 1.0 259
0.0 0.8192796910867648 0.0 1.0 260
0.0 1.3404047776193433 0.0 1.0 261
1.0 1.4939515653724982 1.0 1.0 262
0.0 1.4331083147080914 0.0 1.0 263
0.0 0.3577782018641954 0.0 1.0 264
0.0 1.538328622010366 0.0 1.0 265
-0.7118930385532987 1.0 0.0 1.0 266
1.0 0.3990098481336264 1.0 1.0 267
1.0 1.5323752164372249 1.0 1.0 268
0.9572803994598345 1.0 1.0 1.0 141
1.641638984244175 1.0 1.0 1.0 269
0.0 1.756698118555085 0.0 1.0 270
1.0 1.5410191536054203 1.0 2.0 143
0.0 0.17558995294807217 0.0 1.0 271
0.0 1.848173417033705 0.0 1.0 272
1.0 1.856994013119981 1.0 1.0 273
0.0 2.0 0.0 1.0 274
-1.0 1.0 0.0 1.0 275
1.0 0.0 1.0 1.0 276
2.0 1.0 1.0 1.0 277
1.0 1.6638717414001276 1.0 2.0 160
1.0 1.9285858586160975 1.0 2.0 168
1.0 1.7955726968828487 1.0 2.0 181
0.0 0.0029144804801198576 0.0 0.0 184
0.14676834140397838 1.1467683414039787 0.0 1.0 190
0.5492334926281361 1.4507665073718639 1.0 1.0 191
0.0 1.6656218415741961 0.0 2.0 196
-0.17782090641282905 1.0 -1.0 1.0 199
0.0 1.254285816717249 0.0 2.0 200
0.0 0.870753464729723 0.0 0.0 205
0.699718258206799 1.3002817417932009 1.0 1.0 209
1.0005688659553824 1.0 2.0 1.0 210
0.947392341229575 1.052607658770425 1.0 1.0 217
0.4052041646270607 1.4052041646270608 0.0 1.0 219
0.784804941878877 1.2151950581211233 1.0 1.0 220
0.0 0.6616928199279125 0.0 0.0 221
1.0 1.8994596910983574 1.0 2.0 223
0.0 0.06241043503456713 0.0 0.0 225
0.0 0.8858175226009118 0.0 0.0 226
0.4156677630404281 1.0 1.0 1.0 227
0.6072310150128595 1.0 0.0 1.0 228
0.0 0.19186112798178437 0.0 0.0 229
0.06814929574618805 1.0 0.0 1.0 102
0.9522718541898111 1.0 1.0 1.0 230
0.06391030442184703 1.0 0.0 1.0 231
1.9835405804405493 1.0 2.0 1.0 232
0.27762404005952535 1.2776240400595251 0.5 1.5 234
0.36781937538848425 1.0 1.0 1.0 235
0.9064725513466557 1.0 1.0 1.0 236
1.1276191633913597 1.0 2.0 1.0 237
0.0 0.5356669543741988 0.0 0.0 238
0.30294060696184816 1.302940606961848 0.5 1.5 239
1.040481817967393 1.0 2.0 1.0 240
1.2163710388034827 1.0 1.0 1.0 241
-0.29926010638084477 1.0 -1.0 1.0 242
0.3215976272017448 1.321597627201745 0.5 1.5 243
1.0 1.2387142459784157 1.0 1.0 244
0.0 1.0071591826736475 0.0 1.0 245
0.0676303130260067 1.0 1.0 1.0 246
0.11021145849444418 1.0 1.0 1.0 247
0.0 1.1866670241583603 0.0 2.0 248
1.0 0.9716597827651594 1.0 1.0 249
1.0 1.2644083854861765 1.0 1.0 250
0.9115744827155046 1.0884255172844954 0.5 1.5 251
-0.035712413098870965 1.0 -1.0 1.0 252
0.0 0.5794519099690688 0.0 1.0 253
0.0 1.3469196878390644 0.0 1.0 254
1.0 1.2453639959128344 1.0 1.0 255
*** t = 94
0.0 0.8828012823770482 0.0 0.0 256
0.0 1.2609587075066475 0.0 2.0 257
1.0 1.2322708030604694 1.0 2.0 258
1.0 1.09357735528907 1.0 2.0 259
0.0 0.9831356293041178 0.0 1.0 260
0.0 1.208485733143212 0.0 1.0 261
1.0 1.3927418784469978 1.0 1.0 262
0.0 1.2913853933851143 0.0 1.0 263
0.0 0.47703760248559385 0.0 1.0 264
0.0 1.384438162680488 0.0 1.0 265
-0.6158573847377316 1.0 0.0 1.0 266
1.0 0.5320131308448351 1.0 1.0 267
1.0 1.3765002885829665 1.0 1.0 268
1.0322024875005662 1.0 2.0 1.0 141
1.5221853123255666 1.0 1.0 1.0 269
0.0 1.6350471778326274 0.0 1.0 270
1.0 1.6289132139604985 1.0 2.0 143
0.0 0.35117990589614434 0.0 1.0 271
0.0 1.69634683406741 0.0 1.0 272
1.0 1.7139880262399618 1.0 1.0 273
0.0 1.846604782812845 0.0 1.0 274
-0.893196181974797 1.0 0.0 1.0 275
1.0 0.17635528215101653 1.0 1.0 276
1.8628385731442847 1.0 1.0 1.0 277
0.0 0.0 0.0 1.0 278
0.0 2.0 0.0 1.0 279
1.0 2.0 1.0 1.0 280
1.0 1.7684380312404666 1.0 2.0 160
1.0 1.8857524612984244 1.0 2.0 181
0.0929635676183726 1.0929635676183729 0.0 1.0 190
0.5941027881215177 1.4058972118784823 1.0 1.0 191
0.0 1.7796898194981698 0.0 2.0 196
-0.22493374266934218 1.0 -1.0 1.0 199
0.0 1.4010257918808628 0.0 2.0 200
0.0 0.7647759606612492 0.0 0.0 205
0.7636648509064966 1.2363351490935033 1.0 1.0 209
1.0958340500484958 1.0 2.0 1.0 210
1.0 1.0487496985271831 1.0 2.0 217
0.33668297428182453 1.3366829742818247 0.0 1.0 219
0.8676889264936227 1.1323110735063775 1.0 1.0 220
0.0 0.5873424210350188 0.0 0.0 221
0.0 0.761453847459789 0.0 0.0 226
0.5041469982304548 1.0 1.0 1.0 227
0.4200988451888438 1.0 0.0 1.0 228
0.0 0.07131853651390335 0.0 0.0 229
-0.03290821002574182 1.0 -1.0 1.0 102
1.0824233111357986 1.0 2.0 1.0 230
0.04607673387086272 1.0460767338708628 0.5 1.5 231
0.34796195586281625 1.3479619558628162 0.5 1.5 234
0.47303625041836767 1.0 1.0 1.0 235
1.0531242860656291 1.0 2.0 1.0 236
1.214359099036849 1.0 2.0 1.0 237
0.0 0.4136392005720487 0.0 0.0 238
0.3871112226408811 1.387111222640881 0.5 1.5 239
1.1271886361313423 1.0 2.0 1.0 240
1.1510686253704396 1.0 1.0 1.0 241
-0.4173746615063761 1.0 -1.0 1.0 242
0.41511620978249864 1.4151162097824987 0.5 1.5 243
1.0 1.1695064501582717 1.0 1.0 244
0.09212489905898785 1.0 1.0 1.0 245
0.18625590336222964 1.0 1.0 1.0 246
0.23356828721604903 1.0 1.0 1.0 247
0.0 1.3185189157315116 0.0 2.0 248
0.9436987574093343 1.0563012425906657 0.5 1.5 249
1.0 1.1826759838735295 1.0 1.0 250
0.8231820051076109 1.1768179948923891 0.5 1.5 251
-0.16517646473622993 1.0 -1.0 1.0 252
0.0 0.6622307542503644 0.0 1.0 253
0.0 1.2536225003875021 0.0 1.0 254
1.0 1.1375588524718108 1.0 1.0 255
*** t = 95
0.0 0.7232014655737695 0.0 0.0 256
0.0 1.4410956657218827 0.0 2.0 257
1.0 1.4083094892119652 1.0 2.0 258
1.0 1.249802691758937 1.0 2.0 259
-0.14699156752147075 1.0 -1.0 1.0 260
0.0 1.0765666886670806 0.0 1.0 261
1.0 1.2915321915214975 1.0 1.0 262
0.0 1.1496624720621371 0.0 1.0 263
0.0 0.5962970031069923 0.0 1.0 264
0.0 1.23054770335061 0.0 1.0 265
-0.5198217309221644 1.0 0.0 1.0 266
1.0 0.6650164135560439 1.0 1.0 267
1.0 1.220625360728708 1.0 1.0 268
1.107124575541298 1.0 2.0 1.0 141
1.4027316404069583 1.0 1.0 1.0 269
0.0 1.51339623711017 0.0 1.0 270
1.0 1.7168072743155767 1.0 2.0 143
0.0 0.5267698588442165 0.0 1.0 271
0.0 1.544520251101115 0.0 1.0 272
1.0 1.5709820393599427 1.0 1.0 273
0.0 1.6932095656256898 0.0 1.0 274
-0.786392363949594 1.0 0.0 1.0 275
1.0 0.35271056430203307 1.0 1.0 276
1.7256771462885694 1.0 1.0 1.0 277
0.0 0.1424005640810909 0.0 1.0 278
0.0 1.8899996733947746 0.0 1.0 279
1.0 1.8366523163828694 1.0 1.0 280
0.0 2.0 0.0 1.0 281
1.0 1.8730043210808056 1.0 2.0 160
1.0 1.9759322257140002 1.0 2.0 181
0.03915879383276685 1.0391587938327669 0.0 1.0 190
0.6389720836148992 1.3610279163851007 1.0 1.0 191
0.0 1.8937577974221436 0.0 2.0 196
-0.2720465789258553 1.0 -1.0 1.0 199
0.0 1.5477657670444767 0.0 2.0 200
0.0 0.6587984565927754 0.0 0.0 205
0.8276114436061942 1.1723885563938057 1.0 1.0 209
1.1910992341416091 1.0 2.0 1.0 210
1.0 1.171897861572197 1.0 2.0 217
0.2681617839365884 1.2681617839365886 0.0 1.0 219
0.9505729111083685 1.0494270888916315 1.0 1.0 220
0.0 0.512992022142125 0.0 0.0 221
0.0 0.637090172318666 0.0 0.0 226
0.5926262334204816 1.0 1.0 1.0 227
0.23296667536482804 1.0 0.0 1.0 228
-0.1339657157976717 1.0 -1.0 1.0 102
1.212574768081786 1.0 2.0 1.0 230
0.13734487738611006 1.1373448773861101 0.5 1.5 231
0.41829987166610716 1.418299871666107 0.5 1.5 234
0.578253125448251 1.0 1.0 1.0 235
1.1997760207846027 1.0 2.0 1.0 236
1.3010990346823381 1.0 2.0 1.0 237
0.0 0.2916114467698987 0.0 0.0 238
0.47128183831991405 1.471281838319914 0.5 1.5 239
1.2138954542952918 1.0 2.0 1.0 240
1.0857662119373965 1.0 1.0 1.0 241
-0.5354892166319074 1.0 -1.0 1.0 242
0.5086347923632525 1.4913652076367474 1.0 1.0 243
1.0 1.1002986543381277 1.0 1.0 244
0.19140898079162316 1.0 1.0 1.0 245
0.3048814936984526 1.0 1.0 1.0 246
0.35692511593765386 1.0 1.0 1.0 247
0.0 1.4503708073046628 0.0 2.0 248
0.867357955031613 1.132642044968387 0.5 1.5 249
1.0 1.1009435822608824 1.0 1.0 250
0.7347895274997172 1.2652104725002828 0.5 1.5 251
-0.2946405163735889 1.0 -1.0 1.0 252
0.0 0.7450095985316599 0.0 1.0 253
0.0 1.1603253129359399 0.0 1.0 254
1.0 1.0297537090307871 1.0 1.0 255
*** t = 96
0.0 0.5636016487704908 0.0 0.0 256
0.0 1.621232623937118 0.0 2.0 257
1.0 1.584348175363461 1.0 2.0 258
1.0 1.4060280282288042 1.0 2.0 259
-0.3108475057388237 1.0 -1.0 1.0 260
0.05535235580905068 1.0 1.0 1.0 261
1.0 1.190322504595997 1.0 1.0 262
0.0 1.00793955073916 0.0 1.0 263
0.0 0.7155564037283908 0.0 1.0 264
0.0 1.076657244020732 0.0 1.0 265
-0.4237860771065973 1.0 0.0 1.0 266
1.0 0.7980196962672527 1.0 1.0 267
1.0 1.0647504328744497 1.0 1.0 268
1.1820466635820297 1.0 2.0 1.0 141
1.28327796848835 1.0 1.0 1.0 269
0.0 1.3917452963877124 0.0 1.0 270
1.0 1.8047013346706549 1.0 2.0 143
0.0 0.7023598117922887 0.0 1.0 271
0.0 1.3926936681348199 0.0 1.0 272
1.0 1.4279760524799237 1.0 1.0 273
0.0 1.5398143484385347 0.0 1.0 274
-0.679588545924391 1.0 0.0 1.0 275
1.0 0.5290658464530495 1.0 1.0 276
1.588515719432854 1.0 1.0 1.0 277
0.0 0.2848011281621818 0.0 1.0 278
0.0 1.7799993467895492 0.0 1.0 279
1.0 1.6733046327657388 1.0 1.0 280
0.0 1.8576219969757908 0.0 1.0 281
0.0 0.0 0.0 1.0 282
0.0 2.0 0.0 1.0 283
-1.0 1.0 0.0 1.0 284
1.0 0.0 1.0 1.0 285
1.0 2.0 1.0 1.0 286
2.0 1.0 1.0 1.0 287
1.0 1.9775706109211446 1.0 2.0 160
0.0 1.0207125434835493 0.0 2.0 190
0.6838413791082808 1.316158620891719 1.0 1.0 191
-0.31915941518236846 1.0 -1.0 1.0 199
0.0 1.6945057422080905 0.0 2.0 200
0.0 0.5528209525243015 0.0 0.0 205
0.8915580363058918 1.108441963694108 1.0 1.0 209
1.2863644182347225 1.0 2.0 1.0 210
1.0 1.295046024617211 1.0 2.0 217
0.19964059359135228 1.1996405935913523 0.0 1.0 219
1.0 0.9526848043134692 1.0 0.0 220
0.0 0.4386416232492313 0.0 0.0 221
0.0 0.5127264971775432 0.0 0.0 226
0.6811054686105084 1.0 1.0 1.0 227
0.04583450554081231 1.0 0.0 1.0 228
-0.23502322156960156 1.0 -1.0 1.0 102
1.3427262250277734 1.0 2.0 1.0 230
0.2286130209013574 1.2286130209013575 0.5 1.5 231
0.48863778746939807 1.4886377874693981 0.5 1.5 234
0.6834700004781344 1.0 1.0 1.0 235
1.3464277555035762 1.0 2.0 1.0 236
1.3878389703278273 1.0 2.0 1.0 237
0.0 0.16958369296774867 0.0 0.0 238
0.5554524539989469 1.444547546001053 1.0 1.0 239
1.3006022724592412 1.0 2.0 1.0 240
1.0204637985043534 1.0 1.0 1.0 241
-0.6536037717574388 1.0 -1.0 1.0 242
0.6021533749440063 1.3978466250559936 1.0 1.0 243
1.0 1.0310908585179837 1.0 1.0 244
0.29069306252425847 1.0 1.0 1.0 245
0.4235070840346755 1.0 1.0 1.0 246
0.4802819446592587 1.0 1.0 1.0 247
0.0 1.582222698877814 0.0 2.0 248
0.7910171526538916 1.2089828473461082 0.5 1.5 249
1.0 1.0192111806482353 1.0 1.0 250
0.6463970498918234 1.3536029501081766 0.5 1.5 251
-0.42410456801094787 1.0 -1.0 1.0 252
0.0 0.8277884428129555 0.0 1.0 253
0.0 1.0670281254843776 0.0 1.0 254
1.0780514344102365 1.0 2.0 1.0 255
*** t = 97
0.0 0.40400183196721207 0.0 0.0 256
0.0 1.8013695821523532 0.0 2.0 257
1.0 1.7603868615149567 1.0 2.0 258
1.0 1.5622533646986714 1.0 2.0 259
-0.47470344395617664 1.0 -1.0 1.0 260
0.18727140028518197 1.0 1.0 1.0 261
1.0 1.0891128176704967 1.0 1.0 262
-0.13378337058381706 1.0 -1.0 1.0 263
0.0 0.8348158043497893 0.0 1.0 264
0.0 0.922766784690854 0.0 0.0 265
-0.3277504232910302 1.0 0.0 1.0 266
1.0 0.9310229789784614 1.0 1.0 267
1.0911244949798087 1.0 2.0 1.0 268
1.2569687516227614 1.0 2.0 1.0 141
1.1638242965697416 1.0 1.0 1.0 269
0.0 1.2700943556652549 0.0 1.0 270
1.0 1.892595395025733 1.0 2.0 143
0.0 0.8779497647403609 0.0 1.0 271
0.0 1.2408670851685248 0.0 1.0 272
1.0 1.2849700655999046 1.0 1.0 273
0.0 1.3864191312513796 0.0 1.0 274
-0.572784727899188 1.0 0.0 1.0 275
1.0 0.7054211286040661 1.0 1.0 276
1.4513542925771388 1.0 1.0 1.0 277
0.0 0.42720169224327265 0.0 1.0 278
0.0 1.6699990201843238 0.0 1.0 279
1.0 1.5099569491486082 1.0 1.0 280
0.0 1.7152439939515816 0.0 1.0 281
0.0 0.17079395161171249 0.0 1.0 282
0.0 1.8643247643792908 0.0 1.0 283
-0.8519899768997485 1.0 0.0 1.0 284
1.0 0.098642183198649 1.0 1.0 285
1.0 1.9008576688754655 1.0 1.0 286
1.9063838942968918 1.0 1.0 1.0 287
0.0 2.0 0.0 1.0 288
0.0 1.0968039842915696 0.0 2.0 190
0.7287106746016624 1.2712893253983375 1.0 1.0 191
-0.3662722514388816 1.0 -1.0 1.0 199
0.0 1.8412457173717043 0.0 2.0 200
0.0 0.4468434484558277 0.0 0.0 205
0.9555046290055894 1.0444953709944105 1.0 1.0 209
1.3816296023278358 1.0 2.0 1.0 210
1.0 1.418194187662225 1.0 2.0 217
0.13111940324611612 1.1311194032461163 0.0 1.0 219
1.0 0.8354691491677727 1.0 0.0 220
0.0 0.36429122435633754 0.0 0.0 221
0.0 0.3883628220364203 0.0 0.0 226
0.7695847038005351 1.0 1.0 1.0 227
0.0 0.8587023357167965 0.0 0.0 228
-0.33608072734153144 1.0 -1.0 1.0 102
1.4728776819737608 1.0 2.0 1.0 230
0.31988116441660475 1.3198811644166049 0.5 1.5 231
0.558975703272689 1.441024296727311 1.0 1.0 234
0.7886868755080179 1.0 1.0 1.0 235
1.4930794902225497 1.0 2.0 1.0 236
1.4745789059733165 1.0 2.0 1.0 237
0.0 0.04755593916559864 0.0 0.0 238
0.6396230696779799 1.3603769303220201 1.0 1.0 239
1.3873090906231906 1.0 2.0 1.0 240
0.9682943113249112 1.0317056886750888 0.5 1.5 241
-0.7717183268829702 1.0 -1.0 1.0 242
0.6956719575247602 1.3043280424752397 1.0 1.0 243
1.0381169373021604 1.0 2.0 1.0 244
0.3899771442568938 1.0 1.0 1.0 245
0.5421326743708985 1.0 1.0 1.0 246
0.6036387733808636 1.0 1.0 1.0 247
0.0 1.7140745904509653 0.0 2.0 248
0.7146763502761703 1.2853236497238296 0.5 1.5 249
1.0 0.9374787790355882 1.0 0.0 250
0.5580045722839297 1.4419954277160703 0.5 1.5 251
-0.5535686196483068 1.0 -1.0 1.0 252
0.0 0.910567287094251 0.0 1.0 253
0.0 0.9737309380328153 0.0 0.0 254
1.1858565778512602 1.0 2.0 1.0 255
*** t = 98
0.0 0.2444020151639333 0.0 0.0 256
0.0 1.9815065403675884 0.0 2.0 257
1.0 1.9364255476664525 1.0 2.0 258
1.0 1.7184787011685385 1.0 2.0 259
-0.6385593821735296 1.0 -1.0 1.0 260
0.31919044476131325 1.0 1.0 1.0 261
0.9879031307449964 1.0 0.0 1.0 262
-0.2755062919067941 1.0 -1.0 1.0 263
0.0 0.9540752049711878 0.0 1.0 264
0.0 0.768876325360976 0.0 0.0 265
-0.2317147694754631 1.0 0.0 1.0 266
0.9359737383103298 1.0 0.0 1.0 267
1.246999422834067 1.0 2.0 1.0 268
1.3318908396634932 1.0 2.0 1.0 141
1.0443706246511333 1.0 1.0 1.0 269
0.0 1.1484434149427973 0.0 1.0 270
1.0 1.9804894553808112 1.0 2.0 143
0.0 1.0535397176884331 0.0 2.0 271
0.0 1.0890405022022298 0.0 1.0 272
1.0 1.1419640787198855 1.0 1.0 273
0.0 1.2330239140642245 0.0 1.0 274
-0.46598090987398505 1.0 0.0 1.0 275
1.0 0.8817764107550827 1.0 1.0 276
1.3141928657214235 1.0 1.0 1.0 277
0.0 0.5696022563243636 0.0 1.0 278
0.0 1.5599986935790984 0.0 1.0 279
1.0 1.3466092655314776 1.0 1.0 280
0.0 1.5728659909273723 0.0 1.0 281
0.0 0.34158790322342497 0.0 1.0 282
0.0 1.7286495287585817 0.0 1.0 283
-0.7039799537994971 1.0 0.0 1.0 284
1.0 0.197284366397298 1.0 1.0 285
1.0 1.801715337750931 1.0 1.0 286
1.8127677885937836 1.0 1.0 1.0 287
0.0 1.9179945809078511 0.0 1.0 288
0.0 0.0 0.0 1.0 289
0.0 2.0 0.0 1.0 290
1.0 2.0 1.0 1.0 291
0.0 1.1728954250995898 0.0 2.0 190
0.773579970095044 1.226420029904956 1.0 1.0 191
-0.4133850876953947 1.0 -1.0 1.0 199
0.0 1.987985692535318 0.0 2.0 200
0.0 0.34086594438735385 0.0 0.0 205
1.0 0.9724918184596572 1.0 0.0 209
1.4768947864209492 1.0 2.0 1.0 210
1.0 1.541342350707239 1.0 2.0 217
0.06259821290087998 1.06259821290088 0.0 1.0 219
1.0 0.7182534940220762 1.0 0.0 220
0.0 0.2899408254634438 0.0 0.0 221
0.0 0.26399914689529747 0.0 0.0 226
0.8580639389905619 1.0 1.0 1.0 227
0.0 0.6715701658927808 0.0 0.0 228
-0.43713823311346134 1.0 -1.0 1.0 102
1.6030291389197482 1.0 2.0 1.0 230
0.4111493079318521 1.4111493079318522 0.5 1.5 231
0.6293136190759799 1.3706863809240202 1.0 1.0 234
0.8939037505379013 1.0 1.0 1.0 235
1.6397312249415232 1.0 2.0 1.0 236
1.5613188416188057 1.0 2.0 1.0 237
0.7237936853570128 1.2762063146429872 1.0 1.0 239
1.47401590878714 1.0 2.0 1.0 240
0.922118531958559 1.077881468041441 0.5 1.5 241
-0.8898328820085015 1.0 -1.0 1.0 242
0.789190540105514 1.2108094598944859 1.0 1.0 243
1.1073247331223044 1.0 2.0 1.0 244
0.4892612259895291 1.0 1.0 1.0 245
0.6607582647071215 1.0 1.0 1.0 246
0.7269956021024684 1.0 1.0 1.0 247
0.0 1.8459264820241166 0.0 2.0 248
0.6383355478984489 1.361664452101551 0.5 1.5 249
1.0 0.855746377422941 1.0 0.0 250
0.46961209467603604 1.469612094676036 0.0 1.0 251
-0.6830326712856658 1.0 -1.0 1.0 252
0.0 0.9933461313755466 0.0 1.0 253
0.0 0.880433750581253 0.0 0.0 254
1.2936617212922839 1.0 2.0 1.0 255
*** t = 99
0.0 0.08480219836065456 0.0 0.0 256
1.0 1.8747040376384057 1.0 2.0 259
-0.8024153203908826 1.0 -1.0 1.0 260
0.45110948923744454 1.0 1.0 1.0 261
0.886693443819496 1.0 0.0 1.0 262
-0.41722921322977113 1.0 -1.0 1.0 263
0.07333460559258627 1.0 1.0 1.0 264
0.0 0.6149858660310981 0.0 0.0 265
-0.135679115659896 1.0 0.0 1.0 266
0.8029704555991211 1.0 0.0 1.0 267
1.4028743506883254 1.0 2.0 1.0 268
1.406812927704225 1.0 2.0 1.0 141
0.9249169527325249 1.0 0.0 1.0 269
0.0 1.0267924742203398 0.0 1.0 270
0.0 1.2291296706365054 0.0 2.0 271
-0.06278608076406511 1.0 -1.0 1.0 272
0.9989580918398664 1.0 0.0 1.0 273
0.0 1.0796286968770694 0.0 1.0 274
-0.3591770918487821 1.0 0.0 1.0 275
0.9588946857442433 1.0411053142557567 0.5 1.5 276
1.1770314388657082 1.0 1.0 1.0 277
0.0 0.7120028204054545 0.0 1.0 278
0.0 1.449998366973873 0.0 1.0 279
1.0 1.183261581914347 1.0 1.0 280
0.0 1.4304879879031631 0.0 1.0 281
0.0 0.5123818548351374 0.0 1.0 282
0.0 1.5929742931378725 0.0 1.0 283
-0.5559699306992456 1.0 0.0 1.0 284
1.0 0.295926549595947 1.0 1.0 285
1.0 1.7025730066263964 1.0 1.0 286
1.7191516828906754 1.0 1.0 1.0 287
0.0 1.8359891618157023 0.0 1.0 288
0.0 0.12131754120072946 0.0 1.0 289
0.0 1.8707169379555155 0.0 1.0 290
1.0 1.8555323415307678 1.0 1.0 291
0.0 2.0 0.0 1.0 292
-1.0 1.0 0.0 1.0 293
1.0 0.0 1.0 1.0 294
2.0 1.0 1.0 1.0 295
0.0 1.24898686590761 0.0 2.0 190
0.8184492655884256 1.1815507344115743 1.0 1.0 191
-0.46049792395190786 1.0 -1.0 1.0 199
0.0 0.23488844031888 0.0 0.0 205
1.0 0.8820576797961965 1.0 0.0 209
1.5721599705140625 1.0 2.0 1.0 210
1.0 1.664490513752253 1.0 2.0 217
0.008376355031438465 1.0 1.0 1.0 219
1.0 0.6010378388763796 1.0 0.0 220
0.0 0.21559042657055003 0.0 0.0 221
0.0 0.13963547175417462 0.0 0.0 226
0.9465431741805886 1.0 1.0 1.0 227
0.0 0.48443799606876514 0.0 0.0 228
-0.5381957388853912 1.0 -1.0 1.0 102
1.7331805958657356 1.0 2.0 1.0 230
0.5024174514470995 1.4975825485529004 1.0 1.0 231
0.6996515348792709 1.3003484651207293 1.0 1.0 234
0.9991206255677847 1.0 1.0 1.0 235
1.7863829596604968 1.0 2.0 1.0 236
1.648058777264295 1.0 2.0 1.0 237
0.8079643010360458 1.1920356989639542 1.0 1.0 239
1.5607227269510895 1.0 2.0 1.0 240
0.8759427525922068 1.1240572474077932 0.5 1.5 241
0.8827091226862679 1.117290877313732 1.0 1.0 243
1.1765325289424484 1.0 2.0 1.0 244
0.5885453077221644 1.0 1.0 1.0 245
0.7793838550433445 1.0 1.0 1.0 246
0.8503524308240732 1.0 1.0 1.0 247
0.0 1.9777783735972678 0.0 2.0 248
0.5619947455207276 1.4380052544792723 0.5 1.5 249
1.0 0.7740139758102939 1.0 0.0 250
0.38121961706814234 1.3812196170681423 0.0 1.0 251
-0.8124967229230248 1.0 -1.0 1.0 252
-0.07612497565684215 1.0 -1.0 1.0 253
0.0 0.7871365631296906 0.0 0.0 254
1.4014668647333075 1.0 2.0 1.0 255
*** t = 100
-0.9662712586082356 1.0 -1.0 1.0 260
0.5830285337135759 1.0 1.0 1.0 261
0.7854837568939956 1.0 0.0 1.0 262
-0.5589521345527482 1.0 -1.0 1.0 263
0.19259400621398473 1.0 1.0 1.0 264
0.0 0.46109540670122007 0.0 0.0 265
-0.039643461844328876 1.0 0.0 1.0 266
0.6699671728879123 1.0 0.0 1.0 267
1.5587492785425838 1.0 2.0 1.0 268
1.4817350157449567 1.0 2.0 1.0 141
0.8054632808139166 1.0 0.0 1.0 269
0.0 0.9051415334978824 0.0 0.0 270
0.0 1.4047196235845776 0.0 2.0 271
-0.21461266373036003 1.0 -1.0 1.0 272
0.8559521049598473 1.0 0.0 1.0 273
0.07376652031008563 1.0 1.0 1.0 274
-0.25237327382357916 1.0 0.0 1.0 275
0.8341926698371926 1.1658073301628074 0.5 1.5 276
1.0398700120099929 1.0 1.0 1.0 277
0.0 0.8544033844865454 0.0 1.0 278
0.0 1.3399980403686476 0.0 1.0 279
1.0 1.0199138982972165 1.0 1.0 280
0.0 1.288109984878954 0.0 1.0 281
0.0 0.6831758064468499 0.0 1.0 282
0.0 1.4572990575171634 0.0 1.0 283
-0.4079599075989941 1.0 0.0 1.0 284
1.0 0.394568732794596 1.0 1.0 285
1.0 1.603430675501862 1.0 1.0 286
1.6255355771875672 1.0 1.0 1.0 287
0.0 1.7539837427235534 0.0 1.0 288
0.0 0.24263508240145892 0.0 1.0 289
0.0 1.741433875911031 0.0 1.0 290
1.0 1.7110646830615357 1.0 1.0 291
0.0 1.8338286030703725 0.0 1.0 292
-0.9154098049216577 1.0 0.0 1.0 293
1.0 0.15955929655223808 1.0 1.0 294
1.8125576213345183 1.0 1.0 1.0 295
0.0 0.0 0.0 1.0 296
0.0 2.0 0.0 1.0 297
1.0 2.0 1.0 1.0 298
0.0 1.3250783067156302 0.0 2.0 190
0.8633185610818072 1.1366814389181927 1.0 1.0 191
-0.507610760208421 1.0 -1.0 1.0 199
0.0 0.12891093625040617 0.0 0.0 205
1.0 0.7916235411327359 1.0 0.0 209
1.6674251546071759 1.0 2.0 1.0 210
1.0 1.787638676797267 1.0 2.0 217
0.10527995172761984 1.0 1.0 1.0 219
1.0 0.4838221837306831 1.0 0.0 220
0.0 0.14124002767765625 0.0 0.0 221
0.0 0.015271796613051766 0.0 0.0 226
1.0350224093706153 1.0 2.0 1.0 227
0.0 0.29730582624474944 0.0 0.0 228
-0.639253244657321 1.0 -1.0 1.0 102
1.863332052811723 1.0 2.0 1.0 230
0.5936855949623469 1.406314405037653 1.0 1.0 231
0.7699894506825617 1.2300105493174383 1.0 1.0 234
0.9262222457953334 1.0737777542046665 0.5 1.5 235
1.9330346943794703 1.0 2.0 1.0 236
1.7347987129097842 1.0 2.0 1.0 237
0.8921349167150787 1.1078650832849213 1.0 1.0 239
1.647429545115039 1.0 2.0 1.0 240
0.8297669732258546 1.1702330267741454 0.5 1.5 241
0.9762277052670217 1.0237722947329781 1.0 1.0 243
1.2457403247625924 1.0 2.0 1.0 244
0.6878293894547998 1.0 1.0 1.0 245
0.8980094453795675 1.0 1.0 1.0 246
0.973709259545678 1.0 1.0 1.0 247
0.4856539431430063 1.4856539431430063 0.0 1.0 249
1.0 0.6922815741976467 1.0 0.0 250
0.29282713946024863 1.2928271394602486 0.0 1.0 251
-0.9419607745603837 1.0 -1.0 1.0 252
-0.15890381993813768 1.0 -1.0 1.0 253
0.0 0.6938393756781283 0.0 0.0 254
1.5092720081743312 1.0 2.0 1.0 255
