*** t = 0
*** t = 1
0.0 2.0 0.0 1.0 0
*** t = 2
0.0 1.8875083681171654 0.0 1.0 0
0.0 0.0 0.0 1.0 1
0.0 2.0 0.0 1.0 2
1.0 2.0 1.0 1.0 3
*** t = 3
0.0 1.7750167362343308 0.0 1.0 0
0.0 0.13971065863897464 0.0 1.0 1
0.0 1.9172653863334432 0.0 1.0 2
1.0 1.8885577977952535 1.0 1.0 3
0.0 2.0 0.0 1.0 4
-1.0 1.0 0.0 1.0 5
1.0 0.0 1.0 1.0 6
2.0 1.0 1.0 1.0 7
*** t = 4
0.0 1.6625251043514961 0.0 1.0 0
0.0 0.2794213172779493 0.0 1.0 1
0.0 1.8345307726668865 0.0 1.0 2
1.0 1.777115595590507 1.0 1.0 3
0.0 1.8975740875310074 0.0 1.0 4
-0.8273460954478343 1.0 0.0 1.0 5
1.0 0.07530932146815913 1.0 1.0 6
1.8551579706989911 1.0 1.0 1.0 7
0.0 0.0 0.0 1.0 8
0.0 2.0 0.0 1.0 9
1.0 2.0 1.0 1.0 10
*** t = 5
0.0 1.5500334724686615 0.0 1.0 0
0.0 0.4191319759169239 0.0 1.0 1
0.0 1.7517961590003297 0.0 1.0 2
1.0 1.6656733933857604 1.0 1.0 3
0.0 1.7951481750620149 0.0 1.0 4
-0.6546921908956687 1.0 0.0 1.0 5
1.0 0.15061864293631827 1.0 1.0 6
1.7103159413979823 1.0 1.0 1.0 7
0.0 0.15938132267655977 0.0 1.0 8
0.0 1.842041936988961 0.0 1.0 9
1.0 1.876544844636702 1.0 1.0 10
0.0 2.0 0.0 1.0 11
*** t = 6
0.0 1.437541840585827 0.0 1.0 0
0.0 0.5588426345558986 0.0 1.0 1
0.0 1.669061545333773 0.0 1.0 2
1.0 1.5542311911810138 1.0 1.0 3
0.0 1.6927222625930223 0.0 1.0 4
-0.482038286343503 1.0 0.0 1.0 5
1.0 0.2259279644044774 1.0 1.0 6
1.5654739120969734 1.0 1.0 1.0 7
0.0 0.31876264535311954 0.0 1.0 8
0.0 1.6840838739779218 0.0 1.0 9
1.0 1.7530896892734038 1.0 1.0 10
0.0 1.914232717539374 0.0 1.0 11
0.0 0.0 0.0 1.0 12
0.0 2.0 0.0 1.0 13
-1.0 1.0 0.0 1.0 14
1.0 0.0 1.0 1.0 15
1.0 2.0 1.0 1.0 16
2.0 1.0 1.0 1.0 17
*** t = 7
0.0 1.3250502087029923 0.0 1.0 0
0.0 0.6985532931948732 0.0 1.0 1
0.0 1.5863269316672162 0.0 1.0 2
1.0 1.4427889889762673 1.0 1.0 3
0.0 1.5902963501240297 0.0 1.0 4
-0.3093843817913373 1.0 0.0 1.0 5
1.0 0.30123728587263654 1.0 1.0 6
1.4206318827959645 1.0 1.0 1.0 7
0.0 0.4781439680296793 0.0 1.0 8
0.0 1.5261258109668827 0.0 1.0 9
1.0 1.6296345339101057 1.0 1.0 10
0.0 1.8284654350787481 0.0 1.0 11
0.0 0.12318144031130819 0.0 1.0 12
0.0 1.8982780689416057 0.0 1.0 13
-0.8978905500538636 1.0 0.0 1.0 14
1.0 0.0991050114794218 1.0 1.0 15
1.0 1.9464909757450126 1.0 1.0 16
1.9108919393071395 1.0 1.0 1.0 17
0.0 2.0 0.0 1.0 18
*** t = 8
0.0 1.2125585768201577 0.0 1.0 0
0.0 0.8382639518338479 0.0 1.0 1
0.0 1.5035923180006594 0.0 1.0 2
1.0 1.3313467867715207 1.0 1.0 3
0.0 1.4878704376550371 0.0 1.0 4
-0.13673047723917167 1.0 0.0 1.0 5
1.0 0.3765466073407957 1.0 1.0 6
1.2757898534949557 1.0 1.0 1.0 7
0.0 0.6375252907062391 0.0 1.0 8
0.0 1.3681677479558436 0.0 1.0 9
1.0 1.5061793785468076 1.0 1.0 10
0.0 1.7426981526181222 0.0 1.0 11
0.0 0.24636288062261638 0.0 1.0 12
0.0 1.7965561378832113 0.0 1.0 13
-0.7957811001077273 1.0 0.0 1.0 14
1.0 0.1982100229588436 1.0 1.0 15
1.0 1.8929819514900252 1.0 1.0 16
1.821783878614279 1.0 1.0 1.0 17
0.0 1.847150637568054 0.0 1.0 18
0.0 0.0 0.0 1.0 19
0.0 2.0 0.0 1.0 20
1.0 2.0 1.0 1.0 21
*** t = 9
0.0 1.100066944937323 0.0 1.0 0
0.0 0.9779746104728226 0.0 1.0 1
0.0 1.4208577043341026 0.0 1.0 2
1.0 1.2199045845667742 1.0 1.0 3
0.0 1.3854445251860446 0.0 1.0 4
0.0 1.035923427312994 0.0 2.0 5
1.0 0.45185592880895487 1.0 1.0 6
1.1309478241939468 1.0 1.0 1.0 7
0.0 0.7969066133827989 0.0 1.0 8
0.0 1.2102096849448045 0.0 1.0 9
1.0 1.3827242231835095 1.0 1.0 10
0.0 1.6569308701574963 0.0 1.0 11
0.0 0.3695443209339246 0.0 1.0 12
0.0 1.694834206824817 0.0 1.0 13
-0.6936716501615909 1.0 0.0 1.0 14
1.0 0.2973150344382654 1.0 1.0 15
1.0 1.8394729272350379 1.0 1.0 16
1.7326758179214186 1.0 1.0 1.0 17
0.0 1.694301275136108 0.0 1.0 18
0.0 0.14195041838978756 0.0 1.0 19
0.0 1.8995510607295398 0.0 1.0 20
1.0 1.8448871142302068 1.0 1.0 21
0.0 2.0 0.0 1.0 22
-1.0 1.0 0.0 1.0 23
1.0 0.0 1.0 1.0 24
2.0 1.0 1.0 1.0 25
*** t = 10
0.01242468694551152 1.0 1.0 1.0 0
0.0 1.1176852691117973 0.0 2.0 1
0.0 1.3381230906675459 0.0 1.0 2
1.0 1.1084623823620277 1.0 1.0 3
0.0 1.283018612717052 0.0 1.0 4
0.0 1.2085773318651596 0.0 2.0 5
1.0 0.527165250277114 1.0 1.0 6
1.0 0.9861057948929378 1.0 0.0 7
0.0 0.9562879360593587 0.0 1.0 8
0.0 1.0522516219337654 0.0 1.0 9
1.0 1.2592690678202114 1.0 1.0 10
0.0 1.5711635876968704 0.0 1.0 11
0.0 0.49272576124523276 0.0 1.0 12
0.0 1.5931122757664227 0.0 1.0 13
-0.5915622002154546 1.0 0.0 1.0 14
1.0 0.3964200459176872 1.0 1.0 15
1.0 1.7859639029800505 1.0 1.0 16
1.643567757228558 1.0 1.0 1.0 17
0.0 1.541451912704162 0.0 1.0 18
0.0 0.2839008367795751 0.0 1.0 19
0.0 1.7991021214590797 0.0 1.0 20
1.0 1.6897742284604136 1.0 1.0 21
0.0 1.8714533864377112 0.0 1.0 22
-0.9158428676670807 1.0 0.0 1.0 23
1.0 0.15855051782234883 1.0 1.0 24
1.8956410121776153 1.0 1.0 1.0 25
0.0 0.0 0.0 1.0 26
0.0 2.0 0.0 1.0 27
1.0 2.0 1.0 1.0 28
*** t = 11
0.12491631882834608 1.0 1.0 1.0 0
0.0 1.257395927750772 0.0 2.0 1
0.0 1.255388477000989 0.0 1.0 2
0.9970201801572811 1.0 0.0 1.0 3
0.0 1.1805927002480594 0.0 1.0 4
0.0 1.3812312364173251 0.0 2.0 5
1.0 0.6024745717452732 1.0 1.0 6
1.0 0.8412637655919288 1.0 0.0 7
-0.11566925873591846 1.0 -1.0 1.0 8
0.10570644107727367 1.0 1.0 1.0 9
1.0 1.1358139124569133 1.0 1.0 10
0.0 1.4853963052362444 0.0 1.0 11
0.0 0.615907201556541 0.0 1.0 12
0.0 1.4913903447080283 0.0 1.0 13
-0.4894527502693183 1.0 0.0 1.0 14
1.0 0.495525057397109 1.0 1.0 15
1.0 1.732454878725063 1.0 1.0 16
1.5544596965356976 1.0 1.0 1.0 17
0.0 1.388602550272216 0.0 1.0 18
0.0 0.4258512551693627 0.0 1.0 19
0.0 1.6986531821886195 0.0 1.0 20
1.0 1.5346613426906204 1.0 1.0 21
0.0 1.7429067728754224 0.0 1.0 22
-0.8316857353341613 1.0 0.0 1.0 23
1.0 0.31710103564469766 1.0 1.0 24
1.7912820243552305 1.0 1.0 1.0 25
0.0 0.09961243585063338 0.0 1.0 26
0.0 1.881273477037964 0.0 1.0 27
1.0 1.865162309269029 1.0 1.0 28
0.0 2.0 0.0 1.0 29
*** t = 12
0.23740795071118065 1.0 1.0 1.0 0
0.0 1.3971065863897467 0.0 2.0 1
0.0 1.1726538633344323 0.0 1.0 2
0.8855779779525346 1.0 0.0 1.0 3
0.0 1.0781667877790668 0.0 1.0 4
0.0 1.5538851409694907 0.0 2.0 5
1.0 0.6777838932134324 1.0 1.0 6
1.0 0.6964217362909199 1.0 0.0 7
-0.27505058141247823 1.0 -1.0 1.0 8
0.26366450408831277 1.0 1.0 1.0 9
1.0 1.0123587570936152 1.0 1.0 10
0.0 1.3996290227756185 0.0 1.0 11
0.0 0.7390886418678492 0.0 1.0 12
0.0 1.389668413649634 0.0 1.0 13
-0.387343300323182 1.0 0.0 1.0 14
1.0 0.5946300688765308 1.0 1.0 15
1.0 1.6789458544700757 1.0 1.0 16
1.4653516358428371 1.0 1.0 1.0 17
0.0 1.2357531878402699 0.0 1.0 18
0.0 0.5678016735591502 0.0 1.0 19
0.0 1.5982042429181593 0.0 1.0 20
1.0 1.3795484569208272 1.0 1.0 21
0.0 1.6143601593131336 0.0 1.0 22
-0.747528603001242 1.0 0.0 1.0 23
1.0 0.47565155346704646 1.0 1.0 24
1.6869230365328458 1.0 1.0 1.0 25
0.0 0.19922487170126676 0.0 1.0 26
0.0 1.762546954075928 0.0 1.0 27
1.0 1.730324618538058 1.0 1.0 28
0.0 1.8969169836244866 0.0 1.0 29
0.0 0.0 0.0 1.0 30
0.0 2.0 0.0 1.0 31
-1.0 1.0 0.0 1.0 32
1.0 0.0 1.0 1.0 33
1.0 2.0 1.0 1.0 34
2.0 1.0 1.0 1.0 35
*** t = 13
0.3498995825940152 1.0 1.0 1.0 0
0.0 1.5368172450287214 0.0 2.0 1
0.0 1.0899192496678756 0.0 1.0 2
0.774135775747788 1.0 0.0 1.0 3
-0.024259124689925693 1.0 -1.0 1.0 4
0.0 1.7265390455216563 0.0 2.0 5
1.0 0.7530932146815915 1.0 1.0 6
1.0 0.5515797069899109 1.0 0.0 7
-0.434431904089038 1.0 -1.0 1.0 8
0.42162256709935186 1.0 1.0 1.0 9
0.8889036017303171 1.0 0.0 1.0 10
0.0 1.3138617403149926 0.0 1.0 11
0.0 0.8622700821791573 0.0 1.0 12
0.0 1.2879464825912397 0.0 1.0 13
-0.2852338503770457 1.0 0.0 1.0 14
1.0 0.6937350803559525 1.0 1.0 15
1.0 1.6254368302150883 1.0 1.0 16
1.3762435751499766 1.0 1.0 1.0 17
0.0 1.0829038254083239 0.0 1.0 18
0.0 0.7097520919489377 0.0 1.0 19
0.0 1.4977553036476992 0.0 1.0 20
1.0 1.224435571151034 1.0 1.0 21
0.0 1.4858135457508448 0.0 1.0 22
-0.6633714706683227 1.0 0.0 1.0 23
1.0 0.6342020712893953 1.0 1.0 24
1.582564048710461 1.0 1.0 1.0 25
0.0 0.29883730755190013 0.0 1.0 26
0.0 1.643820431113892 0.0 1.0 27
1.0 1.5954869278070871 1.0 1.0 28
0.0 1.7938339672489731 0.0 1.0 29
0.0 0.10063750001904785 0.0 1.0 30
0.0 1.8937602429511948 0.0 1.0 31
-0.8766580511176314 1.0 0.0 1.0 32
1.0 0.18130987727499837 1.0 1.0 33
1.0 1.8759675585148927 1.0 1.0 34
1.8755182568727125 1.0 1.0 1.0 35
0.0 2.0 0.0 1.0 36
*** t = 14
0.4623912144768498 1.0 1.0 1.0 0
0.0 1.676527903667696 0.0 2.0 1
0.0 1.0071846360013188 0.0 1.0 2
0.6626935735430415 1.0 0.0 1.0 3
-0.1266850371589182 1.0 -1.0 1.0 4
0.0 1.8991929500738218 0.0 2.0 5
1.0 0.8284025361497507 1.0 1.0 6
1.0 0.4067376776889019 1.0 0.0 7
-0.5938132267655978 1.0 -1.0 1.0 8
0.579580630110391 1.0 1.0 1.0 9
0.765448446367019 1.0 0.0 1.0 10
0.0 1.2280944578543667 0.0 1.0 11
0.0 0.9854515224904655 0.0 1.0 12
0.0 1.1862245515328453 0.0 1.0 13
-0.18312440043090938 1.0 0.0 1.0 14
1.0 0.7928400918353744 1.0 1.0 15
1.0 1.571927805960101 1.0 1.0 16
1.2871355144571162 1.0 1.0 1.0 17
0.0 0.930054462976378 0.0 0.0 18
0.0 0.8517025103387252 0.0 1.0 19
0.0 1.397306364377239 0.0 1.0 20
1.0 1.0693226853812408 1.0 1.0 21
0.0 1.357266932188556 0.0 1.0 22
-0.5792143383354034 1.0 0.0 1.0 23
1.0 0.7927525891117442 1.0 1.0 24
1.4782050608880763 1.0 1.0 1.0 25
0.0 0.39844974340253353 0.0 1.0 26
0.0 1.525093908151856 0.0 1.0 27
1.0 1.4606492370761162 1.0 1.0 28
0.0 1.6907509508734597 0.0 1.0 29
0.0 0.2012750000380957 0.0 1.0 30
0.0 1.7875204859023897 0.0 1.0 31
-0.7533161022352628 1.0 0.0 1.0 32
1.0 0.36261975454999673 1.0 1.0 33
1.0 1.7519351170297854 1.0 1.0 34
1.751036513745425 1.0 1.0 1.0 35
0.0 1.8463070816205733 0.0 1.0 36
0.0 0.0 0.0 1.0 37
0.0 2.0 0.0 1.0 38
1.0 2.0 1.0 1.0 39
*** t = 15
0.5748828463596843 1.0 1.0 1.0 0
0.0 1.8162385623066708 0.0 2.0 1
0.0 0.924450022334762 0.0 0.0 2
0.5512513713382949 1.0 0.0 1.0 3
-0.22911094962791073 1.0 -1.0 1.0 4
1.0 0.9037118576179098 1.0 1.0 6
1.0 0.2618956483878929 1.0 0.0 7
-0.7531945494421576 1.0 -1.0 1.0 8
0.7375386931214301 1.0 1.0 1.0 9
0.6419932910037209 1.0 0.0 1.0 10
0.0 1.1423271753937407 0.0 1.0 11
0.10863296280177372 1.0 1.0 1.0 12
0.0 1.084502620474451 0.0 1.0 13
-0.08101495048477307 1.0 0.0 1.0 14
1.0 0.8919451033147963 1.0 1.0 15
1.0 1.5184187817051136 1.0 1.0 16
1.1980274537642557 1.0 1.0 1.0 17
0.0 0.777205100544432 0.0 0.0 18
0.0 0.9936529287285127 0.0 1.0 19
0.0 1.2968574251067788 0.0 1.0 20
0.9142097996114475 1.0 0.0 1.0 21
0.0 1.2287203186262672 0.0 1.0 22
-0.495057206002484 1.0 0.0 1.0 23
1.0 0.951303106934093 1.0 1.0 24
1.3738460730656916 1.0 1.0 1.0 25
0.0 0.4980621792531669 0.0 1.0 26
0.0 1.40636738518982 0.0 1.0 27
1.0 1.3258115463451452 1.0 1.0 28
0.0 1.5876679344979463 0.0 1.0 29
0.0 0.30191250005714354 0.0 1.0 30
0.0 1.6812807288535845 0.0 1.0 31
-0.6299741533528942 1.0 0.0 1.0 32
1.0 0.5439296318249951 1.0 1.0 33
1.0 1.6279026755446782 1.0 1.0 34
1.6265547706181374 1.0 1.0 1.0 35
0.0 1.6926141632411467 0.0 1.0 36
0.0 0.09286059372490238 0.0 1.0 37
0.0 1.8652362476159092 0.0 1.0 38
1.0 1.8804856481435621 1.0 1.0 39
0.0 2.0 0.0 1.0 40
-1.0 1.0 0.0 1.0 41
1.0 0.0 1.0 1.0 42
2.0 1.0 1.0 1.0 43
*** t = 16
0.6873744782425188 1.0 1.0 1.0 0
0.0 1.9559492209456455 0.0 2.0 1
0.0 0.8417154086682053 0.0 0.0 2
0.43980916913354834 1.0 0.0 1.0 3
-0.33153686209690325 1.0 -1.0 1.0 4
1.0 0.979021179086069 1.0 1.0 6
1.0 0.11705361908688397 1.0 0.0 7
-0.9125758721187174 1.0 -1.0 1.0 8
0.8954967561324692 1.0 1.0 1.0 9
0.5185381356404228 1.0 0.0 1.0 10
0.0 1.0565598929331148 0.0 1.0 11
0.2318144031130819 1.0 1.0 1.0 12
0.01721931058394334 1.0 1.0 1.0 13
0.0 1.0210944994613633 0.0 2.0 14
1.0 0.9910501147942181 1.0 1.0 15
1.0 1.4649097574501262 1.0 1.0 16
1.1089193930713952 1.0 1.0 1.0 17
0.0 0.6243557381124861 0.0 0.0 18
-0.1356033471183003 1.0 -1.0 1.0 19
0.0 1.1964084858363186 0.0 1.0 20
0.7590969138416543 1.0 0.0 1.0 21
0.0 1.1001737050639784 0.0 1.0 22
-0.4109000736695646 1.0 0.0 1.0 23
0.8901463752435581 1.0 0.0 1.0 24
1.269487085243307 1.0 1.0 1.0 25
0.0 0.5976746151038003 0.0 1.0 26
0.0 1.287640862227784 0.0 1.0 27
1.0 1.1909738556141742 1.0 1.0 28
0.0 1.4845849181224329 0.0 1.0 29
0.0 0.4025500000761914 0.0 1.0 30
0.0 1.5750409718047793 0.0 1.0 31
-0.5066322044705256 1.0 0.0 1.0 32
1.0 0.7252395090999935 1.0 1.0 33
1.0 1.5038702340595709 1.0 1.0 34
1.5020730274908498 1.0 1.0 1.0 35
0.0 1.53892124486172 0.0 1.0 36
0.0 0.18572118744980476 0.0 1.0 37
0.0 1.7304724952318185 0.0 1.0 38
1.0 1.7609712962871242 1.0 1.0 39
0.0 1.8426331955722821 0.0 1.0 40
-0.8791827488401042 1.0 0.0 1.0 41
1.0 0.14256455290653297 1.0 1.0 42
1.8746654791507407 1.0 1.0 1.0 43
0.0 0.0 0.0 1.0 44
0.0 2.0 0.0 1.0 45
1.0 2.0 1.0 1.0 46
*** t = 17
0.7998661101253535 1.0 1.0 1.0 0
0.0 0.7589807950016485 0.0 0.0 2
0.32836696692880174 1.0 0.0 1.0 3
-0.43396277456589577 1.0 -1.0 1.0 4
1.0 1.054330500554228 1.0 2.0 6
1.0 0.9465451808564918 1.0 0.0 9
0.39508298027712474 1.0 0.0 1.0 10
0.0 0.9707926104724889 0.0 0.0 11
0.3549958434243901 1.0 1.0 1.0 12
0.11894124164233769 1.0 1.0 1.0 13
0.0 1.1232039494074997 0.0 2.0 14
1.09015512627364 1.0 2.0 1.0 15
1.0 1.4114007331951388 1.0 1.0 16
1.0198113323785347 1.0 1.0 1.0 17
0.0 0.4715063756805402 0.0 0.0 18
-0.27755376550808786 1.0 -1.0 1.0 19
0.0 1.0959595465658585 0.0 1.0 20
0.6039840280718611 1.0 0.0 1.0 21
0.0 0.9716270915016896 0.0 0.0 22
-0.3267429413366452 1.0 0.0 1.0 23
0.7315958574212093 1.0 0.0 1.0 24
1.1651280974209222 1.0 1.0 1.0 25
0.0 0.6972870509544337 0.0 1.0 26
0.0 1.168914339265748 0.0 1.0 27
1.0 1.0561361648832033 1.0 1.0 28
0.0 1.3815019017469194 0.0 1.0 29
0.0 0.5031875000952393 0.0 1.0 30
0.0 1.4688012147559741 0.0 1.0 31
-0.383290255588157 1.0 0.0 1.0 32
1.0 0.9065493863749918 1.0 1.0 33
1.0 1.3798377925744636 1.0 1.0 34
1.3775912843635623 1.0 1.0 1.0 35
0.0 1.3852283264822933 0.0 1.0 36
0.0 0.2785817811747071 0.0 1.0 37
0.0 1.5957087428477277 0.0 1.0 38
1.0 1.6414569444306863 1.0 1.0 39
0.0 1.6852663911445642 0.0 1.0 40
-0.7583654976802083 1.0 0.0 1.0 41
1.0 0.28512910581306594 1.0 1.0 42
1.7493309583014813 1.0 1.0 1.0 43
0.0 0.14000381258456499 0.0 1.0 44
0.0 1.8786077476681857 0.0 1.0 45
1.0 1.9052078749835846 1.0 1.0 46
0.0 2.0 0.0 1.0 47
*** t = 18
0.9123577420081881 1.0 1.0 1.0 0
0.0 0.6762461813350917 0.0 0.0 2
0.21692476472405514 1.0 0.0 1.0 3
-0.5363886870348883 1.0 -1.0 1.0 4
1.0 1.129639822022387 1.0 2.0 6
1.0 0.7885871178454527 1.0 0.0 9
0.27162782491382664 1.0 0.0 1.0 10
0.0 0.885025328011863 0.0 0.0 11
0.4781772837356983 1.0 1.0 1.0 12
0.22066317270073205 1.0 1.0 1.0 13
0.0 1.225313399353636 0.0 2.0 14
1.1892601377530618 1.0 2.0 1.0 15
1.0 1.3578917089401514 1.0 1.0 16
1.0 1.0692967283143258 1.0 2.0 17
0.0 0.3186570132485943 0.0 0.0 18
-0.4195041838978754 1.0 -1.0 1.0 19
0.004489392704601636 1.0 1.0 1.0 20
0.4488711423020679 1.0 0.0 1.0 21
0.0 0.8430804779394008 0.0 0.0 22
-0.24258580900372584 1.0 0.0 1.0 23
0.5730453395988604 1.0 0.0 1.0 24
1.0607691095985374 1.0 1.0 1.0 25
0.0 0.7968994868050671 0.0 1.0 26
0.0 1.050187816303712 0.0 1.0 27
1.0 0.9212984741522323 1.0 0.0 28
0.0 1.278418885371406 0.0 1.0 29
0.0 0.6038250001142871 0.0 1.0 30
0.0 1.362561457707169 0.0 1.0 31
-0.2599483067057884 1.0 0.0 1.0 32
0.9121407363500098 1.0 0.0 1.0 33
1.0 1.2558053510893563 1.0 1.0 34
1.2531095412362747 1.0 1.0 1.0 35
0.0 1.2315354081028667 0.0 1.0 36
0.0 0.3714423748996095 0.0 1.0 37
0.0 1.460944990463637 0.0 1.0 38
1.0 1.5219425925742485 1.0 1.0 39
0.0 1.5278995867168463 0.0 1.0 40
-0.6375482465203125 1.0 0.0 1.0 41
1.0 0.4276936587195989 1.0 1.0 42
1.623996437452222 1.0 1.0 1.0 43
0.0 0.28000762516912997 0.0 1.0 44
0.0 1.7572154953363714 0.0 1.0 45
1.0 1.8104157499671691 1.0 1.0 46
0.0 1.9050235445972976 0.0 1.0 47
0.0 0.0 0.0 1.0 48
0.0 2.0 0.0 1.0 49
-1.0 1.0 0.0 1.0 50
1.0 0.0 1.0 1.0 51
1.0 2.0 1.0 1.0 52
2.0 1.0 1.0 1.0 53
*** t = 19
1.0248493738910227 1.0 2.0 1.0 0
0.0 0.593511567668535 0.0 0.0 2
0.10548256251930854 1.0 0.0 1.0 3
-0.6388145995038808 1.0 -1.0 1.0 4
1.0 1.2049491434905462 1.0 2.0 6
1.0 0.6306290548344136 1.0 0.0 9
0.14817266955052855 1.0 0.0 1.0 10
0.0 0.799258045551237 0.0 0.0 11
0.6013587240470065 1.0 1.0 1.0 12
0.3223851037591264 1.0 1.0 1.0 13
0.0 1.3274228492997724 0.0 2.0 14
1.2883651492324837 1.0 2.0 1.0 15
1.0 1.304382684685164 1.0 1.0 16
1.0 1.1584047890071862 1.0 2.0 17
0.0 0.1658076508166484 0.0 0.0 18
-0.561454602287663 1.0 -1.0 1.0 19
0.10493833197506175 1.0 1.0 1.0 20
0.2937582565322747 1.0 0.0 1.0 21
0.0 0.714533864377112 0.0 0.0 22
-0.15842867667080646 1.0 0.0 1.0 23
0.41449482177651154 1.0 0.0 1.0 24
1.0 1.0435898782238473 1.0 2.0 25
0.0 0.8965119226557005 0.0 1.0 26
0.06853870665832411 1.0 1.0 1.0 27
1.0 0.7864607834212614 1.0 0.0 28
0.0 1.1753358689958926 0.0 1.0 29
0.0 0.7044625001333349 0.0 1.0 30
0.0 1.2563217006583638 0.0 1.0 31
-0.1366063578234198 1.0 0.0 1.0 32
0.7308308590750114 1.0 0.0 1.0 33
1.0 1.131772909604249 1.0 1.0 34
1.1286277981089872 1.0 1.0 1.0 35
0.0 1.07784248972344 0.0 1.0 36
0.0 0.4643029686245119 0.0 1.0 37
0.0 1.3261812380795461 0.0 1.0 38
1.0 1.4024282407178106 1.0 1.0 39
0.0 1.3705327822891284 0.0 1.0 40
-0.5167309953604167 1.0 0.0 1.0 41
1.0 0.5702582116261319 1.0 1.0 42
1.4986619166029627 1.0 1.0 1.0 43
0.0 0.420011437753695 0.0 1.0 44
0.0 1.6358232430045572 0.0 1.0 45
1.0 1.7156236249507537 1.0 1.0 46
0.0 1.8100470891945952 0.0 1.0 47
0.0 0.13333748409544277 0.0 1.0 48
0.0 1.8686049741237312 0.0 1.0 49
-0.9037620689807644 1.0 0.0 1.0 50
1.0 0.12197626170612962 1.0 1.0 51
1.0 1.926200230575584 1.0 1.0 52
1.8749895174202371 1.0 1.0 1.0 53
0.0 2.0 0.0 1.0 54
*** t = 20
1.1373410057738573 1.0 2.0 1.0 0
0.0 0.5107769540019782 0.0 0.0 2
0.0 0.994040360314562 0.0 0.0 3
-0.7412405119728733 1.0 -1.0 1.0 4
1.0 1.2802584649587052 1.0 2.0 6
1.0 0.47267099182337446 1.0 0.0 9
0.024717514187230463 1.0 0.0 1.0 10
0.0 0.7134907630906111 0.0 0.0 11
0.7245401643583147 1.0 1.0 1.0 12
0.4241070348175207 1.0 1.0 1.0 13
0.0 1.4295322992459087 0.0 2.0 14
1.3874701607119055 1.0 2.0 1.0 15
1.0 1.2508736604301767 1.0 1.0 16
1.0 1.2475128497000467 1.0 2.0 17
0.0 0.012958288384702477 0.0 0.0 18
-0.7034050206774505 1.0 -1.0 1.0 19
0.20538727124552186 1.0 1.0 1.0 20
0.13864537076248148 1.0 0.0 1.0 21
0.0 0.5859872508148232 0.0 0.0 22
-0.07427154433788709 1.0 0.0 1.0 23
0.2559443039541627 1.0 0.0 1.0 24
1.0 1.147948866046232 1.0 2.0 25
0.0 0.9961243585063339 0.0 1.0 26
0.18726522962036016 1.0 1.0 1.0 27
1.0 0.6516230926902904 1.0 0.0 28
0.0 1.0722528526203792 0.0 1.0 29
0.0 0.8051000001523827 0.0 1.0 30
0.0 1.1500819436095586 0.0 1.0 31
-0.013264408941051173 1.0 0.0 1.0 32
0.5495209818000131 1.0 0.0 1.0 33
1.0 1.0077404681191418 1.0 1.0 34
1.0041460549816996 1.0 1.0 1.0 35
0.07585042865598676 1.0 1.0 1.0 36
0.0 0.5571635623494143 0.0 1.0 37
0.0 1.1914174856954554 0.0 1.0 38
1.0 1.2829138888613727 1.0 1.0 39
0.0 1.2131659778614106 0.0 1.0 40
-0.39591374420052083 1.0 0.0 1.0 41
1.0 0.7128227645326648 1.0 1.0 42
1.3733273957537033 1.0 1.0 1.0 43
0.0 0.5600152503382599 0.0 1.0 44
0.0 1.514430990672743 0.0 1.0 45
1.0 1.6208314999343383 1.0 1.0 46
0.0 1.7150706337918928 0.0 1.0 47
0.0 0.26667496819088554 0.0 1.0 48
0.0 1.7372099482474623 0.0 1.0 49
-0.8075241379615288 1.0 0.0 1.0 50
1.0 0.24395252341225923 1.0 1.0 51
1.0 1.8524004611511682 1.0 1.0 52
1.7499790348404742 1.0 1.0 1.0 53
0.0 1.8665321623585964 0.0 1.0 54
0.0 0.0 0.0 1.0 55
0.0 2.0 0.0 1.0 56
1.0 2.0 1.0 1.0 57
*** t = 21
1.249832637656692 1.0 2.0 1.0 0
0.0 0.42804234033542143 0.0 0.0 2
0.0 0.8825981581098155 0.0 0.0 3
-0.8436664244418659 1.0 -1.0 1.0 4
1.0 1.3555677864268643 1.0 2.0 6
1.0 0.31471292881233537 1.0 0.0 9
-0.09873764117606762 1.0 -1.0 1.0 10
0.0 0.6277234806299852 0.0 0.0 11
0.8477216046696229 1.0 1.0 1.0 12
0.5258289658759151 1.0 1.0 1.0 13
0.0 1.531641749192045 0.0 2.0 14
1.4865751721913274 1.0 2.0 1.0 15
1.0 1.1973646361751893 1.0 1.0 16
1.0 1.3366209103929072 1.0 2.0 17
-0.845355439067238 1.0 -1.0 1.0 19
0.305836210515982 1.0 1.0 1.0 20
0.0 0.9835324849926883 0.0 0.0 21
0.0 0.45744063725253437 0.0 0.0 22
0.00988558799503228 1.0 1.0 1.0 23
0.09739378613181385 1.0 0.0 1.0 24
1.0 1.2523078538686168 1.0 2.0 25
0.09573679435696723 1.0 1.0 1.0 26
0.3059917525823962 1.0 1.0 1.0 27
1.0 0.5167854019593194 1.0 0.0 28
-0.03083016375513431 1.0 -1.0 1.0 29
0.0 0.9057375001714305 0.0 1.0 30
0.0 1.0438421865607534 0.0 1.0 31
0.11007753994131744 1.0 1.0 1.0 32
0.3682111045250147 1.0 0.0 1.0 33
1.1162919733659655 1.0 2.0 1.0 34
0.8796643118544122 1.0 0.0 1.0 35
0.22954334703541351 1.0 1.0 1.0 36
0.0 0.6500241560743167 0.0 1.0 37
0.0 1.0566537333113646 0.0 1.0 38
1.0 1.1633995370049348 1.0 1.0 39
0.0 1.0557991734336927 0.0 1.0 40
-0.275096493040625 1.0 0.0 1.0 41
1.0 0.8553873174391977 1.0 1.0 42
1.247992874904444 1.0 1.0 1.0 43
0.0 0.7000190629228249 0.0 1.0 44
0.0 1.3930387383409286 0.0 1.0 45
1.0 1.5260393749179229 1.0 1.0 46
0.0 1.6200941783891905 0.0 1.0 47
0.0 0.4000124522863283 0.0 1.0 48
0.0 1.6058149223711935 0.0 1.0 49
-0.7112862069422932 1.0 0.0 1.0 50
1.0 0.36592878511838883 1.0 1.0 51
1.0 1.7786006917267523 1.0 1.0 52
1.6249685522607114 1.0 1.0 1.0 53
0.0 1.7330643247171929 0.0 1.0 54
0.0 0.15790189540260374 0.0 1.0 55
0.0 1.9189425818021904 0.0 1.0 56
1.0 1.9033520620569897 1.0 1.0 57
0.0 2.0 0.0 1.0 58
-1.0 1.0 0.0 1.0 59
1.0 0.0 1.0 1.0 60
2.0 1.0 1.0 1.0 61
*** t = 22
1.3623242695395266 1.0 2.0 1.0 0
0.0 0.34530772666886467 0.0 0.0 2
0.0 0.7711559559050689 0.0 0.0 3
-0.9460923369108585 1.0 -1.0 1.0 4
1.0 1.4308771078950233 1.0 2.0 6
1.0 0.15675486580129627 1.0 0.0 9
-0.2221927965393657 1.0 -1.0 1.0 10
0.0 0.5419561981693592 0.0 0.0 11
0.970903044980931 1.0 1.0 1.0 12
0.6275508969343094 1.0 1.0 1.0 13
0.0 1.6337511991381815 0.0 2.0 14
1.5856801836707493 1.0 2.0 1.0 15
1.0 1.143855611920202 1.0 1.0 16
1.0 1.4257289710857677 1.0 2.0 17
-0.9873058574570255 1.0 -1.0 1.0 19
0.4062851497864421 1.0 1.0 1.0 20
0.0 0.8284195992228951 0.0 0.0 21
0.0 0.32889402369024556 0.0 0.0 22
0.09404272032795165 1.0 1.0 1.0 23
-0.06115673169053498 1.0 -1.0 1.0 24
1.0 1.3566668416910015 1.0 2.0 25
0.19534923020760062 1.0 1.0 1.0 26
0.42471827554443226 1.0 1.0 1.0 27
1.0 0.3819477112283485 1.0 0.0 28
-0.1339131801306478 1.0 -1.0 1.0 29
0.006375000190478361 1.0 1.0 1.0 30
0.06239757048805174 1.0 1.0 1.0 31
0.23341948882368607 1.0 1.0 1.0 32
0.18690122725001634 1.0 0.0 1.0 33
1.2403244148510728 1.0 2.0 1.0 34
0.7551825687271247 1.0 0.0 1.0 35
0.38323626541484024 1.0 1.0 1.0 36
0.0 0.7428847497992191 0.0 1.0 37
0.07811001907272613 1.0 1.0 1.0 38
1.0 1.043885185148497 1.0 1.0 39
0.10156763099402522 1.0 1.0 1.0 40
-0.15427924188072917 1.0 0.0 1.0 41
1.0 0.9979518703457306 1.0 1.0 42
1.1226583540551847 1.0 1.0 1.0 43
0.0 0.8400228755073899 0.0 1.0 44
0.0 1.2716464860091143 0.0 1.0 45
1.0 1.4312472499015074 1.0 1.0 46
0.0 1.525117722986488 0.0 1.0 47
0.0 0.5333499363817711 0.0 1.0 48
0.0 1.4744198964949247 0.0 1.0 49
-0.6150482759230576 1.0 0.0 1.0 50
1.0 0.48790504682451846 1.0 1.0 51
1.0 1.7048009223023364 1.0 1.0 52
1.4999580696809485 1.0 1.0 1.0 53
0.0 1.5995964870757893 0.0 1.0 54
0.0 0.3158037908052075 0.0 1.0 55
0.0 1.8378851636043807 0.0 1.0 56
1.0 1.8067041241139794 1.0 1.0 57
0.0 1.8636950774305967 0.0 1.0 58
-0.8702302464069342 1.0 0.0 1.0 59
1.0 0.11565107177611882 1.0 1.0 60
1.869359322356444 1.0 1.0 1.0 61
0.0 0.0 0.0 1.0 62
0.0 2.0 0.0 1.0 63
1.0 2.0 1.0 1.0 64
*** t = 23
1.4748159014223612 1.0 2.0 1.0 0
0.0 0.2625731130023079 0.0 0.0 2
0.0 0.6597137537003224 0.0 0.0 3
1.0 1.5061864293631824 1.0 2.0 6
-0.3456479519026638 1.0 -1.0 1.0 10
0.0 0.4561889157087334 0.0 0.0 11
1.0940844852922393 1.0 2.0 1.0 12
0.7292728279927038 1.0 1.0 1.0 13
0.0 1.7358606490843178 0.0 2.0 14
1.684785195150171 1.0 2.0 1.0 15
1.0 1.0903465876652145 1.0 1.0 16
1.0 1.5148370317786282 1.0 2.0 17
0.5067340890569022 1.0 1.0 1.0 20
0.0 0.6733067134531019 0.0 0.0 21
0.0 0.20034741012795673 0.0 0.0 22
0.17819985266087102 1.0 1.0 1.0 23
-0.2197072495128838 1.0 -1.0 1.0 24
1.0 1.4610258295133862 1.0 2.0 25
0.294961666058234 1.0 1.0 1.0 26
0.5434447985064683 1.0 1.0 1.0 27
1.0 0.2471100204973775 1.0 0.0 28
-0.23699619650616127 1.0 -1.0 1.0 29
0.10701250020952621 1.0 1.0 1.0 30
0.16863732753685692 1.0 1.0 1.0 31
0.3567614377060547 1.0 1.0 1.0 32
0.0055913499750179785 1.0 0.0 1.0 33
1.36435685633618 1.0 2.0 1.0 34
0.6307008255998373 1.0 0.0 1.0 35
0.536929183794267 1.0 1.0 1.0 36
0.0 0.8357453435241216 0.0 1.0 37
0.21287377145681685 1.0 1.0 1.0 38
1.075629166707941 1.0 2.0 1.0 39
0.2589344354217431 1.0 1.0 1.0 40
-0.03346199072083332 1.0 0.0 1.0 41
0.8594835767477365 1.0 0.0 1.0 42
0.9973238332059254 1.0 0.0 1.0 43
0.0 0.9800266880919548 0.0 1.0 44
0.0 1.1502542336773 0.0 1.0 45
1.0 1.336455124885092 1.0 1.0 46
0.0 1.4301412675837857 0.0 1.0 47
0.0 0.6666874204772139 0.0 1.0 48
0.0 1.3430248706186558 0.0 1.0 49
-0.5188103449038219 1.0 0.0 1.0 50
1.0 0.609881308530648 1.0 1.0 51
1.0 1.6310011528779205 1.0 1.0 52
1.3749475871011856 1.0 1.0 1.0 53
0.0 1.4661286494343857 0.0 1.0 54
0.0 0.4737056862078112 0.0 1.0 55
0.0 1.756827745406571 0.0 1.0 56
1.0 1.710056186170969 1.0 1.0 57
0.0 1.7273901548611934 0.0 1.0 58
-0.7404604928138685 1.0 0.0 1.0 59
1.0 0.23130214355223763 1.0 1.0 60
1.738718644712888 1.0 1.0 1.0 61
0.0 0.05731263580461798 0.0 1.0 62
0.0 1.819188149421036 0.0 1.0 63
1.0 1.9000214424855315 1.0 1.0 64
0.0 2.0 0.0 1.0 65
*** t = 24
1.5873075333051958 1.0 2.0 1.0 0
0.0 0.17983849933575113 0.0 0.0 2
0.0 0.5482715514955758 0.0 0.0 3
1.0 1.5814957508313414 1.0 2.0 6
-0.4691031072659619 1.0 -1.0 1.0 10
0.0 0.3704216332481075 0.0 0.0 11
1.2172659256035476 1.0 2.0 1.0 12
0.8309947590510981 1.0 1.0 1.0 13
0.0 1.8379700990304542 0.0 2.0 14
1.783890206629593 1.0 2.0 1.0 15
1.0 1.0368375634102271 1.0 1.0 16
1.0 1.6039450924714886 1.0 2.0 17
0.6071830283273623 1.0 1.0 1.0 20
0.0 0.5181938276833087 0.0 0.0 21
0.0 0.0718007965656679 0.0 0.0 22
0.2623569849937904 1.0 1.0 1.0 23
-0.37825776733523264 1.0 -1.0 1.0 24
1.0 1.565384817335771 1.0 2.0 25
0.3945741019088674 1.0 1.0 1.0 26
0.6621713214685043 1.0 1.0 1.0 27
1.0 0.11227232976640655 1.0 0.0 28
-0.34007921288167475 1.0 -1.0 1.0 29
0.20765000022857405 1.0 1.0 1.0 30
0.2748770845856621 1.0 1.0 1.0 31
0.4801033865884233 1.0 1.0 1.0 32
-0.1757185272999804 1.0 -1.0 1.0 33
1.4883892978212874 1.0 2.0 1.0 34
0.5062190824725499 1.0 0.0 1.0 35
0.6906221021736938 1.0 1.0 1.0 36
0.0 0.928605937249024 0.0 1.0 37
0.34763752384090757 1.0 1.0 1.0 38
1.1951435185643788 1.0 2.0 1.0 39
0.416301239849461 1.0 1.0 1.0 40
0.0 1.0873552604390626 0.0 2.0 41
0.7169190238412035 1.0 0.0 1.0 42
0.8719893123566662 1.0 0.0 1.0 43
0.1200305006765198 1.0 1.0 1.0 44
0.0 1.0288619813454858 0.0 1.0 45
1.0 1.2416629998686766 1.0 1.0 46
0.0 1.3351648121810833 0.0 1.0 47
0.0 0.8000249045726566 0.0 1.0 48
0.0 1.211629844742387 0.0 1.0 49
-0.42257241388458633 1.0 0.0 1.0 50
1.0 0.7318575702367777 1.0 1.0 51
1.0 1.5572013834535046 1.0 1.0 52
1.2499371045214227 1.0 1.0 1.0 53
0.0 1.3326608117929821 0.0 1.0 54
0.0 0.631607581610415 0.0 1.0 55
0.0 1.6757703272087614 0.0 1.0 56
1.0 1.6134082482279588 1.0 1.0 57
0.0 1.59108523229179 0.0 1.0 58
-0.6106907392208027 1.0 0.0 1.0 59
1.0 0.34695321532835643 1.0 1.0 60
1.608077967069332 1.0 1.0 1.0 61
0.0 0.11462527160923595 0.0 1.0 62
0.0 1.638376298842072 0.0 1.0 63
1.0 1.800042884971063 1.0 1.0 64
0.0 1.8921835719063174 0.0 1.0 65
0.0 0.0 0.0 1.0 66
0.0 2.0 0.0 1.0 67
-1.0 1.0 0.0 1.0 68
1.0 0.0 1.0 1.0 69
1.0 2.0 1.0 1.0 70
2.0 1.0 1.0 1.0 71
*** t = 25
1.6997991651880304 1.0 2.0 1.0 0
0.0 0.09710388566919438 0.0 0.0 2
0.0 0.4368293492908292 0.0 0.0 3
1.0 1.6568050722995005 1.0 2.0 6
-0.5925582626292599 1.0 -1.0 1.0 10
0.0 0.28465435078748164 0.0 0.0 11
1.340447365914856 1.0 2.0 1.0 12
0.9327166901094924 1.0 1.0 1.0 13
0.0 1.9400795489765905 0.0 2.0 14
1.8829952181090148 1.0 2.0 1.0 15
1.0166714608447602 1.0 2.0 1.0 16
1.0 1.6930531531643491 1.0 2.0 17
0.7076319675978224 1.0 1.0 1.0 20
0.0 0.3630809419135155 0.0 0.0 21
0.3465141173267098 1.0 1.0 1.0 23
-0.5368082851575815 1.0 -1.0 1.0 24
1.0 1.6697438051581557 1.0 2.0 25
0.4941865377595008 1.0 1.0 1.0 26
0.7808978444305403 1.0 1.0 1.0 27
-0.44316222925718823 1.0 -1.0 1.0 29
0.3082875002476219 1.0 1.0 1.0 30
0.3811168416344673 1.0 1.0 1.0 31
0.6034453354707919 1.0 1.0 1.0 32
-0.35702840457497875 1.0 -1.0 1.0 33
1.6124217393063947 1.0 2.0 1.0 34
0.3817373393452624 1.0 0.0 1.0 35
0.8443150205531206 1.0 1.0 1.0 36
0.0 1.0214665309739264 0.0 2.0 37
0.4824012762249983 1.0 1.0 1.0 38
1.3146578704208167 1.0 2.0 1.0 39
0.5736680442771789 1.0 1.0 1.0 40
0.0 1.2081725115989586 0.0 2.0 41
0.5743544709346706 1.0 0.0 1.0 42
0.746654791507407 1.0 0.0 1.0 43
0.2600343132610848 1.0 1.0 1.0 44
0.0925302709863284 1.0 1.0 1.0 45
1.0 1.1468708748522611 1.0 1.0 46
0.0 1.240188356778381 0.0 1.0 47
0.0 0.9333623886680994 0.0 1.0 48
0.0 1.0802348188661182 0.0 1.0 49
-0.3263344828653507 1.0 0.0 1.0 50
1.0 0.8538338319429073 1.0 1.0 51
1.0 1.4834016140290887 1.0 1.0 52
1.1249266219416598 1.0 1.0 1.0 53
0.0 1.1991929741515786 0.0 1.0 54
0.0 0.7895094770130187 0.0 1.0 55
0.0 1.5947129090109518 0.0 1.0 56
1.0 1.5167603102849485 1.0 1.0 57
0.0 1.4547803097223868 0.0 1.0 58
-0.480920985627737 1.0 0.0 1.0 59
1.0 0.46260428710447526 1.0 1.0 60
1.477437289425776 1.0 1.0 1.0 61
0.0 0.17193790741385392 0.0 1.0 62
0.0 1.457564448263108 0.0 1.0 63
1.0 1.7000643274565945 1.0 1.0 64
0.0 1.7843671438126347 0.0 1.0 65
0.0 0.14965926071103688 0.0 1.0 66
0.0 1.8855511185960492 0.0 1.0 67
-0.8690315385037486 1.0 0.0 1.0 68
1.0 0.0920982566149098 1.0 1.0 69
1.0 1.8915075546273592 1.0 1.0 70
1.8477518300741183 1.0 1.0 1.0 71
0.0 2.0 0.0 1.0 72
*** t = 26
1.812290797070865 1.0 2.0 1.0 0
0.0 0.014369272002637629 0.0 0.0 2
0.0 0.32538714708608263 0.0 0.0 3
1.0 1.7321143937676595 1.0 2.0 6
-0.716013417992558 1.0 -1.0 1.0 10
0.0 0.19888706832685576 0.0 0.0 11
1.4636288062261642 1.0 2.0 1.0 12
1.0344386211678869 1.0 2.0 1.0 13
1.9821002295884367 1.0 2.0 1.0 15
1.0701804850997476 1.0 2.0 1.0 16
1.0 1.7821612138572096 1.0 2.0 17
0.8080809068682826 1.0 1.0 1.0 20
0.0 0.20796805614372224 0.0 0.0 21
0.43067124965962916 1.0 1.0 1.0 23
-0.6953588029799304 1.0 -1.0 1.0 24
1.0 1.7741027929805404 1.0 2.0 25
0.5937989736101341 1.0 1.0 1.0 26
0.8996243673925763 1.0 1.0 1.0 27
-0.5462452456327017 1.0 -1.0 1.0 29
0.4089250002666698 1.0 1.0 1.0 30
0.48735659868327247 1.0 1.0 1.0 31
0.7267872843531605 1.0 1.0 1.0 32
-0.5383382818499771 1.0 -1.0 1.0 33
1.736454180791502 1.0 2.0 1.0 34
0.2572555962179749 1.0 0.0 1.0 35
0.9980079389325474 1.0 1.0 1.0 36
0.0 1.1143271246988287 0.0 2.0 37
0.6171650286090891 1.0 1.0 1.0 38
1.4341722222772546 1.0 2.0 1.0 39
0.7310348487048968 1.0 1.0 1.0 40
0.0 1.3289897627588545 0.0 2.0 41
0.43178991802813765 1.0 0.0 1.0 42
0.6213202706581478 1.0 0.0 1.0 43
0.4000381258456498 1.0 1.0 1.0 44
0.2139225233181426 1.0 1.0 1.0 45
1.0 1.0520787498358457 1.0 1.0 46
0.0 1.1452119013756785 0.0 1.0 47
0.06669987276354217 1.0 1.0 1.0 48
-0.05116020701015067 1.0 -1.0 1.0 49
-0.23009655184611508 1.0 0.0 1.0 50
1.0 0.9758100936490369 1.0 1.0 51
1.0 1.4096018446046727 1.0 1.0 52
0.9999161393618969 1.0 0.0 1.0 53
0.0 1.065725136510175 0.0 1.0 54
0.0 0.9474113724156223 0.0 1.0 55
0.0 1.513655490813142 0.0 1.0 56
1.0 1.4201123723419382 1.0 1.0 57
0.0 1.3184753871529835 0.0 1.0 58
-0.35115123203467125 1.0 0.0 1.0 59
1.0 0.5782553588805941 1.0 1.0 60
1.3467966117822199 1.0 1.0 1.0 61
0.0 0.2292505432184719 0.0 1.0 62
0.0 1.276752597684144 0.0 1.0 63
1.0 1.600085769942126 1.0 1.0 64
0.0 1.676550715718952 0.0 1.0 65
0.0 0.29931852142207377 0.0 1.0 66
0.0 1.7711022371920984 0.0 1.0 67
-0.7380630770074972 1.0 0.0 1.0 68
1.0 0.1841965132298196 1.0 1.0 69
1.0 1.7830151092547184 1.0 1.0 70
1.6955036601482365 1.0 1.0 1.0 71
0.0 1.9427450243625215 0.0 1.0 72
0.0 0.0 0.0 1.0 73
0.0 2.0 0.0 1.0 74
1.0 2.0 1.0 1.0 75
*** t = 27
1.9247824289536997 1.0 2.0 1.0 0
0.0 0.21394494488133603 0.0 0.0 3
1.0 1.8074237152358186 1.0 2.0 6
-0.8394685733558561 1.0 -1.0 1.0 10
0.0 0.1131197858662299 0.0 0.0 11
1.5868102465374725 1.0 2.0 1.0 12
1.1361605522262812 1.0 2.0 1.0 13
1.123689509354735 1.0 2.0 1.0 16
1.0 1.87126927455007 1.0 2.0 17
0.9085298461387428 1.0 1.0 1.0 20
0.0 0.052855170373929006 0.0 0.0 21
0.5148283819925485 1.0 1.0 1.0 23
-0.8539093208022792 1.0 -1.0 1.0 24
1.0 1.8784617808029251 1.0 2.0 25
0.6934114094607675 1.0 1.0 1.0 26
1.0 1.0183508903546123 1.0 2.0 27
-0.6493282620082153 1.0 -1.0 1.0 29
0.5095625002857176 1.0 1.0 1.0 30
0.5935963557320777 1.0 1.0 1.0 31
0.8501292332355291 1.0 1.0 1.0 32
-0.7196481591249755 1.0 -1.0 1.0 33
1.8604866222766092 1.0 2.0 1.0 34
0.1327738530906874 1.0 0.0 1.0 35
1.0 1.151700857311974 1.0 2.0 36
0.0 1.207187718423731 0.0 2.0 37
0.7519287809931798 1.0 1.0 1.0 38
1.5536865741336925 1.0 2.0 1.0 39
0.8884016531326147 1.0 1.0 1.0 40
0.0 1.4498070139187504 0.0 2.0 41
0.2892253651216047 1.0 0.0 1.0 42
0.49598574980888854 1.0 0.0 1.0 43
0.5400419384302148 1.0 1.0 1.0 44
0.3353147756499568 1.0 1.0 1.0 45
1.0427133751805697 1.0 2.0 1.0 46
0.0 1.0502354459729761 0.0 1.0 47
0.20003735685898494 1.0 1.0 1.0 48
-0.1825552328864195 1.0 -1.0 1.0 49
-0.13385862082687944 1.0 0.0 1.0 50
1.0 1.0977863553551666 1.0 2.0 51
1.0 1.3358020751802568 1.0 1.0 52
0.8749056567821341 1.0 0.0 1.0 53
-0.06774270113122854 1.0 -1.0 1.0 54
-0.10531326781822609 1.0 -1.0 1.0 55
0.0 1.4325980726153325 0.0 1.0 56
1.0 1.323464434398928 1.0 1.0 57
0.0 1.1821704645835802 0.0 1.0 58
-0.22138147844160547 1.0 0.0 1.0 59
1.0 0.6939064306567129 1.0 1.0 60
1.2161559341386639 1.0 1.0 1.0 61
0.0 0.28656317902308986 0.0 1.0 62
0.0 1.09594074710518 0.0 1.0 63
1.0 1.5001072124276575 1.0 1.0 64
0.0 1.5687342876252695 0.0 1.0 65
0.0 0.4489777821331107 0.0 1.0 66
0.0 1.6566533557881475 0.0 1.0 67
-0.6070946155112458 1.0 0.0 1.0 68
1.0 0.2762947698447294 1.0 1.0 69
1.0 1.6745226638820776 1.0 1.0 70
1.5432554902223548 1.0 1.0 1.0 71
0.0 1.885490048725043 0.0 1.0 72
0.0 0.08378985477503409 0.0 1.0 73
0.0 1.8640629697125426 0.0 1.0 74
1.0 1.869368525215127 1.0 1.0 75
0.0 2.0 0.0 1.0 76
-1.0 1.0 0.0 1.0 77
1.0 0.0 1.0 1.0 78
2.0 1.0 1.0 1.0 79
*** t = 28
0.0 0.10250274267658943 0.0 0.0 3
1.0 1.8827330367039776 1.0 2.0 6
-0.9629237287191542 1.0 -1.0 1.0 10
0.0 0.027352503405604023 0.0 0.0 11
1.7099916868487808 1.0 2.0 1.0 12
1.2378824832846755 1.0 2.0 1.0 13
1.1771985336097224 1.0 2.0 1.0 16
1.0 1.9603773352429306 1.0 2.0 17
1.0 1.008978785409203 1.0 2.0 20
0.5989855143254679 1.0 1.0 1.0 23
1.0 1.9828207686253099 1.0 2.0 25
0.7930238453114009 1.0 1.0 1.0 26
1.0 1.1370774133166484 1.0 2.0 27
-0.7524112783837287 1.0 -1.0 1.0 29
0.6102000003047654 1.0 1.0 1.0 30
0.6998361127808829 1.0 1.0 1.0 31
0.9734711821178977 1.0 1.0 1.0 32
-0.9009580363999738 1.0 -1.0 1.0 33
1.9845190637617165 1.0 2.0 1.0 34
0.008292109963399921 1.0 0.0 1.0 35
1.0 1.3053937756914007 1.0 2.0 36
0.0 1.3000483121486333 0.0 2.0 37
0.8866925333772706 1.0 1.0 1.0 38
1.6732009259901304 1.0 2.0 1.0 39
1.0 1.0457684575603325 1.0 2.0 40
0.0 1.5706242650786464 0.0 2.0 41
0.1466608122150717 1.0 0.0 1.0 42
0.3706512289596293 1.0 0.0 1.0 43
0.6800457510147797 1.0 1.0 1.0 44
0.456707027981771 1.0 1.0 1.0 45
1.1375055001969852 1.0 2.0 1.0 46
0.0 0.9552589905702737 0.0 0.0 47
0.3333748409544277 1.0 1.0 1.0 48
-0.31395025876268834 1.0 -1.0 1.0 49
-0.0376206898076438 1.0 0.0 1.0 50
1.0 1.219762617061296 1.0 2.0 51
1.0 1.262002305755841 1.0 1.0 52
0.7498951742023712 1.0 0.0 1.0 53
-0.20121053877263206 1.0 -1.0 1.0 54
-0.26321516322082983 1.0 -1.0 1.0 55
0.0 1.3515406544175228 0.0 1.0 56
1.0 1.2268164964559176 1.0 1.0 57
0.0 1.045865542014177 0.0 1.0 58
-0.09161172484853969 1.0 0.0 1.0 59
1.0 0.8095575024328316 1.0 1.0 60
1.0855152564951078 1.0 1.0 1.0 61
0.0 0.34387581482770785 0.0 1.0 62
0.0 0.9151288965262161 0.0 0.0 63
1.0 1.400128654913189 1.0 1.0 64
0.0 1.4609178595315868 0.0 1.0 65
0.0 0.5986370428441475 0.0 1.0 66
0.0 1.5422044743841967 0.0 1.0 67
-0.4761261540149943 1.0 0.0 1.0 68
1.0 0.3683930264596392 1.0 1.0 69
1.0 1.5660302185094368 1.0 1.0 70
1.391007320296473 1.0 1.0 1.0 71
0.0 1.8282350730875645 0.0 1.0 72
0.0 0.16757970955006818 0.0 1.0 73
0.0 1.7281259394250852 0.0 1.0 74
1.0 1.7387370504302542 1.0 1.0 75
0.0 1.880678102421231 0.0 1.0 76
-0.8791234766200058 1.0 0.0 1.0 77
1.0 0.13658872238303815 1.0 1.0 78
1.8869152741703286 1.0 1.0 1.0 79
0.0 0.0 0.0 1.0 80
0.0 2.0 0.0 1.0 81
1.0 2.0 1.0 1.0 82
*** t = 29
1.0 1.9580423581721367 1.0 2.0 6
1.833173127160089 1.0 2.0 1.0 12
1.3396044143430699 1.0 2.0 1.0 13
1.2307075578647098 1.0 2.0 1.0 16
1.0 1.109427724679663 1.0 2.0 20
0.6831426466583872 1.0 1.0 1.0 23
0.8926362811620343 1.0 1.0 1.0 26
1.0 1.2558039362786844 1.0 2.0 27
-0.8554942947592421 1.0 -1.0 1.0 29
0.7108375003238132 1.0 1.0 1.0 30
0.806075869829688 1.0 1.0 1.0 31
1.0 1.0968131310002665 1.0 2.0 32
-0.11618963316388756 1.0 -1.0 1.0 35
1.0 1.4590866940708274 1.0 2.0 36
0.0 1.3929089058735356 0.0 2.0 37
1.0214562857613614 1.0 2.0 1.0 38
1.7927152778465683 1.0 2.0 1.0 39
1.0 1.2031352619880504 1.0 2.0 40
0.0 1.6914415162385423 0.0 2.0 41
0.004096259308538741 1.0 0.0 1.0 42
0.2453167081103701 1.0 0.0 1.0 43
0.8200495635993447 1.0 1.0 1.0 44
0.5780992803135852 1.0 1.0 1.0 45
1.2322976252134006 1.0 2.0 1.0 46
0.0 0.8602825351675714 0.0 0.0 47
0.4667123250498705 1.0 1.0 1.0 48
-0.4453452846389572 1.0 -1.0 1.0 49
0.05861724121159184 1.0 1.0 1.0 50
1.0 1.3417388787674256 1.0 2.0 51
1.0 1.188202536331425 1.0 1.0 52
0.6248846916226083 1.0 0.0 1.0 53
-0.3346783764140356 1.0 -1.0 1.0 54
-0.42111705862343357 1.0 -1.0 1.0 55
0.0 1.2704832362197132 0.0 1.0 56
1.0 1.1301685585129073 1.0 1.0 57
0.09043938055522643 1.0 1.0 1.0 58
0.03815802874452609 1.0 1.0 1.0 59
1.0 0.9252085742089504 1.0 1.0 60
0.9548745788515519 1.0 0.0 1.0 61
0.0 0.40118845063232583 0.0 1.0 62
0.0 0.7343170459472521 0.0 0.0 63
1.0 1.3001500973987206 1.0 1.0 64
0.0 1.3531014314379042 0.0 1.0 65
0.0 0.7482963035551844 0.0 1.0 66
0.0 1.427755592980246 0.0 1.0 67
-0.34515769251874284 1.0 0.0 1.0 68
1.0 0.46049128307454895 1.0 1.0 69
1.0 1.457537773136796 1.0 1.0 70
1.2387591503705913 1.0 1.0 1.0 71
0.0 1.770980097450086 0.0 1.0 72
0.0 0.25136956432510227 0.0 1.0 73
0.0 1.5921889091376278 0.0 1.0 74
1.0 1.6081055756453813 1.0 1.0 75
0.0 1.7613562048424618 0.0 1.0 76
-0.7582469532400116 1.0 0.0 1.0 77
1.0 0.2731774447660763 1.0 1.0 78
1.7738305483406571 1.0 1.0 1.0 79
0.0 0.17509443436564187 0.0 1.0 80
0.0 1.8608081337579203 0.0 1.0 81
1.0 1.8555741320060393 1.0 1.0 82
0.0 2.0 0.0 1.0 83
*** t = 30
1.9563545674713974 1.0 2.0 1.0 12
1.4413263454014642 1.0 2.0 1.0 13
1.2842165821196971 1.0 2.0 1.0 16
1.0 1.2098766639501233 1.0 2.0 20
0.7672997789913065 1.0 1.0 1.0 23
0.9922487170126677 1.0 1.0 1.0 26
1.0 1.3745304592407204 1.0 2.0 27
-0.9585773111347555 1.0 -1.0 1.0 29
0.811475000342861 1.0 1.0 1.0 30
0.9123156268784932 1.0 1.0 1.0 31
1.0 1.220155079882635 1.0 2.0 32
-0.24067137629117502 1.0 -1.0 1.0 35
1.0 1.612779612450254 1.0 2.0 36
0.0 1.4857694995984378 0.0 2.0 37
1.1562200381454522 1.0 2.0 1.0 38
1.9122296297030061 1.0 2.0 1.0 39
1.0 1.3605020664157683 1.0 2.0 40
0.0 1.8122587673984383 0.0 2.0 41
0.0 0.8615317064020058 0.0 0.0 42
0.11998218726111087 1.0 0.0 1.0 43
0.9600533761839096 1.0 1.0 1.0 44
0.6994915326453993 1.0 1.0 1.0 45
1.327089750229816 1.0 2.0 1.0 46
0.0 0.765306079764869 0.0 0.0 47
0.6000498091453133 1.0 1.0 1.0 48
-0.576740310515226 1.0 -1.0 1.0 49
0.15485517223082748 1.0 1.0 1.0 50
1.0 1.463715140473555 1.0 2.0 51
1.0 1.1144027669070091 1.0 1.0 52
0.4998742090428454 1.0 0.0 1.0 53
-0.4681462140554391 1.0 -1.0 1.0 54
-0.5790189540260373 1.0 -1.0 1.0 55
0.0 1.1894258180219035 0.0 1.0 56
1.0 1.033520620569897 1.0 1.0 57
0.2267443031246298 1.0 1.0 1.0 58
0.16792778233759187 1.0 1.0 1.0 59
0.9591403540149308 1.0 0.0 1.0 60
0.824233901207996 1.0 0.0 1.0 61
0.0 0.4585010864369438 0.0 1.0 62
0.0 0.5535051953682881 0.0 0.0 63
1.0 1.200171539884252 1.0 1.0 64
0.0 1.2452850033442215 0.0 1.0 65
0.0 0.8979555642662213 0.0 1.0 66
0.0 1.313306711576295 0.0 1.0 67
-0.21418923102249138 1.0 0.0 1.0 68
1.0 0.5525895396894588 1.0 1.0 69
1.0 1.3490453277641552 1.0 1.0 70
1.0865109804447095 1.0 1.0 1.0 71
0.0 1.7137251218126075 0.0 1.0 72
0.0 0.33515941910013636 0.0 1.0 73
0.0 1.4562518788501704 0.0 1.0 74
1.0 1.4774741008605083 1.0 1.0 75
0.0 1.6420343072636927 0.0 1.0 76
-0.6373704298600174 1.0 0.0 1.0 77
1.0 0.40976616714911446 1.0 1.0 78
1.6607458225109857 1.0 1.0 1.0 79
0.0 0.35018886873128374 0.0 1.0 80
0.0 1.7216162675158406 0.0 1.0 81
1.0 1.7111482640120785 1.0 1.0 82
0.0 1.8327408637013884 0.0 1.0 83
0.0 0.0 0.0 1.0 84
0.0 2.0 0.0 1.0 85
-1.0 1.0 0.0 1.0 86
1.0 0.0 1.0 1.0 87
1.0 2.0 1.0 1.0 88
2.0 1.0 1.0 1.0 89
*** t = 31
1.5430482764598585 1.0 2.0 1.0 13
1.3377256063746845 1.0 2.0 1.0 16
1.0 1.3103256032205834 1.0 2.0 20
0.8514569113242259 1.0 1.0 1.0 23
1.0 0.9081388471366989 1.0 0.0 26
1.0 1.4932569822027564 1.0 2.0 27
0.9121125003619088 1.0 1.0 1.0 30
1.0185553839272985 1.0 2.0 1.0 31
1.0 1.3434970287650037 1.0 2.0 32
-0.3651531194184625 1.0 -1.0 1.0 35
1.0 1.7664725308296807 1.0 2.0 36
0.0 1.5786300933233401 0.0 2.0 37
1.290983790529543 1.0 2.0 1.0 38
1.0 1.5178688708434862 1.0 2.0 40
0.0 1.9330760185583342 0.0 2.0 41
0.0 0.7189671534954729 0.0 0.0 42
0.0 1.0053523335881485 0.0 2.0 43
1.1000571887684747 1.0 2.0 1.0 44
0.8208837849772135 1.0 1.0 1.0 45
1.4218818752462314 1.0 2.0 1.0 46
0.0 0.6703296243621666 0.0 0.0 47
0.733387293240756 1.0 1.0 1.0 48
-0.7081353363914948 1.0 -1.0 1.0 49
0.2510931032500631 1.0 1.0 1.0 50
1.0 1.5856914021796846 1.0 2.0 51
1.0 1.0406029974825932 1.0 1.0 52
0.3748637264630825 1.0 0.0 1.0 53
-0.6016140516968427 1.0 -1.0 1.0 54
-0.736920849428641 1.0 -1.0 1.0 55
0.0 1.1083683998240939 0.0 1.0 56
0.9368726826268866 1.0 0.0 1.0 57
0.36304922569403314 1.0 1.0 1.0 58
0.2976975359306576 1.0 1.0 1.0 59
0.843489282238812 1.0 0.0 1.0 60
0.6935932235644401 1.0 0.0 1.0 61
0.0 0.5158137222415617 0.0 1.0 62
0.0 0.37269334478932414 0.0 0.0 63
1.0 1.1001929823697836 1.0 1.0 64
0.0 1.137468575250539 0.0 1.0 65
0.047614824977258136 1.0 1.0 1.0 66
0.0 1.1988578301723443 0.0 1.0 67
-0.08322076952623991 1.0 0.0 1.0 68
1.0 0.6446877963043686 1.0 1.0 69
1.0 1.2405528823915144 1.0 1.0 70
1.0 0.9342628105188279 1.0 0.0 71
0.0 1.656470146175129 0.0 1.0 72
0.0 0.41894927387517045 0.0 1.0 73
0.0 1.320314848562713 0.0 1.0 74
1.0 1.3468426260756354 1.0 1.0 75
0.0 1.5227124096849236 0.0 1.0 76
-0.5164939064800231 1.0 0.0 1.0 77
1.0 0.5463548895321526 1.0 1.0 78
1.5476610966813142 1.0 1.0 1.0 79
0.0 0.5252833030969256 0.0 1.0 80
0.0 1.582424401273761 0.0 1.0 81
1.0 1.5667223960181178 1.0 1.0 82
0.0 1.665481727402777 0.0 1.0 83
0.0 0.146024472651696 0.0 1.0 84
0.0 1.826368625892797 0.0 1.0 85
-0.8871871248255472 1.0 0.0 1.0 86
1.0 0.1759566994217464 1.0 1.0 87
1.0 1.871190001836485 1.0 1.0 88
1.8173235124938876 1.0 1.0 1.0 89
0.0 2.0 0.0 1.0 90
*** t = 32
1.6447702075182529 1.0 2.0 1.0 13
1.391234630629672 1.0 2.0 1.0 16
1.0 1.4107745424910436 1.0 2.0 20
0.9356140436571452 1.0 1.0 1.0 23
1.0 0.8085264112860655 1.0 0.0 26
1.0 1.6119835051647924 1.0 2.0 27
1.0 0.9872499996190434 1.0 0.0 30
1.1247951409761037 1.0 2.0 1.0 31
1.0 1.4668389776473723 1.0 2.0 32
-0.48963486254575 1.0 -1.0 1.0 35
1.0 1.9201654492091074 1.0 2.0 36
0.0 1.6714906870482424 0.0 2.0 37
1.4257475429136337 1.0 2.0 1.0 38
1.0 1.675235675271204 1.0 2.0 40
0.0 0.57640260058894 0.0 0.0 42
0.0 1.1306868544374078 0.0 2.0 43
1.2400610013530398 1.0 2.0 1.0 44
0.9422760373090276 1.0 1.0 1.0 45
1.5166740002626469 1.0 2.0 1.0 46
0.0 0.5753531689594642 0.0 0.0 47
0.8667247773361988 1.0 1.0 1.0 48
-0.8395303622677637 1.0 -1.0 1.0 49
0.3473310342692988 1.0 1.0 1.0 50
1.0 1.7076676638858141 1.0 2.0 51
1.0331967719418227 1.0 2.0 1.0 52
0.24985324388331961 1.0 0.0 1.0 53
-0.7350818893382463 1.0 -1.0 1.0 54
-0.8948227448312447 1.0 -1.0 1.0 55
0.0 1.0273109816262842 0.0 1.0 56
0.8402247446838762 1.0 0.0 1.0 57
0.4993541482634365 1.0 1.0 1.0 58
0.42746728952372337 1.0 1.0 1.0 59
0.7278382104626933 1.0 0.0 1.0 60
0.5629525459208842 1.0 0.0 1.0 61
0.0 0.5731263580461797 0.0 1.0 62
0.0 0.19188149421036013 0.0 0.0 63
1.0 1.000214424855315 1.0 1.0 64
0.0 1.0296521471568563 0.0 1.0 65
0.19727408568829502 1.0 1.0 1.0 66
0.0 1.0844089487683934 0.0 1.0 67
0.04774769197001155 1.0 1.0 1.0 68
1.0 0.7367860529192783 1.0 1.0 69
1.0 1.1320604370188736 1.0 1.0 70
1.0 0.7820146405929462 1.0 0.0 71
0.0 1.5992151705376505 0.0 1.0 72
0.0 0.5027391286502045 0.0 1.0 73
0.0 1.1843778182752556 0.0 1.0 74
1.0 1.2162111512907625 1.0 1.0 75
0.0 1.4033905121061545 0.0 1.0 76
-0.395617383100029 1.0 0.0 1.0 77
1.0 0.6829436119151908 1.0 1.0 78
1.4345763708516428 1.0 1.0 1.0 79
0.0 0.7003777374625675 0.0 1.0 80
0.0 1.4432325350316813 0.0 1.0 81
1.0 1.422296528024157 1.0 1.0 82
0.0 1.4982225911041653 0.0 1.0 83
0.0 0.292048945303392 0.0 1.0 84
0.0 1.6527372517855938 0.0 1.0 85
-0.7743742496510944 1.0 0.0 1.0 86
1.0 0.3519133988434928 1.0 1.0 87
1.0 1.7423800036729702 1.0 1.0 88
1.6346470249877751 1.0 1.0 1.0 89
0.0 1.8712730974304632 0.0 1.0 90
0.0 0.0 0.0 1.0 91
0.0 2.0 0.0 1.0 92
1.0 2.0 1.0 1.0 93
*** t = 33
1.7464921385766472 1.0 2.0 1.0 13
1.4447436548846593 1.0 2.0 1.0 16
1.0 1.5112234817615038 1.0 2.0 20
1.0 1.0197711759900645 1.0 2.0 23
1.0 0.7089139754354321 1.0 0.0 26
1.0 1.7307100281268284 1.0 2.0 27
1.0 0.8866124995999956 1.0 0.0 30
1.2310348980249088 1.0 2.0 1.0 31
1.0 1.5901809265297409 1.0 2.0 32
-0.6141166056730375 1.0 -1.0 1.0 35
0.0 1.7643512807731447 0.0 2.0 37
1.5605112952977245 1.0 2.0 1.0 38
1.0 1.832602479698922 1.0 2.0 40
0.0 0.433838047682407 0.0 0.0 42
0.0 1.2560213752866671 0.0 2.0 43
1.3800648139376048 1.0 2.0 1.0 44
1.0636682896408418 1.0 2.0 1.0 45
1.6114661252790623 1.0 2.0 1.0 46
0.0 0.48037671355676176 0.0 0.0 47
1.0000622614316415 1.0 2.0 1.0 48
-0.9709253881440325 1.0 -1.0 1.0 49
0.4435689652885344 1.0 1.0 1.0 50
1.0 1.8296439255919437 1.0 2.0 51
1.1069965413662386 1.0 2.0 1.0 52
0.1248427613035567 1.0 0.0 1.0 53
-0.8685497269796498 1.0 -1.0 1.0 54
-0.05374643657152549 1.0 -1.0 1.0 56
0.7435768067408658 1.0 0.0 1.0 57
0.6356590708328398 1.0 1.0 1.0 58
0.5572370431167891 1.0 1.0 1.0 59
0.6121871386865745 1.0 0.0 1.0 60
0.43231186827732826 1.0 0.0 1.0 61
0.0 0.6304389938507977 0.0 1.0 62
0.0 0.01106964363139612 0.0 0.0 63
0.9002358673408466 1.0 0.0 1.0 64
0.07816428093682636 1.0 1.0 1.0 65
0.34693334639933193 1.0 1.0 1.0 66
0.0 0.9699600673644426 0.0 0.0 67
0.17871615346626302 1.0 1.0 1.0 68
1.0 0.8288843095341881 1.0 1.0 69
1.0 1.0235679916462328 1.0 1.0 70
1.0 0.6297664706670646 1.0 0.0 71
0.0 1.541960194900172 0.0 1.0 72
0.0 0.5865289834252386 0.0 1.0 73
0.0 1.0484407879877982 0.0 1.0 74
1.0 1.0855796765058896 1.0 1.0 75
0.0 1.2840686145273854 0.0 1.0 76
-0.2747408597200348 1.0 0.0 1.0 77
1.0 0.819532334298229 1.0 1.0 78
1.3214916450219714 1.0 1.0 1.0 79
0.0 0.8754721718282094 0.0 1.0 80
0.0 1.3040406687896016 0.0 1.0 81
1.0 1.2778706600301963 1.0 1.0 82
0.0 1.3309634548055538 0.0 1.0 83
0.0 0.438073417955088 0.0 1.0 84
0.0 1.4791058776783907 0.0 1.0 85
-0.6615613744766415 1.0 0.0 1.0 86
1.0 0.5278700982652392 1.0 1.0 87
1.0 1.6135700055094553 1.0 1.0 88
1.4519705374816627 1.0 1.0 1.0 89
0.0 1.7425461948609264 0.0 1.0 90
0.0 0.1389440114152469 0.0 1.0 91
0.0 1.914759197952369 0.0 1.0 92
1.0 1.9073133319896534 1.0 1.0 93
0.0 2.0 0.0 1.0 94
-1.0 1.0 0.0 1.0 95
1.0 0.0 1.0 1.0 96
2.0 1.0 1.0 1.0 97
*** t = 34
1.8482140696350415 1.0 2.0 1.0 13
1.4982526791396467 1.0 2.0 1.0 16
1.0 1.611672421031964 1.0 2.0 20
1.0 1.1039283083229838 1.0 2.0 23
1.0 0.6093015395847987 1.0 0.0 26
1.0 1.8494365510888644 1.0 2.0 27
1.0 0.7859749995809477 1.0 0.0 30
1.337274655073714 1.0 2.0 1.0 31
1.0 1.7135228754121095 1.0 2.0 32
-0.7385983488003249 1.0 -1.0 1.0 35
0.0 1.857211874498047 0.0 2.0 37
1.6952750476818153 1.0 2.0 1.0 38
1.0 1.9899692841266399 1.0 2.0 40
0.0 0.29127349477587405 0.0 0.0 42
0.0 1.3813558961359265 0.0 2.0 43
1.52006862652217 1.0 2.0 1.0 44
1.185060541972656 1.0 2.0 1.0 45
1.7062582502954777 1.0 2.0 1.0 46
0.0 0.3854002581540593 0.0 0.0 47
1.1333997455270843 1.0 2.0 1.0 48
0.53980689630777 1.0 1.0 1.0 50
1.0 1.9516201872980732 1.0 2.0 51
1.1807963107906545 1.0 2.0 1.0 52
0.0 0.9998322787237938 0.0 0.0 53
-0.13480385476933518 1.0 -1.0 1.0 56
0.6469288687978554 1.0 0.0 1.0 57
0.7719639934022431 1.0 1.0 1.0 58
0.6870067967098549 1.0 1.0 1.0 59
0.49653606691045565 1.0 0.0 1.0 60
0.30167119063377235 1.0 0.0 1.0 61
0.0 0.6877516296554157 0.0 1.0 62
0.8002573098263781 1.0 0.0 1.0 64
0.18598070903050898 1.0 1.0 1.0 65
0.4965926071103688 1.0 1.0 1.0 66
0.0 0.8555111859604918 0.0 0.0 67
0.3096846149625145 1.0 1.0 1.0 68
1.0 0.9209825661490979 1.0 1.0 69
1.084924453726408 1.0 2.0 1.0 70
1.0 0.47751830074118295 1.0 0.0 71
0.0 1.4847052192626935 0.0 1.0 72
0.0 0.6703188382002727 0.0 1.0 73
0.0 0.9125037577003406 0.0 0.0 74
1.0 0.9549482017210167 1.0 0.0 75
0.0 1.1647467169486163 0.0 1.0 76
-0.15386433634004065 1.0 0.0 1.0 77
1.0 0.9561210566812672 1.0 1.0 78
1.2084069191923 1.0 1.0 1.0 79
0.05056660619385123 1.0 1.0 1.0 80
0.0 1.1648488025475219 0.0 1.0 81
1.0 1.1334447920362356 1.0 1.0 82
0.0 1.1637043185069422 0.0 1.0 83
0.0 0.584097890606784 0.0 1.0 84
0.0 1.3054745035711877 0.0 1.0 85
-0.5487484993021887 1.0 0.0 1.0 86
1.0 0.7038267976869856 1.0 1.0 87
1.0 1.4847600073459404 1.0 1.0 88
1.2692940499755503 1.0 1.0 1.0 89
0.0 1.6138192922913897 0.0 1.0 90
0.0 0.2778880228304938 0.0 1.0 91
0.0 1.829518395904738 0.0 1.0 92
1.0 1.8146266639793067 1.0 1.0 93
0.0 1.864810691127988 0.0 1.0 94
-0.8591738675639669 1.0 0.0 1.0 95
1.0 0.1419609805124557 1.0 1.0 96
1.8636083270202235 1.0 1.0 1.0 97
0.0 0.0 0.0 1.0 98
0.0 2.0 0.0 1.0 99
1.0 2.0 1.0 1.0 100
*** t = 35
1.9499360006934359 1.0 2.0 1.0 13
1.551761703394634 1.0 2.0 1.0 16
1.0 1.7121213603024241 1.0 2.0 20
1.0 1.1880854406559032 1.0 2.0 23
1.0 0.5096891037341653 1.0 0.0 26
1.0 1.9681630740509004 1.0 2.0 27
1.0 0.6853374995618999 1.0 0.0 30
1.4435144121225192 1.0 2.0 1.0 31
1.0 1.836864824294478 1.0 2.0 32
-0.8630800919276124 1.0 -1.0 1.0 35
0.0 1.9500724682229493 0.0 2.0 37
1.830038800065906 1.0 2.0 1.0 38
0.0 0.14870894186934108 0.0 0.0 42
0.0 1.5066904169851858 0.0 2.0 43
1.660072439106735 1.0 2.0 1.0 44
1.3064527943044704 1.0 2.0 1.0 45
1.8010503753118932 1.0 2.0 1.0 46
0.0 0.2904238027513569 0.0 0.0 47
1.2667372296225272 1.0 2.0 1.0 48
0.6360448273270056 1.0 1.0 1.0 50
1.2545960802150704 1.0 2.0 1.0 52
0.0 0.8748217961440309 0.0 0.0 53
-0.21586127296714486 1.0 -1.0 1.0 56
0.550280930854845 1.0 0.0 1.0 57
0.9082689159716464 1.0 1.0 1.0 58
0.8167765503029206 1.0 1.0 1.0 59
0.3808849951343368 1.0 0.0 1.0 60
0.17103051299021643 1.0 0.0 1.0 61
0.0 0.7450642654600337 0.0 1.0 62
0.7002787523119096 1.0 0.0 1.0 64
0.2937971371241916 1.0 1.0 1.0 65
0.6462518678214056 1.0 1.0 1.0 66
0.0 0.741062304556541 0.0 0.0 67
0.44065307645876595 1.0 1.0 1.0 68
0.9869191772359923 1.0 0.0 1.0 69
1.1934168990990488 1.0 2.0 1.0 70
1.0 0.3252701308153013 1.0 0.0 71
0.0 1.427450243625215 0.0 1.0 72
0.0 0.7541086929753068 0.0 1.0 73
0.0 0.7765667274128831 0.0 0.0 74
1.0 0.8243167269361438 1.0 0.0 75
0.0 1.0454248193698472 0.0 1.0 76
-0.03298781296004648 1.0 0.0 1.0 77
0.9072902209356946 1.0 0.0 1.0 78
1.0953221933626285 1.0 1.0 1.0 79
0.2256610405594931 1.0 1.0 1.0 80
0.0 1.0256569363054422 0.0 1.0 81
1.0 0.9890189240422748 1.0 0.0 82
0.0035548177916693846 1.0 1.0 1.0 83
0.0 0.7301223632584799 0.0 1.0 84
0.0 1.1318431294639846 0.0 1.0 85
-0.4359356241277359 1.0 0.0 1.0 86
1.0 0.879783497108732 1.0 1.0 87
1.0 1.3559500091824255 1.0 1.0 88
1.0866175624694379 1.0 1.0 1.0 89
0.0 1.4850923897218529 0.0 1.0 90
0.0 0.41683203424574067 0.0 1.0 91
0.0 1.7442775938571071 0.0 1.0 92
1.0 1.72193999596896 1.0 1.0 93
0.0 1.729621382255976 0.0 1.0 94
-0.7183477351279337 1.0 0.0 1.0 95
1.0 0.2839219610249114 1.0 1.0 96
1.727216654040447 1.0 1.0 1.0 97
0.0 0.05674512562325553 0.0 1.0 98
0.0 1.8711824492889781 0.0 1.0 99
1.0 1.8607549698548358 1.0 1.0 100
0.0 2.0 0.0 1.0 101
*** t = 36
1.6052707276496214 1.0 2.0 1.0 16
1.0 1.8125702995728843 1.0 2.0 20
1.0 1.2722425729888225 1.0 2.0 23
1.0 0.4100766678835319 1.0 0.0 26
1.0 0.5846999995428521 1.0 0.0 30
1.5497541691713244 1.0 2.0 1.0 31
1.0 1.9602067731768467 1.0 2.0 32
-0.9875618350548998 1.0 -1.0 1.0 35
1.9648025524499968 1.0 2.0 1.0 38
0.0 0.006144388962808112 0.0 0.0 42
0.0 1.6320249378344451 0.0 2.0 43
1.8000762516913 1.0 2.0 1.0 44
1.4278450466362846 1.0 2.0 1.0 45
1.8958425003283086 1.0 2.0 1.0 46
0.0 0.19544734734865443 0.0 0.0 47
1.40007471371797 1.0 2.0 1.0 48
0.7322827583462412 1.0 1.0 1.0 50
1.3283958496394863 1.0 2.0 1.0 52
0.0 0.749811313564268 0.0 0.0 53
-0.29691869116495456 1.0 -1.0 1.0 56
0.45363299291183456 1.0 0.0 1.0 57
1.0 0.9554261614589503 1.0 0.0 58
0.9465463038959864 1.0 1.0 1.0 59
0.265233923358218 1.0 0.0 1.0 60
0.04038983534666052 1.0 0.0 1.0 61
0.0 0.8023769012646517 0.0 1.0 62
0.6003001947974411 1.0 0.0 1.0 64
0.4016135652178742 1.0 1.0 1.0 65
0.7959111285324425 1.0 1.0 1.0 66
0.0 0.6266134231525902 0.0 0.0 67
0.5716215379550174 1.0 1.0 1.0 68
0.8948209206210825 1.0 0.0 1.0 69
1.3019093444716896 1.0 2.0 1.0 70
1.0 0.17302196088941965 1.0 0.0 71
0.0 1.3701952679877365 0.0 1.0 72
0.0 0.8378985477503409 0.0 1.0 73
0.0 0.6406296971254256 0.0 0.0 74
1.0 0.6936852521512709 1.0 0.0 75
-0.0738970782089219 1.0 -1.0 1.0 76
0.0 1.0878887104199477 0.0 2.0 77
0.7707014985526563 1.0 0.0 1.0 78
0.982237467532957 1.0 0.0 1.0 79
0.40075547492513497 1.0 1.0 1.0 80
-0.11353492993663761 1.0 -1.0 1.0 81
1.0 0.8445930560483139 1.0 0.0 82
0.170813954090281 1.0 1.0 1.0 83
0.0 0.8761468359101758 0.0 1.0 84
0.0 0.9582117553567814 0.0 0.0 85
-0.3231227489532831 1.0 0.0 1.0 86
0.9442598034695215 1.0 0.0 1.0 87
1.0 1.2271400110189106 1.0 1.0 88
1.0 0.9039410749633254 1.0 0.0 89
0.0 1.356365487152316 0.0 1.0 90
0.0 0.5557760456609876 0.0 1.0 91
0.0 1.6590367918094762 0.0 1.0 92
1.0 1.6292533279586134 1.0 1.0 93
0.0 1.594432073383964 0.0 1.0 94
-0.5775216026919006 1.0 0.0 1.0 95
1.0 0.4258829415373671 1.0 1.0 96
1.5908249810606705 1.0 1.0 1.0 97
0.0 0.11349025124651106 0.0 1.0 98
0.0 1.7423648985779563 0.0 1.0 99
1.0 1.7215099397096716 1.0 1.0 100
0.0 1.8842135071289006 0.0 1.0 101
0.0 0.0 0.0 1.0 102
0.0 2.0 0.0 1.0 103
-1.0 1.0 0.0 1.0 104
1.0 0.0 1.0 1.0 105
1.0 2.0 1.0 1.0 106
2.0 1.0 1.0 1.0 107
*** t = 37
1.6587797519046088 1.0 2.0 1.0 16
1.0 1.9130192388433445 1.0 2.0 20
1.0 1.3563997053217418 1.0 2.0 23
1.0 0.3104642320328985 1.0 0.0 26
1.0 0.48406249952380426 1.0 0.0 30
1.6559939262201295 1.0 2.0 1.0 31
0.0 1.7573594586837045 0.0 2.0 43
1.940080064275865 1.0 2.0 1.0 44
1.549237298968099 1.0 2.0 1.0 45
1.990634625344724 1.0 2.0 1.0 46
0.0 0.100470891945952 0.0 0.0 47
1.533412197813413 1.0 2.0 1.0 48
0.8285206893654768 1.0 1.0 1.0 50
1.4021956190639022 1.0 2.0 1.0 52
0.0 0.6248008309845051 0.0 0.0 53
-0.37797610936276427 1.0 -1.0 1.0 56
0.35698505496882416 1.0 0.0 1.0 57
1.0 0.819121238889547 1.0 0.0 58
1.0 1.0763160574890522 1.0 2.0 59
0.14958285158209916 1.0 0.0 1.0 60
0.0 1.0902508422968955 0.0 2.0 61
0.0 0.8596895370692696 0.0 1.0 62
0.5003216372829726 1.0 0.0 1.0 64
0.5094299933115568 1.0 1.0 1.0 65
0.9455703892434794 1.0 1.0 1.0 66
0.0 0.5121645417486393 0.0 0.0 67
0.7025899994512688 1.0 1.0 1.0 68
0.8027226640061728 1.0 0.0 1.0 69
1.4104017898443304 1.0 2.0 1.0 70
1.0 0.020773790963537986 1.0 0.0 71
0.0 1.312940292350258 0.0 1.0 72
0.0 0.921688402525375 0.0 1.0 73
0.0 0.5046926668379681 0.0 0.0 74
1.0 0.563053777366398 1.0 0.0 75
-0.193218975787691 1.0 -1.0 1.0 76
0.0 1.208765233799942 0.0 2.0 77
0.6341127761696181 1.0 0.0 1.0 78
0.8691527417032856 1.0 0.0 1.0 79
0.5758499092907768 1.0 1.0 1.0 80
-0.2527267961787174 1.0 -1.0 1.0 81
1.0 0.7001671880543531 1.0 0.0 82
0.3380730903888926 1.0 1.0 1.0 83
0.022171308561871828 1.0 1.0 1.0 84
0.0 0.7845803812495782 0.0 0.0 85
-0.21030987377883026 1.0 0.0 1.0 86
0.7683031040477751 1.0 0.0 1.0 87
1.0 1.0983300128553957 1.0 1.0 88
1.0 0.721264587457213 1.0 0.0 89
0.0 1.2276385845827793 0.0 1.0 90
0.0 0.6947200570762345 0.0 1.0 91
0.0 1.5737959897618452 0.0 1.0 92
1.0 1.5365666599482668 1.0 1.0 93
0.0 1.4592427645119521 0.0 1.0 94
-0.43669547025586747 1.0 0.0 1.0 95
1.0 0.5678439220498228 1.0 1.0 96
1.454433308080894 1.0 1.0 1.0 97
0.0 0.17023537686976659 0.0 1.0 98
0.0 1.6135473478669344 0.0 1.0 99
1.0 1.5822649095645074 1.0 1.0 100
0.0 1.7684270142578011 0.0 1.0 101
0.0 0.10557554624661127 0.0 1.0 102
0.0 1.8410007712674548 0.0 1.0 103
-0.8564021707668863 1.0 0.0 1.0 104
1.0 0.17340617044563753 1.0 1.0 105
1.0 1.8626734015125253 1.0 1.0 106
1.9070683047229915 1.0 1.0 1.0 107
0.0 2.0 0.0 1.0 108
*** t = 38
1.7122887761595962 1.0 2.0 1.0 16
1.0 1.4405568376546611 1.0 2.0 23
1.0 0.21085179618226513 1.0 0.0 26
1.0 0.3834249995047564 1.0 0.0 30
1.7622336832689347 1.0 2.0 1.0 31
0.0 1.8826939795329638 0.0 2.0 43
1.6706295512999132 1.0 2.0 1.0 45
0.0 0.005494436543249576 0.0 0.0 47
1.6667496819088559 1.0 2.0 1.0 48
0.9247586203847125 1.0 1.0 1.0 50
1.4759953884883181 1.0 2.0 1.0 52
0.0 0.49979034840474224 0.0 0.0 53
-0.459033527560574 1.0 -1.0 1.0 56
0.26033711702581375 1.0 0.0 1.0 57
1.0 0.6828163163201437 1.0 0.0 58
1.0 1.206085811082118 1.0 2.0 59
0.03393177980598035 1.0 0.0 1.0 60
0.0 1.2208915199404515 0.0 2.0 61
0.0 0.9170021728738876 0.0 1.0 62
0.4003430797685042 1.0 0.0 1.0 64
0.6172464214052394 1.0 1.0 1.0 65
1.0 1.0952296499545162 1.0 2.0 66
0.0 0.3977156603446886 0.0 0.0 67
0.8335584609475202 1.0 1.0 1.0 68
0.710624407391263 1.0 0.0 1.0 69
1.5188942352169712 1.0 2.0 1.0 70
0.0 1.2556853167127795 0.0 1.0 72
0.0 1.005478257300409 0.0 2.0 73
0.0 0.3687556365505106 0.0 0.0 74
1.0 0.4324223025815251 1.0 0.0 75
-0.31254087336646014 1.0 -1.0 1.0 76
0.0 1.3296417571799362 0.0 2.0 77
0.49752405378658 1.0 0.0 1.0 78
0.7560680158736142 1.0 0.0 1.0 79
0.7509443436564187 1.0 1.0 1.0 80
-0.3919186624207972 1.0 -1.0 1.0 81
1.0 0.5557413200603922 1.0 0.0 82
0.5053322266875042 1.0 1.0 1.0 83
0.16819578121356782 1.0 1.0 1.0 84
0.0 0.610949007142375 0.0 0.0 85
-0.09749699860437742 1.0 0.0 1.0 86
0.5923464046260287 1.0 0.0 1.0 87
0.9695200146918808 1.0 0.0 1.0 88
1.0 0.5385880999511006 1.0 0.0 89
0.0 1.0989116820132425 0.0 1.0 90
0.0 0.8336640684914814 0.0 1.0 91
0.0 1.4885551877142142 0.0 1.0 92
1.0 1.4438799919379202 1.0 1.0 93
0.0 1.3240534556399401 0.0 1.0 94
-0.2958693378198344 1.0 0.0 1.0 95
1.0 0.7098049025622786 1.0 1.0 96
1.3180416351011175 1.0 1.0 1.0 97
0.0 0.22698050249302212 0.0 1.0 98
0.0 1.4847297971559126 0.0 1.0 99
1.0 1.4430198794193432 1.0 1.0 100
0.0 1.6526405213867017 0.0 1.0 101
0.0 0.21115109249322253 0.0 1.0 102
0.0 1.6820015425349095 0.0 1.0 103
-0.7128043415337726 1.0 0.0 1.0 104
1.0 0.34681234089127505 1.0 1.0 105
1.0 1.7253468030250505 1.0 1.0 106
1.814136609445983 1.0 1.0 1.0 107
0.0 1.866323448179654 0.0 1.0 108
0.0 0.0 0.0 1.0 109
0.0 2.0 0.0 1.0 110
1.0 2.0 1.0 1.0 111
*** t = 39
1.7657978004145836 1.0 2.0 1.0 16
1.0 1.5247139699875805 1.0 2.0 23
1.0 0.11123936033163175 1.0 0.0 26
1.0 0.2827874994857085 1.0 0.0 30
1.8684734403177399 1.0 2.0 1.0 31
1.7920218036317275 1.0 2.0 1.0 45
1.8000871660042987 1.0 2.0 1.0 48
1.020996551403948 1.0 2.0 1.0 50
1.549795157912734 1.0 2.0 1.0 52
0.0 0.37477986582497935 0.0 0.0 53
-0.5400909457583837 1.0 -1.0 1.0 56
0.16368917908280334 1.0 0.0 1.0 57
1.0 0.5465113937507404 1.0 0.0 58
1.0 1.3358555646751837 1.0 2.0 59
0.0 1.0817192919701384 0.0 2.0 60
0.0 1.3515321975840076 0.0 2.0 61
0.0 0.9743148086785056 0.0 1.0 62
0.30036452225403576 1.0 0.0 1.0 64
0.7250628494989221 1.0 1.0 1.0 65
1.0 1.2448889106655532 1.0 2.0 66
0.0 0.2832667789407378 0.0 0.0 67
0.9645269224437716 1.0 1.0 1.0 68
0.6185261507763532 1.0 0.0 1.0 69
1.627386680589612 1.0 2.0 1.0 70
0.0 1.198430341075301 0.0 1.0 72
0.0 1.0892681120754433 0.0 2.0 73
0.0 0.2328186062630531 0.0 0.0 74
1.0 0.30179082779665223 1.0 0.0 75
-0.43186277094522924 1.0 -1.0 1.0 76
0.0 1.4505182805599304 0.0 2.0 77
0.36093533140354184 1.0 0.0 1.0 78
0.6429832900439427 1.0 0.0 1.0 79
0.9260387780220606 1.0 1.0 1.0 80
-0.531110528662877 1.0 -1.0 1.0 81
1.0 0.4113154520664314 1.0 0.0 82
0.6725913629861158 1.0 1.0 1.0 83
0.3142202538652638 1.0 1.0 1.0 84
0.0 0.4373176330351718 0.0 0.0 85
0.01531587657007541 1.0 1.0 1.0 86
0.4163897052042823 1.0 0.0 1.0 87
0.8407100165283659 1.0 0.0 1.0 88
1.0 0.3559116124449882 1.0 0.0 89
0.029815220556294236 1.0 1.0 1.0 90
0.0 0.9726080799067284 0.0 1.0 91
0.0 1.4033143856665833 0.0 1.0 92
1.0 1.3511933239275735 1.0 1.0 93
0.0 1.1888641467679282 0.0 1.0 94
-0.15504320538380129 1.0 0.0 1.0 95
1.0 0.8517658830747343 1.0 1.0 96
1.181649962121341 1.0 1.0 1.0 97
0.0 0.28372562811627766 0.0 1.0 98
0.0 1.3559122464448907 0.0 1.0 99
1.0 1.303774849274179 1.0 1.0 100
0.0 1.5368540285156023 0.0 1.0 101
0.0 0.3167266387398338 0.0 1.0 102
0.0 1.5230023138023643 0.0 1.0 103
-0.5692065123006589 1.0 0.0 1.0 104
1.0 0.5202185113369125 1.0 1.0 105
1.0 1.5880202045375758 1.0 1.0 106
1.7212049141689745 1.0 1.0 1.0 107
0.0 1.732646896359308 0.0 1.0 108
0.0 0.12089906274036633 0.0 1.0 109
0.0 1.878793025018124 0.0 1.0 110
1.0 1.9183010219843213 1.0 1.0 111
0.0 2.0 0.0 1.0 112
-1.0 1.0 0.0 1.0 113
1.0 0.0 1.0 1.0 114
2.0 1.0 1.0 1.0 115
*** t = 40
1.819306824669571 1.0 2.0 1.0 16
1.0 1.6088711023204998 1.0 2.0 23
1.0 0.011626924480998363 1.0 0.0 26
1.0 0.18214999946666066 1.0 0.0 30
1.974713197366545 1.0 2.0 1.0 31
1.9134140559635417 1.0 2.0 1.0 45
1.9334246500997416 1.0 2.0 1.0 48
1.1172344824231837 1.0 2.0 1.0 50
1.62359492733715 1.0 2.0 1.0 52
0.0 0.24976938324521644 0.0 0.0 53
-0.6211483639561933 1.0 -1.0 1.0 56
0.06704124113979293 1.0 0.0 1.0 57
1.0 0.4102064711813371 1.0 0.0 58
1.0 1.4656253182682495 1.0 2.0 59
0.0 1.1973703637462572 0.0 2.0 60
0.0 1.4821728752275636 0.0 2.0 61
0.031627444483123594 1.0 1.0 1.0 62
0.20038596473956732 1.0 0.0 1.0 64
0.8328792775926047 1.0 1.0 1.0 65
1.0 1.3945481713765902 1.0 2.0 66
0.0 0.16881789753678705 0.0 0.0 67
1.0 0.904504616059977 1.0 0.0 68
0.5264278941614434 1.0 0.0 1.0 69
1.7358791259622528 1.0 2.0 1.0 70
0.0 1.1411753654378225 0.0 1.0 72
0.0 1.1730579668504775 0.0 2.0 73
0.0 0.0968815759755956 0.0 0.0 74
1.0 0.17115935301177937 1.0 0.0 75
-0.5511846685239984 1.0 -1.0 1.0 76
0.0 1.5713948039399246 0.0 2.0 77
0.22434660902050368 1.0 0.0 1.0 78
0.5298985642142713 1.0 0.0 1.0 79
1.1011332123877025 1.0 2.0 1.0 80
-0.6703023949049568 1.0 -1.0 1.0 81
1.0 0.26688958407247054 1.0 0.0 82
0.8398504992847273 1.0 1.0 1.0 83
0.4602447265169598 1.0 1.0 1.0 84
0.0 0.2636862589279686 0.0 0.0 85
0.12812875174452826 1.0 1.0 1.0 86
0.2404330057825359 1.0 0.0 1.0 87
0.711900018364851 1.0 0.0 1.0 88
1.0 0.17323512493887583 1.0 0.0 89
0.158542123125831 1.0 1.0 1.0 90
0.11155209132197527 1.0 1.0 1.0 91
0.0 1.3180735836189523 0.0 1.0 92
1.0 1.2585066559172269 1.0 1.0 93
0.0 1.0536748378959162 0.0 1.0 94
-0.014217072947768195 1.0 0.0 1.0 95
1.0 0.9937268635871901 1.0 1.0 96
1.0452582891415645 1.0 1.0 1.0 97
0.0 0.34047075373953317 0.0 1.0 98
0.0 1.2270946957338689 0.0 1.0 99
1.0 1.1645298191290148 1.0 1.0 100
0.0 1.4210675356445028 0.0 1.0 101
0.0 0.42230218498644506 0.0 1.0 102
0.0 1.364003085069819 0.0 1.0 103
-0.4256086830675451 1.0 0.0 1.0 104
1.0 0.6936246817825501 1.0 1.0 105
1.0 1.450693606050101 1.0 1.0 106
1.628273218891966 1.0 1.0 1.0 107
0.0 1.598970344538962 0.0 1.0 108
0.0 0.24179812548073265 0.0 1.0 109
0.0 1.757586050036248 0.0 1.0 110
1.0 1.8366020439686426 1.0 1.0 111
0.0 1.8999600108084027 0.0 1.0 112
-0.814566331873894 1.0 0.0 1.0 113
1.0 0.1819566635599145 1.0 1.0 114
1.884381164659792 1.0 1.0 1.0 115
0.0 0.0 0.0 1.0 116
0.0 2.0 0.0 1.0 117
1.0 2.0 1.0 1.0 118
*** t = 41
1.8728158489245583 1.0 2.0 1.0 16
1.0 1.6930282346534191 1.0 2.0 23
1.0 0.08151249944761281 1.0 0.0 30
1.2134724134424193 1.0 2.0 1.0 50
1.6973946967615658 1.0 2.0 1.0 52
0.0 0.12475890066545353 0.0 0.0 53
-0.702205782154003 1.0 -1.0 1.0 56
-0.02960669680321748 1.0 -1.0 1.0 57
1.0 0.2739015486119337 1.0 0.0 58
1.0 1.5953950718613152 1.0 2.0 59
0.0 1.313021435522376 0.0 2.0 60
0.0 1.6128135528711196 0.0 2.0 61
0.08894008028774157 1.0 1.0 1.0 62
0.10040740722509887 1.0 0.0 1.0 64
0.9406957056862874 1.0 1.0 1.0 65
1.0 1.5442074320876271 1.0 2.0 66
0.0 0.05436901613283629 0.0 0.0 67
1.0 0.7735361545637256 1.0 0.0 68
0.43432963754653364 1.0 0.0 1.0 69
1.8443715713348936 1.0 2.0 1.0 70
0.0 1.083920389800344 0.0 1.0 72
0.0 1.2568478216255117 0.0 2.0 73
1.0 0.04052787822690651 1.0 0.0 75
-0.6705065661027675 1.0 -1.0 1.0 76
0.0 1.6922713273199188 0.0 2.0 77
0.08775788663746553 1.0 0.0 1.0 78
0.41681383838459984 1.0 0.0 1.0 79
1.2762276467533442 1.0 2.0 1.0 80
-0.8094942611470366 1.0 -1.0 1.0 81
1.0 0.12246371607850973 1.0 0.0 82
1.0 0.9928903644166611 1.0 0.0 83
0.6062691991686557 1.0 1.0 1.0 84
0.0 0.09005488482076543 0.0 0.0 85
0.24094162691898108 1.0 1.0 1.0 86
0.06447630636078949 1.0 0.0 1.0 87
0.583090020201336 1.0 0.0 1.0 88
0.2872690256953677 1.0 1.0 1.0 90
0.25049610273722217 1.0 1.0 1.0 91
0.0 1.2328327815713214 0.0 1.0 92
1.0 1.1658199879068802 1.0 1.0 93
0.08151447097609582 1.0 1.0 1.0 94
0.1266090594882649 1.0 1.0 1.0 95
0.8643121559003542 1.0 0.0 1.0 96
1.0 1.091133383838212 1.0 2.0 97
0.0 0.3972158793627887 0.0 1.0 98
0.0 1.098277145022847 0.0 1.0 99
1.0 1.0252847889838506 1.0 1.0 100
0.0 1.3052810427734034 0.0 1.0 101
0.0 0.5278777312330564 0.0 1.0 102
0.0 1.2050038563372738 0.0 1.0 103
-0.28201085383443136 1.0 0.0 1.0 104
1.0 0.8670308522281877 1.0 1.0 105
1.0 1.3133670075626263 1.0 1.0 106
1.5353415236149575 1.0 1.0 1.0 107
0.0 1.465293792718616 0.0 1.0 108
0.0 0.362697188221099 0.0 1.0 109
0.0 1.6363790750543719 0.0 1.0 110
1.0 1.7549030659529639 1.0 1.0 111
0.0 1.7999200216168054 0.0 1.0 112
-0.6291326637477881 1.0 0.0 1.0 113
1.0 0.363913327119829 1.0 1.0 114
1.7687623293195842 1.0 1.0 1.0 115
0.0 0.14833794691232874 0.0 1.0 116
0.0 1.828328876139214 0.0 1.0 117
1.0 1.900604854553549 1.0 1.0 118
0.0 2.0 0.0 1.0 119
*** t = 42
1.9263248731795457 1.0 2.0 1.0 16
1.0 1.7771853669863384 1.0 2.0 23
1.309710344461655 1.0 2.0 1.0 50
1.7711944661859818 1.0 2.0 1.0 52
-0.7832632003518126 1.0 -1.0 1.0 56
-0.1262546347462279 1.0 -1.0 1.0 57
1.0 0.13759662604253037 1.0 0.0 58
1.0 1.725164825454381 1.0 2.0 59
0.0 1.4286725072984947 0.0 2.0 60
0.0 1.7434542305146756 0.0 2.0 61
0.14625271609235954 1.0 1.0 1.0 62
4.2884971063042454E-4 1.0 0.0 1.0 64
1.0485121337799699 1.0 2.0 1.0 65
1.0 1.693866692798664 1.0 2.0 66
1.0 0.6425676930674742 1.0 0.0 68
0.34223138093162386 1.0 0.0 1.0 69
1.9528640167075344 1.0 2.0 1.0 70
0.0 1.0266654141628655 0.0 1.0 72
0.0 1.3406376764005459 0.0 2.0 73
-0.7898284636815366 1.0 -1.0 1.0 76
0.0 1.813147850699913 0.0 2.0 77
0.0 0.9511691642544273 0.0 0.0 78
0.3037291125549284 1.0 0.0 1.0 79
1.451322081118986 1.0 2.0 1.0 80
-0.9486861273891164 1.0 -1.0 1.0 81
1.0 0.8256312281180496 1.0 0.0 83
0.7522936718203517 1.0 1.0 1.0 84
0.3537545020934339 1.0 1.0 1.0 86
-0.11148039306095692 1.0 -1.0 1.0 87
0.45428002203782114 1.0 0.0 1.0 88
0.4159959282649045 1.0 1.0 1.0 90
0.38944011415246904 1.0 1.0 1.0 91
0.0 1.1475919795236904 0.0 1.0 92
1.0 1.0731333198965336 1.0 1.0 93
0.21670377984810785 1.0 1.0 1.0 94
0.267435191924298 1.0 1.0 1.0 95
0.7223511753878984 1.0 0.0 1.0 96
1.0 1.2275250568179885 1.0 2.0 97
0.0 0.4539610049860442 0.0 1.0 98
0.030540405688174954 1.0 1.0 1.0 99
1.1139602411613136 1.0 2.0 1.0 100
0.0 1.189494549902304 0.0 1.0 101
0.0 0.6334532774796676 0.0 1.0 102
0.0 1.0460046276047286 0.0 1.0 103
-0.1384130246013176 1.0 0.0 1.0 104
0.9595629773261748 1.0 0.0 1.0 105
1.0 1.1760404090751515 1.0 1.0 106
1.442409828337949 1.0 1.0 1.0 107
0.0 1.33161724089827 0.0 1.0 108
0.0 0.4835962509614653 0.0 1.0 109
0.0 1.5151721000724958 0.0 1.0 110
1.0 1.6732040879372851 1.0 1.0 111
0.0 1.6998800324252081 0.0 1.0 112
-0.44369899562168214 1.0 0.0 1.0 113
1.0 0.5458699906797435 1.0 1.0 114
1.6531434939793763 1.0 1.0 1.0 115
0.0 0.2966758938246575 0.0 1.0 116
0.0 1.656657752278428 0.0 1.0 117
1.0 1.801209709107098 1.0 1.0 118
0.0 1.855332434641954 0.0 1.0 119
0.0 0.0 0.0 1.0 120
0.0 2.0 0.0 1.0 121
-1.0 1.0 0.0 1.0 122
1.0 0.0 1.0 1.0 123
1.0 2.0 1.0 1.0 124
2.0 1.0 1.0 1.0 125
*** t = 43
1.979833897434533 1.0 2.0 1.0 16
1.0 1.8613424993192578 1.0 2.0 23
1.4059482754808905 1.0 2.0 1.0 50
1.8449942356103977 1.0 2.0 1.0 52
-0.8643206185496223 1.0 -1.0 1.0 56
-0.2229025726892383 1.0 -1.0 1.0 57
1.0 0.001291703473127015 1.0 0.0 58
1.0 1.8549345790474467 1.0 2.0 59
0.0 1.5443235790746135 0.0 2.0 60
0.0 1.8740949081582317 0.0 2.0 61
0.20356535189697753 1.0 1.0 1.0 62
0.0 0.900450292196162 0.0 0.0 64
1.1563285618736525 1.0 2.0 1.0 65
1.0 1.843525953509701 1.0 2.0 66
1.0 0.5115992315712228 1.0 0.0 68
0.2501331243167141 1.0 0.0 1.0 69
-0.030589561474612913 1.0 -1.0 1.0 72
0.0 1.42442753117558 0.0 2.0 73
-0.9091503612603057 1.0 -1.0 1.0 76
0.0 1.9340243740799072 0.0 2.0 77
0.0 0.8145804418713891 0.0 0.0 78
0.19064438672525696 1.0 0.0 1.0 79
1.6264165154846277 1.0 2.0 1.0 80
1.0 0.658372091819438 1.0 0.0 83
0.8983181444720476 1.0 1.0 1.0 84
0.4665673772678867 1.0 1.0 1.0 86
-0.2874370924827033 1.0 -1.0 1.0 87
0.32547002387430624 1.0 0.0 1.0 88
0.5447228308344413 1.0 1.0 1.0 90
0.528384125567716 1.0 1.0 1.0 91
0.0 1.0623511774760594 0.0 1.0 92
0.9804466518861871 1.0 0.0 1.0 93
0.3518930887201199 1.0 1.0 1.0 94
0.4082613243603311 1.0 1.0 1.0 95
0.5803901948754426 1.0 0.0 1.0 96
1.0 1.363916729797765 1.0 2.0 97
0.0 0.5107061306092997 0.0 1.0 98
0.15935795639919692 1.0 1.0 1.0 99
1.2532052713064779 1.0 2.0 1.0 100
0.0 1.0737080570312045 0.0 1.0 101
0.0 0.7390288237262789 0.0 1.0 102
0.11299460112781662 1.0 1.0 1.0 103
0.005184804631796158 1.0 1.0 1.0 104
0.7861568068805372 1.0 0.0 1.0 105
1.0 1.0387138105876768 1.0 1.0 106
1.3494781330609404 1.0 1.0 1.0 107
0.0 1.197940689077924 0.0 1.0 108
0.0 0.6044953137018316 0.0 1.0 109
0.0 1.3939651250906198 0.0 1.0 110
1.0 1.5915051099216064 1.0 1.0 111
0.0 1.5998400432336108 0.0 1.0 112
-0.2582653274955762 1.0 0.0 1.0 113
1.0 0.727826654239658 1.0 1.0 114
1.5375246586391684 1.0 1.0 1.0 115
0.0 0.44501384073698624 0.0 1.0 116
0.0 1.484986628417642 0.0 1.0 117
1.0 1.701814563660647 1.0 1.0 118
0.0 1.710664869283908 0.0 1.0 119
0.0 0.16281361262399432 0.0 1.0 120
0.0 1.8944434801836747 0.0 1.0 121
-0.8869057608893732 1.0 0.0 1.0 122
1.0 0.1501454592173268 1.0 1.0 123
1.0 1.8930877260606325 1.0 1.0 124
1.9052116202981162 1.0 1.0 1.0 125
0.0 2.0 0.0 1.0 126
*** t = 44
0.0 2.0 0.0 1.0 128
1.0 2.0 1.0 1.0 129
1.0 1.945499631652177 1.0 2.0 23
1.5021862065001261 1.0 2.0 1.0 50
1.9187940050348136 1.0 2.0 1.0 52
-0.9453780367474319 1.0 -1.0 1.0 56
-0.3195505106322487 1.0 -1.0 1.0 57
1.0 1.9847043326405125 1.0 2.0 59
0.0 1.6599746508507323 0.0 2.0 60
0.2608779877015955 1.0 1.0 1.0 62
0.0 0.8004717346816935 0.0 0.0 64
1.2641449899673352 1.0 2.0 1.0 65
1.0 1.993185214220738 1.0 2.0 66
1.0 0.3806307700749713 1.0 0.0 68
0.1580348677018043 1.0 0.0 1.0 69
-0.08784453711209132 1.0 -1.0 1.0 72
0.0 1.5082173859506143 0.0 2.0 73
0.0 0.6779917194883509 0.0 0.0 78
0.07755966089558551 1.0 0.0 1.0 79
1.8015109498502695 1.0 2.0 1.0 80
1.0 0.4911129555208264 1.0 0.0 83
1.0 0.9556573828762565 1.0 0.0 84
0.5793802524423396 1.0 1.0 1.0 86
-0.46339379190444974 1.0 -1.0 1.0 87
0.1966600257107913 1.0 0.0 1.0 88
0.6734497334039781 1.0 1.0 1.0 90
0.6673281369829629 1.0 1.0 1.0 91
-0.02288962457157155 1.0 -1.0 1.0 92
0.8877599838758405 1.0 0.0 1.0 93
0.4870823975921319 1.0 1.0 1.0 94
0.5490874567963642 1.0 1.0 1.0 95
0.43842921436298693 1.0 0.0 1.0 96
1.0 1.5003084027775415 1.0 2.0 97
0.0 0.5674512562325552 0.0 1.0 98
0.2881755071102189 1.0 1.0 1.0 99
1.392450301451642 1.0 2.0 1.0 100
0.0 0.9579215641601051 0.0 0.0 101
0.0 0.8446043699728901 0.0 1.0 102
0.2719938298603618 1.0 1.0 1.0 103
0.14878263386490992 1.0 1.0 1.0 104
0.6127506364348997 1.0 0.0 1.0 105
1.0 0.901387212100202 1.0 0.0 106
1.256546437783932 1.0 1.0 1.0 107
0.0 1.064264137257578 0.0 1.0 108
0.0 0.725394376442198 0.0 1.0 109
0.0 1.2727581501087437 0.0 1.0 110
1.0 1.5098061319059277 1.0 1.0 111
0.0 1.4998000540420136 0.0 1.0 112
-0.07283165936947025 1.0 0.0 1.0 113
1.0 0.9097833177995724 1.0 1.0 114
1.4219058232989605 1.0 1.0 1.0 115
0.0 0.593351787649315 0.0 1.0 116
0.0 1.313315504556856 0.0 1.0 117
1.0 1.602419418214196 1.0 1.0 118
0.0 1.565997303925862 0.0 1.0 119
0.0 0.32562722524798865 0.0 1.0 120
0.0 1.7888869603673494 0.0 1.0 121
-0.7738115217787465 1.0 0.0 1.0 122
1.0 0.3002909184346536 1.0 1.0 123
1.0 1.786175452121265 1.0 1.0 124
1.8104232405962324 1.0 1.0 1.0 125
0.0 1.9330522543077526 0.0 1.0 126
0.0 0.0 0.0 1.0 127
*** t = 45
0.0 1.9023358008557387 0.0 1.0 128
1.0 1.8664042802773888 1.0 1.0 129
0.0 2.0 0.0 1.0 130
-1.0 1.0 0.0 1.0 131
1.0 0.0 1.0 1.0 132
2.0 1.0 1.0 1.0 133
1.5984241375193617 1.0 2.0 1.0 50
1.9925937744592295 1.0 2.0 1.0 52
-0.4161984485752591 1.0 -1.0 1.0 57
0.0 1.775625722626851 0.0 2.0 60
0.31819062350621347 1.0 1.0 1.0 62
0.0 0.700493177167225 0.0 0.0 64
1.3719614180610178 1.0 2.0 1.0 65
1.0 0.24966230857871985 1.0 0.0 68
0.06593661108689451 1.0 0.0 1.0 69
-0.14509951274956973 1.0 -1.0 1.0 72
0.0 1.5920072407256485 0.0 2.0 73
0.0 0.5414029971053127 0.0 0.0 78
0.0 1.035525064934086 0.0 2.0 79
1.9766053842159113 1.0 2.0 1.0 80
1.0 0.3238538192222148 1.0 0.0 83
1.0 0.8096329102245605 1.0 0.0 84
0.6921931276167924 1.0 1.0 1.0 86
-0.6393504913261961 1.0 -1.0 1.0 87
0.06785002754727637 1.0 0.0 1.0 88
0.8021766359735149 1.0 1.0 1.0 90
0.8062721483982098 1.0 1.0 1.0 91
-0.10813042661920255 1.0 -1.0 1.0 92
0.795073315865494 1.0 0.0 1.0 93
0.6222717064641439 1.0 1.0 1.0 94
0.6899135892323973 1.0 1.0 1.0 95
0.2964682338505312 1.0 0.0 1.0 96
1.0 1.636700075757318 1.0 2.0 97
0.0 0.6241963818558107 0.0 1.0 98
0.41699305782124085 1.0 1.0 1.0 99
1.5316953315968063 1.0 2.0 1.0 100
0.0 0.8421350712890057 0.0 0.0 101
0.0 0.9501799162195014 0.0 1.0 102
0.430993058592907 1.0 1.0 1.0 103
0.2923804630980237 1.0 1.0 1.0 104
0.43934446598926213 1.0 0.0 1.0 105
1.0 0.7640606136127273 1.0 0.0 106
1.1636147425069234 1.0 1.0 1.0 107
-0.0694124145627679 1.0 -1.0 1.0 108
0.0 0.8462934391825643 0.0 1.0 109
0.0 1.1515511751268677 0.0 1.0 110
1.0 1.428107153890249 1.0 1.0 111
0.0 1.3997600648504163 0.0 1.0 112
0.11260200875663567 1.0 1.0 1.0 113
1.091739981359487 1.0 2.0 1.0 114
1.3062869879587526 1.0 1.0 1.0 115
0.0 0.7416897345616437 0.0 1.0 116
0.0 1.14164438069607 0.0 1.0 117
1.0 1.503024272767745 1.0 1.0 118
0.0 1.4213297385678159 0.0 1.0 119
0.0 0.488440837871983 0.0 1.0 120
0.0 1.683330440551024 0.0 1.0 121
-0.6607172826681197 1.0 0.0 1.0 122
1.0 0.4504363776519804 1.0 1.0 123
1.0 1.6792631781818974 1.0 1.0 124
1.7156348608943486 1.0 1.0 1.0 125
0.0 1.8661045086155053 0.0 1.0 126
0.0 0.13973821361837635 0.0 1.0 127
*** t = 46
0.0 1.8046716017114774 0.0 1.0 128
1.0 1.7328085605547776 1.0 1.0 129
0.0 1.8372292335162241 0.0 1.0 130
-0.878209004289065 1.0 0.0 1.0 131
1.0 0.15440400913406965 1.0 1.0 132
1.8155892550255606 1.0 1.0 1.0 133
0.0 0.0 0.0 1.0 134
0.0 2.0 0.0 1.0 135
1.0 2.0 1.0 1.0 136
1.6946620685385974 1.0 2.0 1.0 50
-0.5128463865182695 1.0 -1.0 1.0 57
0.0 1.8912767944029698 0.0 2.0 60
0.37550325931083145 1.0 1.0 1.0 62
0.0 0.6005146196527565 0.0 0.0 64
1.4797778461547004 1.0 2.0 1.0 65
1.0 0.11869384708246838 1.0 0.0 68
0.0 1.0261616455280154 0.0 2.0 69
-0.20235448838704814 1.0 -1.0 1.0 72
0.0 1.6757970955006827 0.0 2.0 73
0.0 0.40481427472227455 0.0 0.0 78
0.0 1.1486097907637574 0.0 2.0 79
1.0 0.15659468292360318 1.0 0.0 83
1.0 0.6636084375728646 1.0 0.0 84
0.8050060027912452 1.0 1.0 1.0 86
-0.8153071907479426 1.0 -1.0 1.0 87
0.0 1.0609599706162385 0.0 2.0 88
0.9309035385430516 1.0 1.0 1.0 90
0.9452161598134567 1.0 1.0 1.0 91
-0.19337122866683354 1.0 -1.0 1.0 92
0.7023866478551475 1.0 0.0 1.0 93
0.7574610153361558 1.0 1.0 1.0 94
0.8307397216684305 1.0 1.0 1.0 95
0.15450725333807552 1.0 0.0 1.0 96
1.0 1.7730917487370945 1.0 2.0 97
0.0 0.6809415074790662 0.0 1.0 98
0.5458106085322628 1.0 1.0 1.0 99
1.6709403617419705 1.0 2.0 1.0 100
0.0 0.7263485784179062 0.0 0.0 101
0.05575546246611264 1.0 1.0 1.0 102
0.5899922873254522 1.0 1.0 1.0 103
0.43597829233113744 1.0 1.0 1.0 104
0.2659382955436246 1.0 0.0 1.0 105
1.0 0.6267340151252525 1.0 0.0 106
1.070683047229915 1.0 1.0 1.0 107
-0.20308896638311386 1.0 -1.0 1.0 108
0.0 0.9671925019229306 0.0 1.0 109
0.0 1.0303442001449916 0.0 1.0 110
1.0 1.3464081758745703 1.0 1.0 111
0.0 1.299720075658819 0.0 1.0 112
0.2980356768827416 1.0 1.0 1.0 113
1.2736966449194016 1.0 2.0 1.0 114
1.1906681526185448 1.0 1.0 1.0 115
0.0 0.8900276814739724 0.0 1.0 116
0.0 0.9699732568352841 0.0 0.0 117
1.0 1.403629127321294 1.0 1.0 118
0.0 1.2766621732097698 0.0 1.0 119
0.0 0.6512544504959773 0.0 1.0 120
0.0 1.5777739207346988 0.0 1.0 121
-0.5476230435574929 1.0 0.0 1.0 122
1.0 0.6005818368693072 1.0 1.0 123
1.0 1.5723509042425299 1.0 1.0 124
1.6208464811924648 1.0 1.0 1.0 125
0.0 1.7991567629232579 0.0 1.0 126
0.0 0.2794764272367527 0.0 1.0 127
*** t = 47
0.0 1.7070074025672162 0.0 1.0 128
1.0 1.5992128408321664 1.0 1.0 129
0.0 1.6744584670324483 0.0 1.0 130
-0.75641800857813 1.0 0.0 1.0 131
1.0 0.3088080182681393 1.0 1.0 132
1.6311785100511211 1.0 1.0 1.0 133
0.0 0.11454222131644295 0.0 1.0 134
0.0 1.9020626334075952 0.0 1.0 135
1.0 1.8793226596314976 1.0 1.0 136
0.0 2.0 0.0 1.0 137
1.790899999557833 1.0 2.0 1.0 50
-0.6094943244612799 1.0 -1.0 1.0 57
0.43281589511544943 1.0 1.0 1.0 62
0.0 0.500536062138288 0.0 0.0 64
1.587594274248383 1.0 2.0 1.0 65
0.0 1.1182599021429251 0.0 2.0 69
-0.25960946402452656 1.0 -1.0 1.0 72
0.0 1.7595869502757169 0.0 2.0 73
0.0 0.2682255523392364 0.0 0.0 78
0.0 1.2616945165934288 0.0 2.0 79
1.0 0.5175839649211686 1.0 0.0 84
0.917818877965698 1.0 1.0 1.0 86
-0.991263890169689 1.0 -1.0 1.0 87
0.0 1.1897699687797534 0.0 2.0 88
1.0 0.9403695588874116 1.0 0.0 90
1.0 1.0841601712287037 1.0 2.0 91
-0.27861203071446455 1.0 -1.0 1.0 92
0.609699979844801 1.0 0.0 1.0 93
0.8926503242081678 1.0 1.0 1.0 94
0.9715658541044636 1.0 1.0 1.0 95
0.01254627282561982 1.0 0.0 1.0 96
1.0 1.909483421716871 1.0 2.0 97
0.0 0.7376866331023217 0.0 1.0 98
0.6746281592432848 1.0 1.0 1.0 99
1.8101853918871347 1.0 2.0 1.0 100
0.0 0.6105620855468068 0.0 0.0 101
0.1613310087127239 1.0 1.0 1.0 102
0.7489915160579974 1.0 1.0 1.0 103
0.5795761215642512 1.0 1.0 1.0 104
0.09253212509798706 1.0 0.0 1.0 105
1.0 0.48940741663777776 1.0 0.0 106
1.0 1.0222486480470936 1.0 2.0 107
-0.3367655182034598 1.0 -1.0 1.0 108
-0.08809156466329693 1.0 -1.0 1.0 109
0.0 0.9091372251631156 0.0 0.0 110
1.0 1.2647091978588916 1.0 1.0 111
0.0 1.1996800864672217 0.0 1.0 112
0.48346934500884753 1.0 1.0 1.0 113
1.4556533084793162 1.0 2.0 1.0 114
1.0750493172783369 1.0 1.0 1.0 115
0.038365628386301115 1.0 1.0 1.0 116
0.0 0.7983021329744981 0.0 0.0 117
1.0 1.304233981874843 1.0 1.0 118
0.0 1.1319946078517238 0.0 1.0 119
0.0 0.8140680631199716 0.0 1.0 120
0.0 1.4722174009183735 0.0 1.0 121
-0.43452880444686615 1.0 0.0 1.0 122
1.0 0.750727296086634 1.0 1.0 123
1.0 1.4654386303031623 1.0 1.0 124
1.526058101490581 1.0 1.0 1.0 125
0.0 1.7322090172310105 0.0 1.0 126
0.0 0.41921464085512905 0.0 1.0 127
*** t = 48
0.0 1.609343203422955 0.0 1.0 128
1.0 1.4656171211095552 1.0 1.0 129
0.0 1.5116877005486724 0.0 1.0 130
-0.634627012867195 1.0 0.0 1.0 131
1.0 0.46321202740220896 1.0 1.0 132
1.4467677650766817 1.0 1.0 1.0 133
0.0 0.2290844426328859 0.0 1.0 134
0.0 1.8041252668151904 0.0 1.0 135
1.0 1.7586453192629952 1.0 1.0 136
0.0 1.8904484268601782 0.0 1.0 137
0.0 0.0 0.0 1.0 138
0.0 2.0 0.0 1.0 139
-1.0 1.0 0.0 1.0 140
1.0 0.0 1.0 1.0 141
1.0 2.0 1.0 1.0 142
2.0 1.0 1.0 1.0 143
1.8871379305770686 1.0 2.0 1.0 50
-0.7061422624042903 1.0 -1.0 1.0 57
0.4901285309200674 1.0 1.0 1.0 62
0.0 0.4005575046238196 0.0 0.0 64
1.6954107023420657 1.0 2.0 1.0 65
0.0 1.210358158757835 0.0 2.0 69
-0.31686443966200495 1.0 -1.0 1.0 72
0.0 1.843376805050751 0.0 2.0 73
0.0 0.13163682995619824 0.0 0.0 78
0.0 1.3747792424231002 0.0 2.0 79
1.0 0.37155949226947266 1.0 0.0 84
1.0 1.030631753140151 1.0 2.0 86
0.0 1.3185799669432683 0.0 2.0 88
1.0 0.8116426563178748 1.0 0.0 90
1.0 1.2231041826439506 1.0 2.0 91
-0.36385283276209557 1.0 -1.0 1.0 92
0.5170133118344544 1.0 0.0 1.0 93
1.0 0.9721603669198202 1.0 0.0 94
1.0 0.8876080134595032 1.0 0.0 95
-0.12941470768683588 1.0 -1.0 1.0 96
0.0 0.7944317587255773 0.0 1.0 98
0.8034457099543068 1.0 1.0 1.0 99
1.9494304220322989 1.0 2.0 1.0 100
0.0 0.49477559267570737 0.0 0.0 101
0.2669065549593352 1.0 1.0 1.0 102
0.9079907447905426 1.0 1.0 1.0 103
0.7231739507973649 1.0 1.0 1.0 104
0.0 1.0808740453476504 0.0 2.0 105
1.0 0.352080818150303 1.0 0.0 106
1.0 1.115180343324102 1.0 2.0 107
-0.4704420700238058 1.0 -1.0 1.0 108
-0.20899062740366325 1.0 -1.0 1.0 109
0.0 0.7879302501812395 0.0 0.0 110
1.0 1.1830102198432129 1.0 1.0 111
0.0 1.0996400972756244 0.0 1.0 112
0.6689030131349535 1.0 1.0 1.0 113
1.6376099720392308 1.0 2.0 1.0 114
1.0 1.040569518061871 1.0 2.0 115
0.18670357529862985 1.0 1.0 1.0 116
0.0 0.6266310091137122 0.0 0.0 117
1.0 1.204838836428392 1.0 1.0 118
-0.012672957506322191 1.0 -1.0 1.0 119
0.0 0.9768816757439659 0.0 1.0 120
0.0 1.3666608811020482 0.0 1.0 121
-0.3214345653362394 1.0 0.0 1.0 122
1.0 0.9008727553039608 1.0 1.0 123
1.0 1.3585263563637948 1.0 1.0 124
1.4312697217886972 1.0 1.0 1.0 125
0.0 1.6652612715387631 0.0 1.0 126
0.0 0.5589528544735054 0.0 1.0 127
*** t = 49
0.0 1.5116790042786936 0.0 1.0 128
1.0 1.332021401386944 1.0 1.0 129
0.0 1.3489169340648965 0.0 1.0 130
-0.51283601715626 1.0 0.0 1.0 131
1.0 0.6176160365362786 1.0 1.0 132
1.2623570201022423 1.0 1.0 1.0 133
0.0 0.34362666394932884 0.0 1.0 134
0.0 1.7061879002227855 0.0 1.0 135
1.0 1.6379679788944927 1.0 1.0 136
0.0 1.7808968537203564 0.0 1.0 137
0.0 0.08748055470369623 0.0 1.0 138
0.0 1.8662755985537478 0.0 1.0 139
-0.8557021939123095 1.0 0.0 1.0 140
1.0 0.10877415437885031 1.0 1.0 141
1.0 1.908093133893154 1.0 1.0 142
1.8708907106184605 1.0 1.0 1.0 143
0.0 2.0 0.0 1.0 144
1.9833758615963042 1.0 2.0 1.0 50
-0.8027902003473008 1.0 -1.0 1.0 57
0.5474411667246853 1.0 1.0 1.0 62
0.0 0.3005789471093512 0.0 0.0 64
1.8032271304357483 1.0 2.0 1.0 65
0.0 1.3024564153727447 0.0 2.0 69
-0.37411941529948334 1.0 -1.0 1.0 72
0.0 1.9271666598257853 0.0 2.0 73
0.0 1.4878639682527717 0.0 2.0 79
1.0 0.22553501961777667 1.0 0.0 84
1.0 1.1434446283146038 1.0 2.0 86
0.0 1.4473899651067832 0.0 2.0 88
1.0 0.682915753748338 1.0 0.0 90
1.0 1.3620481940591975 1.0 2.0 91
-0.4490936348097266 1.0 -1.0 1.0 92
0.42432664382410784 1.0 0.0 1.0 93
1.0 0.8369710580478082 1.0 0.0 94
1.0 0.7467818810234701 1.0 0.0 95
-0.2713756881992916 1.0 -1.0 1.0 96
0.0 0.8511768843488328 0.0 1.0 98
0.9322632606653287 1.0 1.0 1.0 99
0.0 0.37898909980460793 0.0 0.0 101
0.37248210120594644 1.0 1.0 1.0 102
1.0 1.0669899735230879 1.0 2.0 103
0.8667717800304786 1.0 1.0 1.0 104
0.0 1.254280215793288 0.0 2.0 105
1.0 0.2147542196628283 1.0 0.0 106
1.0 1.2081120386011106 1.0 2.0 107
-0.6041186218441518 1.0 -1.0 1.0 108
-0.3298896901440296 1.0 -1.0 1.0 109
0.0 0.6667232751993635 0.0 0.0 110
1.0 1.1013112418275341 1.0 1.0 111
3.9989191597293583E-4 1.0 1.0 1.0 112
0.8543366812610594 1.0 1.0 1.0 113
1.8195666355991453 1.0 2.0 1.0 114
1.0 1.156188353402079 1.0 2.0 115
0.3350415222109586 1.0 1.0 1.0 116
0.0 0.4549598852529262 0.0 0.0 117
1.0 1.105443690981941 1.0 1.0 118
-0.15734052286436817 1.0 -1.0 1.0 119
0.13969528836796022 1.0 1.0 1.0 120
0.0 1.261104361285723 0.0 1.0 121
-0.2083403262256126 1.0 0.0 1.0 122
1.0510182145212876 1.0 2.0 1.0 123
1.0 1.2516140824244273 1.0 1.0 124
1.3364813420868134 1.0 1.0 1.0 125
0.0 1.5983135258465158 0.0 1.0 126
0.0 0.6986910680918818 0.0 1.0 127
*** t = 50
0.0 1.4140148051344323 0.0 1.0 128
1.0 1.1984256816643328 1.0 1.0 129
0.0 1.1861461675811207 0.0 1.0 130
-0.39104502144532505 1.0 0.0 1.0 131
1.0 0.7720200456703483 1.0 1.0 132
1.0779462751278028 1.0 1.0 1.0 133
0.0 0.4581688852657718 0.0 1.0 134
0.0 1.6082505336303807 0.0 1.0 135
1.0 1.5172906385259903 1.0 1.0 136
0.0 1.6713452805805347 0.0 1.0 137
0.0 0.17496110940739246 0.0 1.0 138
0.0 1.7325511971074956 0.0 1.0 139
-0.711404387824619 1.0 0.0 1.0 140
1.0 0.21754830875770062 1.0 1.0 141
1.0 1.8161862677863079 1.0 1.0 142
1.741781421236921 1.0 1.0 1.0 143
0.0 1.8973934563224129 0.0 1.0 144
0.0 0.0 0.0 1.0 145
0.0 2.0 0.0 1.0 146
1.0 2.0 1.0 1.0 147
-0.8994381382903112 1.0 -1.0 1.0 57
0.6047538025293033 1.0 1.0 1.0 62
0.0 0.20060038959488274 0.0 0.0 64
1.911043558529431 1.0 2.0 1.0 65
0.0 1.3945546719876545 0.0 2.0 69
-0.4313743909369617 1.0 -1.0 1.0 72
0.0 1.6009486940824431 0.0 2.0 79
1.0 0.07951054696608068 1.0 0.0 84
1.0 1.2562575034890566 1.0 2.0 86
0.0 1.576199963270298 0.0 2.0 88
1.0 0.5541888511788012 1.0 0.0 90
1.0 1.5009922054744445 1.0 2.0 91
-0.5343344368573576 1.0 -1.0 1.0 92
0.33163997581376126 1.0 0.0 1.0 93
1.0 0.7017817491757963 1.0 0.0 94
1.0 0.605955748587437 1.0 0.0 95
-0.4133366687117473 1.0 -1.0 1.0 96
0.0 0.9079220099720883 0.0 1.0 98
1.0610808113763506 1.0 2.0 1.0 99
0.0 0.2632026069335085 0.0 0.0 101
0.4780576474525577 1.0 1.0 1.0 102
1.0 1.2259892022556331 1.0 2.0 103
1.0103696092635923 1.0 2.0 1.0 104
0.0 1.4276863862389255 0.0 2.0 105
1.0 0.07742762117535357 1.0 0.0 106
1.0 1.3010437338781191 1.0 2.0 107
-0.7377951736644978 1.0 -1.0 1.0 108
-0.4507887528843959 1.0 -1.0 1.0 109
0.0 0.5455163002174874 0.0 0.0 110
1.0 1.0196122638118554 1.0 1.0 111
0.10043988110757027 1.0 1.0 1.0 112
1.0 1.0397703493871653 1.0 2.0 113
1.0 1.2718071887422868 1.0 2.0 115
0.48337946912328733 1.0 1.0 1.0 116
0.0 0.2832887613921402 0.0 0.0 117
1.0 1.00604854553549 1.0 1.0 118
-0.30200808822241415 1.0 -1.0 1.0 119
0.30250890099195454 1.0 1.0 1.0 120
0.0 1.1555478414693976 0.0 1.0 121
-0.09524608711498582 1.0 0.0 1.0 122
1.2011636737386144 1.0 2.0 1.0 123
1.0 1.1447018084850598 1.0 1.0 124
1.2416929623849295 1.0 1.0 1.0 125
0.0 1.5313657801542684 0.0 1.0 126
0.0 0.8384292817102581 0.0 1.0 127
*** t = 51
0.0 1.316350605990171 0.0 1.0 128
1.0 1.0648299619417216 1.0 1.0 129
0.0 1.0233754010973448 0.0 1.0 130
-0.26925402573439006 1.0 0.0 1.0 131
1.0 0.926424054804418 1.0 1.0 132
1.0 0.8935355301533634 1.0 0.0 133
0.0 0.5727111065822148 0.0 1.0 134
0.0 1.510313167037976 0.0 1.0 135
1.0 1.396613298157488 1.0 1.0 136
0.0 1.5617937074407129 0.0 1.0 137
0.0 0.2624416641110887 0.0 1.0 138
0.0 1.5988267956612434 0.0 1.0 139
-0.5671065817369285 1.0 0.0 1.0 140
1.0 0.32632246313655094 1.0 1.0 141
1.0 1.7242794016794618 1.0 1.0 142
1.6126721318553814 1.0 1.0 1.0 143
0.0 1.7947869126448257 0.0 1.0 144
0.0 0.10947719785783519 0.0 1.0 145
0.0 1.866261505074192 0.0 1.0 146
1.0 1.869297559613905 1.0 1.0 147
0.0 2.0 0.0 1.0 148
-1.0 1.0 0.0 1.0 149
1.0 0.0 1.0 1.0 150
2.0 1.0 1.0 1.0 151
-0.9960860762333216 1.0 -1.0 1.0 57
0.6620664383339213 1.0 1.0 1.0 62
0.0 0.1006218320804143 0.0 0.0 64
0.0 1.4866529286025643 0.0 2.0 69
-0.4886293665744401 1.0 -1.0 1.0 72
0.0 1.7140334199121146 0.0 2.0 79
1.0 1.3690703786635094 1.0 2.0 86
0.0 1.705009961433813 0.0 2.0 88
1.0 0.42546194860926445 1.0 0.0 90
1.0 1.6399362168896914 1.0 2.0 91
-0.6195752389049886 1.0 -1.0 1.0 92
0.23895330780341467 1.0 0.0 1.0 93
1.0 0.5665924403037843 1.0 0.0 94
1.0 0.46512961615140386 1.0 0.0 95
-0.555297649224203 1.0 -1.0 1.0 96
0.0 0.9646671355953438 0.0 1.0 98
1.1898983620873724 1.0 2.0 1.0 99
0.0 0.14741611406240906 0.0 0.0 101
0.583633193699169 1.0 1.0 1.0 102
1.0 1.3849884309881784 1.0 2.0 103
1.153967438496706 1.0 2.0 1.0 104
0.0 1.601092556684563 0.0 2.0 105
1.0 1.3939754291551276 1.0 2.0 107
-0.8714717254848438 1.0 -1.0 1.0 108
-0.5716878156247622 1.0 -1.0 1.0 109
0.0 0.42430932523561143 0.0 0.0 110
0.9379132857961766 1.0 0.0 1.0 111
0.20047987029916758 1.0 1.0 1.0 112
1.0 1.2252040175132712 1.0 2.0 113
1.0 1.3874260240824947 1.0 2.0 115
0.631717416035616 1.0 1.0 1.0 116
0.0 0.11161763753135426 0.0 0.0 117
1.0 0.9066534000890389 1.0 0.0 118
-0.44667565358046013 1.0 -1.0 1.0 119
0.4653225136159489 1.0 1.0 1.0 120
0.0 1.0499913216530723 0.0 1.0 121
0.0 1.017848151995641 0.0 2.0 122
1.3513091329559412 1.0 2.0 1.0 123
1.0 1.0377895345456922 1.0 1.0 124
1.1469045826830457 1.0 1.0 1.0 125
0.0 1.464418034462021 0.0 1.0 126
0.0 0.9781674953286345 0.0 1.0 127
*** t = 52
0.0 1.2186864068459098 0.0 1.0 128
1.0687657577808896 1.0 2.0 1.0 129
0.0 0.860604634613569 0.0 0.0 130
-0.14746303002345507 1.0 0.0 1.0 131
0.9191719360615123 1.0 0.0 1.0 132
1.0 0.709124785178924 1.0 0.0 133
0.0 0.6872533278986578 0.0 1.0 134
0.0 1.412375800445571 0.0 1.0 135
1.0 1.2759359577889855 1.0 1.0 136
0.0 1.452242134300891 0.0 1.0 137
0.0 0.3499222188147849 0.0 1.0 138
0.0 1.4651023942149912 0.0 1.0 139
-0.422808775649238 1.0 0.0 1.0 140
1.0 0.43509661751540124 1.0 1.0 141
1.0 1.6323725355726157 1.0 1.0 142
1.4835628424738418 1.0 1.0 1.0 143
0.0 1.6921803689672386 0.0 1.0 144
0.0 0.21895439571567038 0.0 1.0 145
0.0 1.732523010148384 0.0 1.0 146
1.0 1.73859511922781 1.0 1.0 147
0.0 1.8736034533580914 0.0 1.0 148
-0.8706779988306445 1.0 0.0 1.0 149
1.0 0.11097562265298462 1.0 1.0 150
1.858648853021975 1.0 1.0 1.0 151
0.0 0.0 0.0 1.0 152
0.0 2.0 0.0 1.0 153
1.0 2.0 1.0 1.0 154
0.7193790741385393 1.0 1.0 1.0 62
0.0 6.43274565945845E-4 0.0 0.0 64
0.0 1.578751185217474 0.0 2.0 69
-0.5458843422119185 1.0 -1.0 1.0 72
0.0 1.827118145741786 0.0 2.0 79
1.0 1.4818832538379623 1.0 2.0 86
0.0 1.833819959597328 0.0 2.0 88
1.0 0.29673504603972767 1.0 0.0 90
1.0 1.7788802283049383 1.0 2.0 91
-0.7048160409526195 1.0 -1.0 1.0 92
0.1462666397930681 1.0 0.0 1.0 93
1.0 0.4314031314317723 1.0 0.0 94
1.0 0.32430348371537077 1.0 0.0 95
-0.6972586297366588 1.0 -1.0 1.0 96
0.021412261218599314 1.0 1.0 1.0 98
1.3187159127983943 1.0 2.0 1.0 99
0.0 0.03162962119130962 0.0 0.0 101
0.6892087399457802 1.0 1.0 1.0 102
1.0 1.5439876597207236 1.0 2.0 103
1.2975652677298197 1.0 2.0 1.0 104
0.0 1.7744987271302006 0.0 2.0 105
1.0 1.4869071244321361 1.0 2.0 107
-0.6925868783651286 1.0 -1.0 1.0 109
0.0 0.30310235025373544 0.0 0.0 110
0.8562143077804978 1.0 0.0 1.0 111
0.30051985949076493 1.0 1.0 1.0 112
1.0 1.4106376856393772 1.0 2.0 113
1.0 1.5030448594227026 1.0 2.0 115
0.7800553629479448 1.0 1.0 1.0 116
1.0 0.8072582546425879 1.0 0.0 118
-0.5913432189385062 1.0 -1.0 1.0 119
0.6281361262399432 1.0 1.0 1.0 120
0.05556519816325299 1.0 1.0 1.0 121
0.0 1.130942391106268 0.0 2.0 122
1.501454592173268 1.0 2.0 1.0 123
0.9308772606063248 1.0 0.0 1.0 124
1.052116202981162 1.0 1.0 1.0 125
0.0 1.3974702887697736 0.0 1.0 126
-0.1179057089470108 1.0 -1.0 1.0 127
*** t = 53
0.0 1.1210222077016485 0.0 1.0 128
1.2023614775035008 1.0 2.0 1.0 129
0.0 0.6978338681297931 0.0 0.0 130
-0.025672034312520062 1.0 0.0 1.0 131
0.7647679269274426 1.0 0.0 1.0 132
1.0 0.5247140402044845 1.0 0.0 133
0.0 0.8017955492151008 0.0 1.0 134
0.0 1.3144384338531663 0.0 1.0 135
1.0 1.155258617420483 1.0 1.0 136
0.0 1.3426905611610693 0.0 1.0 137
0.0 0.4374027735184811 0.0 1.0 138
0.0 1.331377992768739 0.0 1.0 139
-0.27851096956154753 1.0 0.0 1.0 140
1.0 0.5438707718942516 1.0 1.0 141
1.0 1.5404656694657697 1.0 1.0 142
1.3544535530923023 1.0 1.0 1.0 143
0.0 1.5895738252896514 0.0 1.0 144
0.0 0.3284315935735056 0.0 1.0 145
0.0 1.598784515222576 0.0 1.0 146
1.0 1.607892678841715 1.0 1.0 147
0.0 1.7472069067161828 0.0 1.0 148
-0.7413559976612889 1.0 0.0 1.0 149
1.0 0.22195124530596924 1.0 1.0 150
1.7172977060439498 1.0 1.0 1.0 151
0.0 0.15282063710099192 0.0 1.0 152
0.0 1.861426350293108 0.0 1.0 153
1.0 1.80294262345914 1.0 1.0 154
0.0 2.0 0.0 1.0 155
0.7766917099431573 1.0 1.0 1.0 62
0.0 1.6708494418323838 0.0 2.0 69
-0.6031393178493969 1.0 -1.0 1.0 72
0.0 1.9402028715714574 0.0 2.0 79
1.0 1.594696129012415 1.0 2.0 86
0.0 1.9626299577608428 0.0 2.0 88
1.0 0.1680081434701909 1.0 0.0 90
1.0 1.9178242397201852 1.0 2.0 91
-0.7900568430002505 1.0 -1.0 1.0 92
0.05357997178272152 1.0 0.0 1.0 93
1.0 0.29621382255976025 1.0 0.0 94
1.0 0.18347735127933767 1.0 0.0 95
-0.8392196102491145 1.0 -1.0 1.0 96
0.07815738684185485 1.0 1.0 1.0 98
1.4475334635094161 1.0 2.0 1.0 99
0.7947842861923915 1.0 1.0 1.0 102
1.0 1.7029868884532688 1.0 2.0 103
1.4411630969629334 1.0 2.0 1.0 104
0.0 1.9479048975758382 0.0 2.0 105
1.0 1.5798388197091446 1.0 2.0 107
-0.8134859411054949 1.0 -1.0 1.0 109
0.0 0.18189537527185945 0.0 0.0 110
0.774515329764819 1.0 0.0 1.0 111
0.4005598486823623 1.0 1.0 1.0 112
1.0 1.5960713537654831 1.0 2.0 113
1.0 1.6186636947629105 1.0 2.0 115
0.9283933098602735 1.0 1.0 1.0 116
1.0 0.7078631091961369 1.0 0.0 118
-0.7360107842965522 1.0 -1.0 1.0 119
0.7909497388639375 1.0 1.0 1.0 120
0.16112171797957828 1.0 1.0 1.0 121
0.0 1.2440366302168948 0.0 2.0 122
1.6516000513905948 1.0 2.0 1.0 123
0.8239649866669574 1.0 0.0 1.0 124
0.9573278232792781 1.0 0.0 1.0 125
0.0 1.3305225430775263 0.0 1.0 126
-0.25764392256538715 1.0 -1.0 1.0 127
*** t = 54
0.0 1.0233580085573872 0.0 1.0 128
1.335957197226112 1.0 2.0 1.0 129
0.0 0.5350631016460172 0.0 0.0 130
0.09611896139841494 1.0 1.0 1.0 131
0.6103639177933728 1.0 0.0 1.0 132
1.0 0.34030329523004516 1.0 0.0 133
0.0 0.9163377705315437 0.0 1.0 134
0.0 1.2165010672607615 0.0 1.0 135
1.0 1.0345812770519807 1.0 1.0 136
0.0 1.2331389880212476 0.0 1.0 137
0.0 0.5248833282221773 0.0 1.0 138
0.0 1.1976535913224868 0.0 1.0 139
-0.13421316347385703 1.0 0.0 1.0 140
1.0 0.6526449262731019 1.0 1.0 141
1.0 1.4485588033589236 1.0 1.0 142
1.2253442637107628 1.0 1.0 1.0 143
0.0 1.4869672816120643 0.0 1.0 144
0.0 0.43790879143134076 0.0 1.0 145
0.0 1.465046020296768 0.0 1.0 146
1.0 1.47719023845562 1.0 1.0 147
0.0 1.6208103600742743 0.0 1.0 148
-0.6120339964919334 1.0 0.0 1.0 149
1.0 0.3329268679589539 1.0 1.0 150
1.5759465590659247 1.0 1.0 1.0 151
0.0 0.30564127420198384 0.0 1.0 152
0.0 1.7228527005862162 0.0 1.0 153
1.0 1.6058852469182798 1.0 1.0 154
0.0 1.845963626713933 0.0 1.0 155
0.0 0.0 0.0 1.0 156
0.0 2.0 0.0 1.0 157
-1.0 1.0 0.0 1.0 158
1.0 0.0 1.0 1.0 159
1.0 2.0 1.0 1.0 160
2.0 1.0 1.0 1.0 161
0.8340043457477753 1.0 1.0 1.0 62
0.0 1.7629476984472936 0.0 2.0 69
-0.6603942934868753 1.0 -1.0 1.0 72
1.0 1.707509004186868 1.0 2.0 86
1.0 0.03928124090065416 1.0 0.0 90
-0.8752976450478814 1.0 -1.0 1.0 92
0.0 1.039106696227625 0.0 2.0 93
1.0 0.16102451368774823 1.0 0.0 94
1.0 0.042651218843304584 1.0 0.0 95
-0.9811805907615703 1.0 -1.0 1.0 96
0.13490251246511037 1.0 1.0 1.0 98
1.576351014220438 1.0 2.0 1.0 99
0.9003598324390027 1.0 1.0 1.0 102
1.0 1.861986117185814 1.0 2.0 103
1.5847609261960471 1.0 2.0 1.0 104
1.0 1.6727705149861531 1.0 2.0 107
-0.9343850038458612 1.0 -1.0 1.0 109
0.0 0.060688400289983443 0.0 0.0 110
0.6928163517491401 1.0 0.0 1.0 111
0.5005998378739596 1.0 1.0 1.0 112
1.0 1.781505021891589 1.0 2.0 113
1.0 1.7342825301031184 1.0 2.0 115
1.0 0.9232687432273978 1.0 0.0 116
1.0 0.6084679637496859 1.0 0.0 118
-0.8806783496545982 1.0 -1.0 1.0 119
0.9537633514879318 1.0 1.0 1.0 120
0.26667823779590355 1.0 1.0 1.0 121
0.0 1.3571308693275217 0.0 2.0 122
1.8017455106079217 1.0 2.0 1.0 123
0.71705271272759 1.0 0.0 1.0 124
0.8625394435773943 1.0 0.0 1.0 125
0.0 1.263574797385279 0.0 1.0 126
-0.3973821361837635 1.0 -1.0 1.0 127
*** t = 55
-0.07430619058687409 1.0 -1.0 1.0 128
1.4695529169487231 1.0 2.0 1.0 129
0.0 0.3722923351622414 0.0 0.0 130
0.21790995710934996 1.0 1.0 1.0 131
0.4559599086593032 1.0 0.0 1.0 132
1.0 0.15589255025560578 1.0 0.0 133
0.0 1.0308799918479867 0.0 2.0 134
0.0 1.1185637006683566 0.0 1.0 135
0.9139039366834782 1.0 0.0 1.0 136
0.0 1.1235874148814258 0.0 1.0 137
0.0 0.6123638829258735 0.0 1.0 138
0.0 1.0639291898762346 0.0 1.0 139
0.0 1.0100846426138335 0.0 2.0 140
1.0 0.7614190806519522 1.0 1.0 141
1.0 1.3566519372520776 1.0 1.0 142
1.0962349743292232 1.0 1.0 1.0 143
0.0 1.3843607379344771 0.0 1.0 144
0.0 0.5473859892891759 0.0 1.0 145
0.0 1.3313075253709599 0.0 1.0 146
1.0 1.346487798069525 1.0 1.0 147
0.0 1.4944138134323657 0.0 1.0 148
-0.4827119953225778 1.0 0.0 1.0 149
1.0 0.4439024906119385 1.0 1.0 150
1.4345954120878996 1.0 1.0 1.0 151
0.0 0.45846191130297576 0.0 1.0 152
0.0 1.5842790508793243 0.0 1.0 153
1.0 1.4088278703774197 1.0 1.0 154
0.0 1.691927253427866 0.0 1.0 155
0.0 0.12124238656984943 0.0 1.0 156
0.0 1.83830571528556 0.0 1.0 157
-0.8642257555243833 1.0 0.0 1.0 158
1.0 0.20267158368296095 1.0 1.0 159
1.0 1.8756008598099958 1.0 1.0 160
1.860728108645849 1.0 1.0 1.0 161
0.0 2.0 0.0 1.0 162
0.8913169815523933 1.0 1.0 1.0 62
0.0 1.8550459550622034 0.0 2.0 69
-0.7176492691243537 1.0 -1.0 1.0 72
1.0 1.8203218793613207 1.0 2.0 86
-0.9605384470955124 1.0 -1.0 1.0 92
0.0 1.1317933642379716 0.0 2.0 93
1.0 0.0258352048157362 1.0 0.0 94
0.1916476380883659 1.0 1.0 1.0 98
1.7051685649314599 1.0 2.0 1.0 99
1.005935378685614 1.0 2.0 1.0 102
1.7283587554291608 1.0 2.0 1.0 104
1.0 1.7657022102631617 1.0 2.0 107
0.6111173737334613 1.0 0.0 1.0 111
0.6006398270655569 1.0 1.0 1.0 112
1.0 1.966938690017695 1.0 2.0 113
1.0 1.8499013654433263 1.0 2.0 115
1.0 0.7749307963150691 1.0 0.0 116
1.0 0.5090728183032349 1.0 0.0 118
1.0 0.8834230358880739 1.0 0.0 120
0.37223475761222885 1.0 1.0 1.0 121
0.0 1.4702251084381486 0.0 2.0 122
1.9518909698252485 1.0 2.0 1.0 123
0.6101404387882225 1.0 0.0 1.0 124
0.7677510638755105 1.0 0.0 1.0 125
0.0 1.1966270516930315 0.0 1.0 126
-0.5371203498021399 1.0 -1.0 1.0 127
*** t = 56
-0.1719703897311354 1.0 -1.0 1.0 128
1.6031486366713343 1.0 2.0 1.0 129
0.0 0.2095215686784656 0.0 0.0 130
0.33970095282028495 1.0 1.0 1.0 131
0.30155589952523354 1.0 0.0 1.0 132
0.0 1.1454222131644296 0.0 2.0 134
0.0 1.0206263340759518 0.0 1.0 135
0.7932265963149758 1.0 0.0 1.0 136
0.0 1.014035841741604 0.0 1.0 137
0.0 0.6998444376295697 0.0 1.0 138
0.06979521157001753 1.0 1.0 1.0 139
0.0 1.154382448701524 0.0 2.0 140
1.0 0.8701932350308025 1.0 1.0 141
1.0 1.2647450711452315 1.0 1.0 142
1.0 1.0328743150523163 1.0 2.0 143
0.0 1.28175419425689 0.0 1.0 144
0.0 0.6568631871470111 0.0 1.0 145
0.0 1.1975690304451518 0.0 1.0 146
1.0 1.2157853576834299 1.0 1.0 147
0.0 1.368017266790457 0.0 1.0 148
-0.35338999415322225 1.0 0.0 1.0 149
1.0 0.5548781132649231 1.0 1.0 150
1.2932442651098746 1.0 1.0 1.0 151
0.0 0.6112825484039677 0.0 1.0 152
0.0 1.4457054011724324 0.0 1.0 153
1.0 1.2117704938365597 1.0 1.0 154
0.0 1.537890880141799 0.0 1.0 155
0.0 0.24248477313969885 0.0 1.0 156
0.0 1.67661143057112 0.0 1.0 157
-0.7284515110487666 1.0 0.0 1.0 158
1.0 0.4053431673659219 1.0 1.0 159
1.0 1.7512017196199916 1.0 1.0 160
1.7214562172916978 1.0 1.0 1.0 161
0.0 1.8765558169138998 0.0 1.0 162
0.0 0.0 0.0 1.0 163
0.0 2.0 0.0 1.0 164
1.0 2.0 1.0 1.0 165
0.9486296173570112 1.0 1.0 1.0 62
0.0 1.9471442116771132 0.0 2.0 69
-0.7749042447618321 1.0 -1.0 1.0 72
1.0 1.9331347545357735 1.0 2.0 86
0.0 1.2244800322483183 0.0 2.0 93
0.24839276371162144 1.0 1.0 1.0 98
1.8339861156424817 1.0 2.0 1.0 99
1.1115109249322253 1.0 2.0 1.0 102
1.8719565846622745 1.0 2.0 1.0 104
1.0 1.8586339055401702 1.0 2.0 107
0.5294183957177825 1.0 0.0 1.0 111
0.7006798162571541 1.0 1.0 1.0 112
1.0 1.9655202007835342 1.0 2.0 115
1.0 0.6265928494027404 1.0 0.0 116
1.0 0.40967767285678386 1.0 0.0 118
1.0 0.7206094232640796 1.0 0.0 120
0.47779127742855415 1.0 1.0 1.0 121
0.0 1.5833193475487755 0.0 2.0 122
0.5032281648488551 1.0 0.0 1.0 124
0.6729626841736267 1.0 0.0 1.0 125
0.0 1.1296793060007841 0.0 1.0 126
-0.6768585634205162 1.0 -1.0 1.0 127
*** t = 57
-0.2696345888753967 1.0 -1.0 1.0 128
1.7367443563939455 1.0 2.0 1.0 129
0.0 0.0467508021946898 0.0 0.0 130
0.46149194853121994 1.0 1.0 1.0 131
0.1471518903911639 1.0 0.0 1.0 132
0.0 1.2599644344808725 0.0 2.0 134
0.0 0.9226889674835469 0.0 0.0 135
0.6725492559464734 1.0 0.0 1.0 136
0.0 0.9044842686017821 0.0 0.0 137
0.0 0.7873249923332659 0.0 1.0 138
0.2035196130162697 1.0 1.0 1.0 139
0.0 1.2986802547892144 0.0 2.0 140
1.0 0.9789673894096528 1.0 1.0 141
1.0 1.1728382050383854 1.0 1.0 142
1.0 1.1619836044338558 1.0 2.0 143
0.0 1.1791476505793028 0.0 1.0 144
0.0 0.7663403850048462 0.0 1.0 145
0.0 1.0638305355193438 0.0 1.0 146
1.0 1.0850829172973349 1.0 1.0 147
0.0 1.2416207201485485 0.0 1.0 148
-0.22406799298386673 1.0 0.0 1.0 149
1.0 0.6658537359179078 1.0 1.0 150
1.1518931181318495 1.0 1.0 1.0 151
0.0 0.7641031855049596 0.0 1.0 152
0.0 1.3071317514655405 0.0 1.0 153
1.0 1.0147131172956996 1.0 1.0 154
0.0 1.383854506855732 0.0 1.0 155
0.0 0.3637271597095483 0.0 1.0 156
0.0 1.51491714585668 0.0 1.0 157
-0.5926772665731499 1.0 0.0 1.0 158
1.0 0.6080147510488829 1.0 1.0 159
1.0 1.6268025794299874 1.0 1.0 160
1.5821843259375468 1.0 1.0 1.0 161
0.0 1.7531116338277997 0.0 1.0 162
0.0 0.12624798941795495 0.0 1.0 163
0.0 1.8694491474328403 0.0 1.0 164
1.0 1.8708263479342733 1.0 1.0 165
0.0 2.0 0.0 1.0 166
-1.0 1.0 0.0 1.0 167
1.0 0.0 1.0 1.0 168
2.0 1.0 1.0 1.0 169
1.005942253161629 1.0 2.0 1.0 62
-0.8321592203993105 1.0 -1.0 1.0 72
0.0 1.317166700258665 0.0 2.0 93
0.30513788933487695 1.0 1.0 1.0 98
1.9628036663535036 1.0 2.0 1.0 99
1.2170864711788365 1.0 2.0 1.0 102
1.0 1.9515656008171787 1.0 2.0 107
0.44771941770210366 1.0 0.0 1.0 111
0.8007198054487514 1.0 1.0 1.0 112
1.0 0.4782549024904117 1.0 0.0 116
1.0 0.3102825274103328 1.0 0.0 118
1.0 0.5577958106400853 1.0 0.0 120
0.5833477972448794 1.0 1.0 1.0 121
0.0 1.6964135866594023 0.0 2.0 122
0.39631589090948766 1.0 0.0 1.0 124
0.5781743044717429 1.0 0.0 1.0 125
0.0 1.0627315603085368 0.0 1.0 126
-0.8165967770388926 1.0 -1.0 1.0 127
*** t = 58
-0.36729878801965804 1.0 -1.0 1.0 128
1.8703400761165567 1.0 2.0 1.0 129
0.583282944242155 1.0 1.0 1.0 131
-0.0072521187429057665 1.0 -1.0 1.0 132
0.0 1.3745066557973153 0.0 2.0 134
0.0 0.824751600891142 0.0 0.0 135
0.551871915577971 1.0 0.0 1.0 136
0.0 0.7949326954619602 0.0 0.0 137
0.0 0.8748055470369621 0.0 1.0 138
0.33724401446252184 1.0 1.0 1.0 139
0.0 1.442978060876905 0.0 2.0 140
0.9122584562114969 1.0 0.0 1.0 141
1.0 1.0809313389315394 1.0 1.0 142
1.0 1.2910928938153954 1.0 2.0 143
0.0 1.0765411069017157 0.0 1.0 144
0.0 0.8758175828626814 0.0 1.0 145
0.0699079594064641 1.0 1.0 1.0 146
1.0456195230887602 1.0 2.0 1.0 147
0.0 1.11522417350664 0.0 1.0 148
-0.09474599181451121 1.0 0.0 1.0 149
1.0 0.7768293585708924 1.0 1.0 150
1.0105419711538244 1.0 1.0 1.0 151
0.0 0.9169238226059515 0.0 1.0 152
0.0 1.1685581017586486 0.0 1.0 153
0.8176557407548395 1.0 0.0 1.0 154
0.0 1.229818133569665 0.0 1.0 155
0.0 0.4849695462793977 0.0 1.0 156
0.0 1.3532228611422399 0.0 1.0 157
-0.45690302209753314 1.0 0.0 1.0 158
1.0 0.8106863347318438 1.0 1.0 159
1.0 1.5024034392399832 1.0 1.0 160
1.4429124345833957 1.0 1.0 1.0 161
0.0 1.6296674507416995 0.0 1.0 162
0.0 0.2524959788359099 0.0 1.0 163
0.0 1.7388982948656806 0.0 1.0 164
1.0 1.7416526958685465 1.0 1.0 165
0.0 1.8899688683602553 0.0 1.0 166
-0.8936270157472075 1.0 0.0 1.0 167
1.0 0.09912149872004143 1.0 1.0 168
1.8832532184361077 1.0 1.0 1.0 169
0.0 0.0 0.0 1.0 170
0.0 2.0 0.0 1.0 171
1.0 2.0 1.0 1.0 172
1.063254888966247 1.0 2.0 1.0 62
-0.8894141960367888 1.0 -1.0 1.0 72
0.0 1.4098533682690115 0.0 2.0 93
0.36188301495813247 1.0 1.0 1.0 98
1.3226620174254478 1.0 2.0 1.0 102
0.36602043968642484 1.0 0.0 1.0 111
0.9007597946403487 1.0 1.0 1.0 112
1.0 0.329916955578083 1.0 0.0 116
1.0 0.21088738196388174 1.0 0.0 118
1.0 0.394982198016091 1.0 0.0 120
0.6889043170612047 1.0 1.0 1.0 121
0.0 1.8095078257700292 0.0 2.0 122
0.2894036169701202 1.0 0.0 1.0 124
0.48338592476985914 1.0 0.0 1.0 125
0.004216185383710616 1.0 1.0 1.0 126
-0.9563349906572689 1.0 -1.0 1.0 127
*** t = 59
-0.4649629871639194 1.0 -1.0 1.0 128
0.70507393995309 1.0 1.0 1.0 131
-0.16165612787697542 1.0 -1.0 1.0 132
0.0 1.4890488771137582 0.0 2.0 134
0.0 0.726814234298737 0.0 0.0 135
0.4311945752094685 1.0 0.0 1.0 136
0.0 0.6853811223221383 0.0 0.0 137
0.0 0.9622861017406583 0.0 1.0 138
0.47096841590877403 1.0 1.0 1.0 139
0.0 1.5872758669645954 0.0 2.0 140
0.8034843018326466 1.0 0.0 1.0 141
0.9890244728246933 1.0 0.0 1.0 142
1.0 1.420202183196935 1.0 2.0 143
0.026065436775871406 1.0 1.0 1.0 144
0.0 0.9852947807205166 0.0 1.0 145
0.20364645433227202 1.0 1.0 1.0 146
1.1763219634748552 1.0 2.0 1.0 147
0.0 0.9888276268647314 0.0 0.0 148
0.03457600935484431 1.0 1.0 1.0 149
1.0 0.8878049812238771 1.0 1.0 150
0.8691908241757993 1.0 0.0 1.0 151
0.0 1.0697444597069434 0.0 2.0 152
0.0 1.0299844520517567 0.0 1.0 153
0.6205983642139794 1.0 0.0 1.0 154
0.0 1.075781760283598 0.0 1.0 155
0.0 0.6062119328492471 0.0 1.0 156
0.0 1.1915285764277999 0.0 1.0 157
-0.3211287776219164 1.0 0.0 1.0 158
1.0 1.0133579184148047 1.0 2.0 159
1.0 1.378004299049979 1.0 1.0 160
1.3036405432292446 1.0 1.0 1.0 161
0.0 1.5062232676555993 0.0 1.0 162
0.0 0.37874396825386486 0.0 1.0 163
0.0 1.608347442298521 0.0 1.0 164
1.0 1.6124790438028198 1.0 1.0 165
0.0 1.7799377367205107 0.0 1.0 166
-0.787254031494415 1.0 0.0 1.0 167
1.0 0.19824299744008286 1.0 1.0 168
1.7665064368722154 1.0 1.0 1.0 169
0.0 0.09817485774402611 0.0 1.0 170
0.0 1.8571527913630645 0.0 1.0 171
1.0 1.855707509113713 1.0 1.0 172
0.0 2.0 0.0 1.0 173
1.1205675247708649 1.0 2.0 1.0 62
-0.9466691716742672 1.0 -1.0 1.0 72
0.0 1.5025400362793582 0.0 2.0 93
0.418628140581388 1.0 1.0 1.0 98
1.428237563672059 1.0 2.0 1.0 102
0.284321461670746 1.0 0.0 1.0 111
1.000799783831946 1.0 2.0 1.0 112
1.0 0.18157900866575424 1.0 0.0 116
1.0 0.11149223651743069 1.0 0.0 118
1.0 0.2321685853920967 1.0 0.0 120
0.79446083687753 1.0 1.0 1.0 121
0.0 1.922602064880656 0.0 2.0 122
0.1824913430307527 1.0 0.0 1.0 124
0.3885975450679754 1.0 0.0 1.0 125
0.071163931075958 1.0 1.0 1.0 126
*** t = 60
-0.5626271863081806 1.0 -1.0 1.0 128
0.826864935664025 1.0 1.0 1.0 131
-0.3160601370110451 1.0 -1.0 1.0 132
0.0 1.603591098430201 0.0 2.0 134
0.0 0.6288768677063321 0.0 0.0 135
0.31051723484096605 1.0 0.0 1.0 136
0.0 0.5758295491823164 0.0 0.0 137
0.049766656444354546 1.0 1.0 1.0 138
0.6046928173550262 1.0 1.0 1.0 139
0.0 1.731573673052286 0.0 2.0 140
0.6947101474537963 1.0 0.0 1.0 141
0.8971176067178472 1.0 0.0 1.0 142
1.0 1.5493114725784745 1.0 2.0 143
0.12867198045345848 1.0 1.0 1.0 144
0.09477197857835176 1.0 1.0 1.0 145
0.33738494925807994 1.0 1.0 1.0 146
1.3070244038609502 1.0 2.0 1.0 147
0.0 0.8624310802228228 0.0 0.0 148
0.16389801052419983 1.0 1.0 1.0 149
1.0 0.9987806038768617 1.0 1.0 150
0.7278396771977742 1.0 0.0 1.0 151
0.0 1.2225650968079353 0.0 2.0 152
0.0 0.8914108023448648 0.0 0.0 153
0.4235409876731193 1.0 0.0 1.0 154
0.0 0.9217453869975308 0.0 0.0 155
0.0 0.7274543194190966 0.0 1.0 156
0.0 1.0298342917133598 0.0 1.0 157
-0.18535453314629963 1.0 0.0 1.0 158
1.0 1.2160295020977656 1.0 2.0 159
1.0 1.2536051588599748 1.0 1.0 160
1.1643686518750935 1.0 1.0 1.0 161
0.0 1.3827790845694992 0.0 1.0 162
0.0 0.5049919576718198 0.0 1.0 163
0.0 1.4777965897313612 0.0 1.0 164
1.0 1.483305391737093 1.0 1.0 165
0.0 1.669906605080766 0.0 1.0 166
-0.6808810472416225 1.0 0.0 1.0 167
1.0 0.2973644961601243 1.0 1.0 168
1.6497596553083231 1.0 1.0 1.0 169
0.0 0.19634971548805222 0.0 1.0 170
0.0 1.714305582726129 0.0 1.0 171
1.0 1.711415018227426 1.0 1.0 172
0.0 1.8817973162721766 0.0 1.0 173
0.0 0.0 0.0 1.0 174
0.0 2.0 0.0 1.0 175
-1.0 1.0 0.0 1.0 176
1.0 0.0 1.0 1.0 177
1.0 2.0 1.0 1.0 178
2.0 1.0 1.0 1.0 179
1.1778801605754827 1.0 2.0 1.0 62
0.0 1.5952267042897048 0.0 2.0 93
0.4753732662046435 1.0 1.0 1.0 98
1.5338131099186703 1.0 2.0 1.0 102
0.2026224836550672 1.0 0.0 1.0 111
1.1008397730235433 1.0 2.0 1.0 112
1.0 0.033241061753425505 1.0 0.0 116
1.0 0.012097091070979643 1.0 0.0 118
1.0 0.06935497276810237 1.0 0.0 120
0.9000173566938553 1.0 1.0 1.0 121
0.07557906909138525 1.0 0.0 1.0 124
0.29380916536609164 1.0 0.0 1.0 125
0.1381116767682054 1.0 1.0 1.0 126
*** t = 61
-0.6602913854524419 1.0 -1.0 1.0 128
0.94865593137496 1.0 1.0 1.0 131
-0.4704641461451147 1.0 -1.0 1.0 132
0.0 1.718133319746644 0.0 2.0 134
0.0 0.5309395011139272 0.0 0.0 135
0.18983989447246358 1.0 0.0 1.0 136
0.0 0.46627797604249455 0.0 0.0 137
0.13724721114805077 1.0 1.0 1.0 138
0.7384172188012784 1.0 1.0 1.0 139
0.0 1.8758714791399764 0.0 2.0 140
0.585935993074946 1.0 0.0 1.0 141
0.8052107406110012 1.0 0.0 1.0 142
1.0 1.678420761960014 1.0 2.0 143
0.23127852413104555 1.0 1.0 1.0 144
0.20424917643618695 1.0 1.0 1.0 145
0.47112344418388785 1.0 1.0 1.0 146
1.4377268442470452 1.0 2.0 1.0 147
0.0 0.7360345335809142 0.0 0.0 148
0.2932200116935554 1.0 1.0 1.0 149
1.1097562265298464 1.0 2.0 1.0 150
0.5864885302197491 1.0 0.0 1.0 151
0.0 1.3753857339089273 0.0 2.0 152
0.0 0.7528371526379729 0.0 0.0 153
0.22648361113225923 1.0 0.0 1.0 154
0.0 0.7677090137114637 0.0 0.0 155
0.0 0.848696705988946 0.0 1.0 156
-0.13185999300108017 1.0 -1.0 1.0 157
-0.04958028867068287 1.0 0.0 1.0 158
1.0 1.4187010857807265 1.0 2.0 159
1.0 1.1292060186699706 1.0 1.0 160
1.0250967605209425 1.0 1.0 1.0 161
0.0 1.259334901483399 0.0 1.0 162
0.0 0.6312399470897747 0.0 1.0 163
0.0 1.3472457371642015 0.0 1.0 164
1.0 1.3541317396713664 1.0 1.0 165
0.0 1.5598754734410214 0.0 1.0 166
-0.57450806298883 1.0 0.0 1.0 167
1.0 0.3964859948801657 1.0 1.0 168
1.5330128737444308 1.0 1.0 1.0 169
0.0 0.2945245732320783 0.0 1.0 170
0.0 1.5714583740891936 0.0 1.0 171
1.0 1.5671225273411389 1.0 1.0 172
0.0 1.7635946325443532 0.0 1.0 173
0.0 0.15529548858121917 0.0 1.0 174
0.0 1.8789490258437864 0.0 1.0 175
-0.8615759902835266 1.0 0.0 1.0 176
1.0 0.13454497190238573 1.0 1.0 177
1.0 1.9021319596935131 1.0 1.0 178
1.8791012137687138 1.0 1.0 1.0 179
0.0 2.0 0.0 1.0 180
1.2351927963801006 1.0 2.0 1.0 62
0.0 1.6879133723000515 0.0 2.0 93
0.532118391827899 1.0 1.0 1.0 98
1.6393886561652815 1.0 2.0 1.0 102
0.12092350563938838 1.0 0.0 1.0 111
1.2008797622151406 1.0 2.0 1.0 112
1.0 0.9944261234898194 1.0 0.0 121
0.0 0.9686667951520178 0.0 0.0 124
0.1990207856642079 1.0 0.0 1.0 125
0.20505942246045278 1.0 1.0 1.0 126
*** t = 62
-0.7579555845967032 1.0 -1.0 1.0 128
1.0 0.929553072914105 1.0 0.0 131
-0.6248681552791844 1.0 -1.0 1.0 132
0.0 1.8326755410630868 0.0 2.0 134
0.0 0.43300213452152225 0.0 0.0 135
0.06916255410396112 1.0 0.0 1.0 136
0.0 0.35672640290267266 0.0 0.0 137
0.224727765851747 1.0 1.0 1.0 138
0.8721416202475306 1.0 1.0 1.0 139
0.47716183869609574 1.0 0.0 1.0 141
0.7133038745041551 1.0 0.0 1.0 142
1.0 1.8075300513415535 1.0 2.0 143
0.33388506780863264 1.0 1.0 1.0 144
0.31372637429402217 1.0 1.0 1.0 145
0.6048619391096958 1.0 1.0 1.0 146
1.5684292846331402 1.0 2.0 1.0 147
0.0 0.6096379869390056 0.0 0.0 148
0.42254201286291093 1.0 1.0 1.0 149
1.220731849182831 1.0 2.0 1.0 150
0.445137383241724 1.0 0.0 1.0 151
0.0 1.5282063710099192 0.0 2.0 152
0.0 0.614263502931081 0.0 0.0 153
0.029426234591399147 1.0 0.0 1.0 154
0.0 0.6136726404253966 0.0 0.0 155
0.0 0.9699390925587954 0.0 1.0 156
-0.2935542777155202 1.0 -1.0 1.0 157
0.0 0.9138060441950662 0.0 0.0 158
1.0 1.6213726694636874 1.0 2.0 159
1.0 1.0048068784799664 1.0 1.0 160
1.0 1.1141751308332086 1.0 2.0 161
0.0 1.1358907183972988 0.0 1.0 162
0.0 0.7574879365077296 0.0 1.0 163
0.0 1.2166948845970418 0.0 1.0 164
1.0 1.2249580876056396 1.0 1.0 165
0.0 1.4498443418012767 0.0 1.0 166
-0.46813507873603744 1.0 0.0 1.0 167
1.0 0.49560749360020717 1.0 1.0 168
1.4162660921805386 1.0 1.0 1.0 169
0.0 0.39269943097610444 0.0 1.0 170
0.0 1.4286111654522582 0.0 1.0 171
1.0 1.4228300364548518 1.0 1.0 172
0.0 1.6453919488165298 0.0 1.0 173
0.0 0.31059097716243833 0.0 1.0 174
0.0 1.7578980516875728 0.0 1.0 175
-0.7231519805670532 1.0 0.0 1.0 176
1.0 0.26908994380477147 1.0 1.0 177
1.0 1.8042639193870262 1.0 1.0 178
1.7582024275374275 1.0 1.0 1.0 179
0.0 1.8560998958354256 0.0 1.0 180
0.0 0.0 0.0 1.0 181
0.0 2.0 0.0 1.0 182
1.0 2.0 1.0 1.0 183
1.2925054321847185 1.0 2.0 1.0 62
0.0 1.780600040310398 0.0 2.0 93
0.5888635174511545 1.0 1.0 1.0 98
1.7449642024118928 1.0 2.0 1.0 102
0.039224527623709565 1.0 0.0 1.0 111
1.3009197514067379 1.0 2.0 1.0 112
1.0 0.8888696036734941 1.0 0.0 121
0.0 0.8617545212126504 0.0 0.0 124
0.10423240596232414 1.0 0.0 1.0 125
0.27200716815270015 1.0 1.0 1.0 126
*** t = 63
-0.8556197837409645 1.0 -1.0 1.0 128
1.0 0.8077620772031701 1.0 0.0 131
-0.7792721644132541 1.0 -1.0 1.0 132
0.0 1.9472177623795297 0.0 2.0 134
0.0 0.3350647679291173 0.0 0.0 135
0.0 1.0515147862645413 0.0 2.0 136
0.0 0.24717482976285077 0.0 0.0 137
0.31220832055544323 1.0 1.0 1.0 138
1.0 0.9941339783062172 1.0 0.0 139
0.36838768431724545 1.0 0.0 1.0 141
0.621397008397309 1.0 0.0 1.0 142
1.0 1.936639340723093 1.0 2.0 143
0.43649161148621973 1.0 1.0 1.0 144
0.42320357215185733 1.0 1.0 1.0 145
0.7386004340355037 1.0 1.0 1.0 146
1.6991317250192353 1.0 2.0 1.0 147
0.0 0.4832414402970971 0.0 0.0 148
0.5518640140322665 1.0 1.0 1.0 149
1.3317074718358155 1.0 2.0 1.0 150
0.30378623626369894 1.0 0.0 1.0 151
0.0 1.681027008110911 0.0 2.0 152
0.0 0.4756898532241891 0.0 0.0 153
0.0 1.167631141949461 0.0 2.0 154
0.0 0.4596362671393295 0.0 0.0 155
0.09118147912864483 1.0 1.0 1.0 156
-0.45524856242996015 1.0 -1.0 1.0 157
0.0 0.7780317997194495 0.0 0.0 158
1.0 1.8240442531466483 1.0 2.0 159
0.8804077382899623 1.0 0.0 1.0 160
1.0 1.2534470221873597 1.0 2.0 161
0.0 1.0124465353111987 0.0 1.0 162
0.0 0.8837359259256845 0.0 1.0 163
0.0 1.086144032029882 0.0 1.0 164
1.0 1.095784435539913 1.0 1.0 165
0.0 1.339813210161532 0.0 1.0 166
-0.3617620944832449 1.0 0.0 1.0 167
1.0 0.5947289923202486 1.0 1.0 168
1.2995193106166463 1.0 1.0 1.0 169
0.0 0.49087428872013056 0.0 1.0 170
0.0 1.2857639568153227 0.0 1.0 171
1.0 1.2785375455685648 1.0 1.0 172
0.0 1.5271892650887064 0.0 1.0 173
0.0 0.4658864657436575 0.0 1.0 174
0.0 1.6368470775313593 0.0 1.0 175
-0.5847279708505798 1.0 0.0 1.0 176
1.0 0.4036349157071572 1.0 1.0 177
1.0 1.7063958790805394 1.0 1.0 178
1.6373036413061413 1.0 1.0 1.0 179
0.0 1.7121997916708511 0.0 1.0 180
0.0 0.07640188056509975 0.0 1.0 181
0.0 1.8609776625972052 0.0 1.0 182
1.0 1.8557361511658443 1.0 1.0 183
0.0 2.0 0.0 1.0 184
-1.0 1.0 0.0 1.0 185
1.0 0.0 1.0 1.0 186
2.0 1.0 1.0 1.0 187
1.3498180679893363 1.0 2.0 1.0 62
0.0 1.8732867083207447 0.0 2.0 93
0.64560864307441 1.0 1.0 1.0 98
1.850539748658504 1.0 2.0 1.0 102
-0.042474450391969246 1.0 -1.0 1.0 111
1.4009597405983352 1.0 2.0 1.0 112
1.0 0.7833130838571688 1.0 0.0 121
0.0 0.754842247273283 0.0 0.0 124
0.009444026260440386 1.0 0.0 1.0 125
0.3389549138449475 1.0 1.0 1.0 126
*** t = 64
-0.9532839828852258 1.0 -1.0 1.0 128
1.0 0.6859710814922351 1.0 0.0 131
-0.9336761735473238 1.0 -1.0 1.0 132
0.0 0.2371274013367124 0.0 0.0 135
0.0 1.1721921266330437 0.0 2.0 136
0.0 0.13762325662302888 0.0 0.0 137
0.39968887525913943 1.0 1.0 1.0 138
1.0 0.860409576859965 1.0 0.0 139
0.25961352993839515 1.0 0.0 1.0 141
0.529490142290463 1.0 0.0 1.0 142
0.5390981551638068 1.0 1.0 1.0 144
0.5326807700096925 1.0 1.0 1.0 145
0.8723389289613116 1.0 1.0 1.0 146
1.8298341654053303 1.0 2.0 1.0 147
0.0 0.35684489365518857 0.0 0.0 148
0.681186015201622 1.0 1.0 1.0 149
1.4426830944888 1.0 2.0 1.0 150
0.16243508928567388 1.0 0.0 1.0 151
0.0 1.833847645211903 0.0 2.0 152
0.0 0.3371162035172972 0.0 0.0 153
0.0 1.364688518490321 0.0 2.0 154
0.0 0.30559989385326236 0.0 0.0 155
0.21242386569849425 1.0 1.0 1.0 156
-0.6169428471444002 1.0 -1.0 1.0 157
0.0 0.6422575552438328 0.0 0.0 158
0.7560085980999582 1.0 0.0 1.0 160
1.0 1.3927189135415108 1.0 2.0 161
0.11099764777490159 1.0 1.0 1.0 162
-0.00998391534363946 1.0 -1.0 1.0 163
0.0 0.9555931794627225 0.0 0.0 164
0.9666107834741862 1.0 0.0 1.0 165
0.0 1.2297820785217874 0.0 1.0 166
-0.2553891102304524 1.0 0.0 1.0 167
1.0 0.69385049104029 1.0 1.0 168
1.182772529052754 1.0 1.0 1.0 169
0.0 0.5890491464641566 0.0 1.0 170
0.0 1.1429167481783873 0.0 1.0 171
1.0 1.1342450546822778 1.0 1.0 172
0.0 1.408986581360883 0.0 1.0 173
0.0 0.6211819543248767 0.0 1.0 174
0.0 1.5157961033751457 0.0 1.0 175
-0.4463039611341064 1.0 0.0 1.0 176
1.0 0.5381798876095429 1.0 1.0 177
1.0 1.6085278387740525 1.0 1.0 178
1.516404855074855 1.0 1.0 1.0 179
0.0 1.5682996875062767 0.0 1.0 180
0.0 0.1528037611301995 0.0 1.0 181
0.0 1.7219553251944104 0.0 1.0 182
1.0 1.7114723023316887 1.0 1.0 183
0.0 1.8587681106974352 0.0 1.0 184
-0.9086523227815289 1.0 0.0 1.0 185
1.0 0.11636760863523875 1.0 1.0 186
1.8332940003035647 1.0 1.0 1.0 187
0.0 0.0 0.0 1.0 188
0.0 2.0 0.0 1.0 189
1.4071307037939542 1.0 2.0 1.0 62
1.0 2.0 1.0 1.0 190
0.0 1.9659733763310914 0.0 2.0 93
0.7023537686976655 1.0 1.0 1.0 98
1.9561152949051153 1.0 2.0 1.0 102
-0.12417342840764806 1.0 -1.0 1.0 111
1.5009997297899325 1.0 2.0 1.0 112
1.0 0.6777565640408435 1.0 0.0 121
0.0 0.6479299733339156 0.0 0.0 124
0.0 1.0853443534414433 0.0 2.0 125
0.4059026595371949 1.0 1.0 1.0 126
*** t = 65
1.0 0.5641800857813001 1.0 0.0 131
0.0 0.13919003474430747 0.0 0.0 135
0.0 1.2928694670015461 0.0 2.0 136
0.0 0.028071683483207002 0.0 0.0 137
0.48716942996283563 1.0 1.0 1.0 138
1.0 0.7266851754137128 1.0 0.0 139
0.15083937555954485 1.0 0.0 1.0 141
0.4375832761836169 1.0 0.0 1.0 142
0.6417046988413938 1.0 1.0 1.0 144
0.6421579678675277 1.0 1.0 1.0 145
1.0060774238871195 1.0 2.0 1.0 146
1.9605366057914253 1.0 2.0 1.0 147
0.0 0.23044834701328004 0.0 0.0 148
0.8105080163709776 1.0 1.0 1.0 149
1.5536587171417846 1.0 2.0 1.0 150
0.021083942307648817 1.0 0.0 1.0 151
0.0 1.986668282312895 0.0 2.0 152
0.0 0.19854255381040534 0.0 0.0 153
0.0 1.561745895031181 0.0 2.0 154
0.0 0.15156352056719527 0.0 0.0 155
0.3336662522683437 1.0 1.0 1.0 156
-0.7786371318588402 1.0 -1.0 1.0 157
0.0 0.5064833107682161 0.0 0.0 158
0.6316094579099542 1.0 0.0 1.0 160
1.0 1.5319908048956619 1.0 2.0 161
0.23444183086100184 1.0 1.0 1.0 162
-0.1362319047615944 1.0 -1.0 1.0 163
0.0 0.8250423268955629 0.0 0.0 164
0.8374371314084594 1.0 0.0 1.0 165
0.0 1.1197509468820428 0.0 1.0 166
-0.1490161259776599 1.0 0.0 1.0 167
1.0 0.7929719897603313 1.0 1.0 168
1.0660257474888617 1.0 1.0 1.0 169
0.0 0.6872240042081827 0.0 1.0 170
0.0 1.0000695395414518 0.0 1.0 171
1.0 0.9899525637959907 1.0 0.0 172
0.0 1.2907838976330597 0.0 1.0 173
0.0 0.7764774429060959 0.0 1.0 174
0.0 1.3947451292189321 0.0 1.0 175
-0.307879951417633 1.0 0.0 1.0 176
1.0 0.6727248595119286 1.0 1.0 177
1.0 1.5106597984675656 1.0 1.0 178
1.3955060688435688 1.0 1.0 1.0 179
0.0 1.4243995833417022 0.0 1.0 180
0.0 0.22920564169529925 0.0 1.0 181
0.0 1.5829329877916156 0.0 1.0 182
1.0 1.567208453497533 1.0 1.0 183
0.0 1.7175362213948704 0.0 1.0 184
-0.8173046455630577 1.0 0.0 1.0 185
1.0 0.2327352172704775 1.0 1.0 186
1.6665880006071294 1.0 1.0 1.0 187
0.0 0.12536193990972885 0.0 1.0 188
0.0 1.847875099981885 0.0 1.0 189
1.464443339598572 1.0 2.0 1.0 62
1.0 1.8780980419690412 1.0 1.0 190
0.0 2.0 0.0 1.0 191
0.759098894320921 1.0 1.0 1.0 98
-0.20587240642332688 1.0 -1.0 1.0 111
1.6010397189815297 1.0 2.0 1.0 112
1.0 0.5722000442245182 1.0 0.0 121
0.0 0.5410176993945481 0.0 0.0 124
0.0 1.1801327331433271 0.0 2.0 125
0.47285040522944227 1.0 1.0 1.0 126
*** t = 66
1.0 0.4423890900703651 1.0 0.0 131
0.0 0.04125266815190254 0.0 0.0 135
0.0 1.4135468073700486 0.0 2.0 136
0.5746499846665318 1.0 1.0 1.0 138
1.0 0.5929607739674606 1.0 0.0 139
0.04206522118069454 1.0 0.0 1.0 141
0.34567641007677086 1.0 0.0 1.0 142
0.7443112425189808 1.0 1.0 1.0 144
0.7516351657253628 1.0 1.0 1.0 145
1.1398159188129275 1.0 2.0 1.0 146
0.0 0.10405180037137152 0.0 0.0 148
0.9398300175403331 1.0 1.0 1.0 149
1.6646343397947692 1.0 2.0 1.0 150
0.0 0.8797327953296238 0.0 0.0 151
0.0 0.059968904103513465 0.0 0.0 153
0.0 1.7588032715720412 0.0 2.0 154
0.4549086388381931 1.0 1.0 1.0 156
-0.9403314165732802 1.0 -1.0 1.0 157
0.0 0.3707090662925993 0.0 0.0 158
0.5072103177199501 1.0 0.0 1.0 160
1.0 1.671262696249813 1.0 2.0 161
0.35788601394710207 1.0 1.0 1.0 162
-0.26247989417954937 1.0 -1.0 1.0 163
0.0 0.6944914743284033 0.0 0.0 164
0.7082634793427327 1.0 0.0 1.0 165
0.0 1.0097198152422981 0.0 1.0 166
-0.04264314172486737 1.0 0.0 1.0 167
1.0 0.8920934884803727 1.0 1.0 168
0.9492789659249695 1.0 0.0 1.0 169
0.0 0.7853988619522089 0.0 1.0 170
-0.1427776690954835 1.0 -1.0 1.0 171
1.0 0.8456600729097037 1.0 0.0 172
0.0 1.1725812139052363 0.0 1.0 173
0.0 0.9317729314873151 0.0 1.0 174
0.0 1.2736941550627185 0.0 1.0 175
-0.16945594170115966 1.0 0.0 1.0 176
1.0 0.8072698314143143 1.0 1.0 177
1.0 1.4127917581610787 1.0 1.0 178
1.2746072826122825 1.0 1.0 1.0 179
0.0 1.2804994791771278 0.0 1.0 180
0.0 0.305607522260399 0.0 1.0 181
0.0 1.4439106503888208 0.0 1.0 182
1.0 1.4229446046633774 1.0 1.0 183
0.0 1.5763043320923056 0.0 1.0 184
-0.7259569683445866 1.0 0.0 1.0 185
1.0 0.34910282590571623 1.0 1.0 186
1.4998820009106941 1.0 1.0 1.0 187
0.0 0.2507238798194577 0.0 1.0 188
0.0 1.6957501999637699 0.0 1.0 189
1.52175597540319 1.0 2.0 1.0 62
1.0 1.7561960839380824 1.0 1.0 190
0.0 1.8133318656777002 0.0 1.0 191
0.0 0.0 0.0 1.0 192
0.0 2.0 0.0 1.0 193
-1.0 1.0 0.0 1.0 194
1.0 0.0 1.0 1.0 195
1.0 2.0 1.0 1.0 196
2.0 1.0 1.0 1.0 197
0.8158440199441765 1.0 1.0 1.0 98
-0.2875713844390057 1.0 -1.0 1.0 111
1.701079708173127 1.0 2.0 1.0 112
1.0 0.4666435244081929 1.0 0.0 121
0.0 0.43410542545518066 0.0 0.0 124
0.0 1.274921112845211 0.0 2.0 125
0.5397981509216897 1.0 1.0 1.0 126
*** t = 67
1.0 0.3205980943594301 1.0 0.0 131
0.0 1.534224147738551 0.0 2.0 136
0.662130539370228 1.0 1.0 1.0 138
1.0 0.4592363725212084 1.0 0.0 139
0.0 0.9332910668018443 0.0 0.0 141
0.2537695439699248 1.0 0.0 1.0 142
0.8469177861965679 1.0 1.0 1.0 144
0.861112363583198 1.0 1.0 1.0 145
1.2735544137387356 1.0 2.0 1.0 146
1.0 1.0691520187096886 1.0 2.0 149
1.7756099624477537 1.0 2.0 1.0 150
0.0 0.7383816483515987 0.0 0.0 151
0.0 1.9558606481129013 0.0 2.0 154
0.5761510254080425 1.0 1.0 1.0 156
0.0 0.23493482181698255 0.0 0.0 158
0.382811177529946 1.0 0.0 1.0 160
1.0 1.810534587603964 1.0 2.0 161
0.48133019703320234 1.0 1.0 1.0 162
-0.3887278835975043 1.0 -1.0 1.0 163
0.0 0.5639406217612437 0.0 0.0 164
0.579089827277006 1.0 0.0 1.0 165
0.10031131639744656 1.0 1.0 1.0 166
0.0 0.9362701574720749 0.0 0.0 167
1.0 0.9912149872004141 1.0 1.0 168
0.8325321843610773 1.0 0.0 1.0 169
0.0 0.883573719696235 0.0 1.0 170
-0.28562487773241885 1.0 -1.0 1.0 171
1.0 0.7013675820234166 1.0 0.0 172
0.0 1.054378530177413 0.0 1.0 173
0.0 1.0870684200685343 0.0 2.0 174
0.0 1.152643180906505 0.0 1.0 175
-0.03103193198468629 1.0 0.0 1.0 176
1.0 0.9418148033167 1.0 1.0 177
1.0 1.3149237178545918 1.0 1.0 178
1.1537084963809963 1.0 1.0 1.0 179
0.0 1.1365993750125534 0.0 1.0 180
0.0 0.3820094028254988 0.0 1.0 181
0.0 1.304888312986026 0.0 1.0 182
1.0 1.2786807558292217 1.0 1.0 183
0.0 1.4350724427897408 0.0 1.0 184
-0.6346092911261154 1.0 0.0 1.0 185
1.0 0.465470434540955 1.0 1.0 186
1.3331760012142588 1.0 1.0 1.0 187
0.0 0.37608581972918653 0.0 1.0 188
0.0 1.5436252999456548 0.0 1.0 189
1.5790686112078078 1.0 2.0 1.0 62
1.0 1.6342941259071235 1.0 1.0 190
0.0 1.6266637313554004 0.0 1.0 191
0.0 0.1290687583303437 0.0 1.0 192
0.0 1.8825999959854798 0.0 1.0 193
-0.8651799144936109 1.0 0.0 1.0 194
1.0 0.10326643425800308 1.0 1.0 195
1.0 1.865927769313008 1.0 1.0 196
1.8707855424919497 1.0 1.0 1.0 197
0.0 2.0 0.0 1.0 198
0.8725891455674321 1.0 1.0 1.0 98
-0.36927036245468453 1.0 -1.0 1.0 111
1.8011196973647243 1.0 2.0 1.0 112
1.0 0.3610870045918676 1.0 0.0 121
0.0 0.3271931515158132 0.0 0.0 124
0.0 1.3697094925470947 0.0 2.0 125
0.6067458966139371 1.0 1.0 1.0 126
*** t = 68
1.0 0.1988070986484951 1.0 0.0 131
0.0 1.6549014881070534 0.0 2.0 136
0.7496110940739242 1.0 1.0 1.0 138
1.0 0.3255119710749562 1.0 0.0 139
0.0 0.824516912422994 0.0 0.0 141
0.16186267786307873 1.0 0.0 1.0 142
0.9495243298741549 1.0 1.0 1.0 144
0.9705895614410331 1.0 1.0 1.0 145
1.4072929086645436 1.0 2.0 1.0 146
1.0 1.198474019879044 1.0 2.0 149
1.8865855851007383 1.0 2.0 1.0 150
0.0 0.5970305013735736 0.0 0.0 151
0.697393411977892 1.0 1.0 1.0 156
0.0 0.0991605773413658 0.0 0.0 158
0.2584120373399419 1.0 0.0 1.0 160
1.0 1.949806478958115 1.0 2.0 161
0.6047743801193026 1.0 1.0 1.0 162
-0.5149758730154592 1.0 -1.0 1.0 163
0.0 0.4333897691940841 0.0 0.0 164
0.44991617521127925 1.0 0.0 1.0 165
0.21034244803719127 1.0 1.0 1.0 166
0.0 0.8298971732192824 0.0 0.0 167
1.0 1.0903364859204556 1.0 2.0 168
0.7157854027971852 1.0 0.0 1.0 169
0.0 0.9817485774402611 0.0 1.0 170
-0.4284720863693542 1.0 -1.0 1.0 171
1.0 0.5570750911371296 1.0 0.0 172
0.0 0.9361758464495895 0.0 0.0 173
0.0 1.2423639086497535 0.0 2.0 174
0.0 1.0315922067502914 0.0 1.0 175
0.10739207773178708 1.0 1.0 1.0 176
1.0763597752190857 1.0 2.0 1.0 177
1.0 1.217055677548105 1.0 1.0 178
1.03280971014971 1.0 1.0 1.0 179
0.007300729152021068 1.0 1.0 1.0 180
0.0 0.45841128339059856 0.0 1.0 181
0.0 1.1658659755832312 0.0 1.0 182
1.0 1.134416906995066 1.0 1.0 183
0.0 1.293840553487176 0.0 1.0 184
-0.5432616139076443 1.0 0.0 1.0 185
1.0 0.5818380431761937 1.0 1.0 186
1.1664700015178235 1.0 1.0 1.0 187
0.0 0.5014477596389154 0.0 1.0 188
0.0 1.3915003999275397 0.0 1.0 189
1.6363812470124257 1.0 2.0 1.0 62
1.0 1.5123921678761647 1.0 1.0 190
0.0 1.4399955970331006 0.0 1.0 191
0.0 0.2581375166606874 0.0 1.0 192
0.0 1.7651999919709596 0.0 1.0 193
-0.7303598289872217 1.0 0.0 1.0 194
1.0 0.20653286851600616 1.0 1.0 195
1.0 1.7318555386260162 1.0 1.0 196
1.7415710849838995 1.0 1.0 1.0 197
0.0 1.8702885394733977 0.0 1.0 198
0.0 0.0 0.0 1.0 199
0.0 2.0 0.0 1.0 200
1.0 2.0 1.0 1.0 201
0.9293342711906876 1.0 1.0 1.0 98
-0.45096934047036336 1.0 -1.0 1.0 111
1.9011596865563216 1.0 2.0 1.0 112
1.0 0.2555304847755423 1.0 0.0 121
0.0 0.2202808775764457 0.0 0.0 124
0.0 1.4644978722489785 0.0 2.0 125
0.6736936423061844 1.0 1.0 1.0 126
*** t = 69
1.0 0.0770161029375601 1.0 0.0 131
0.0 1.7755788284755558 0.0 2.0 136
0.8370916487776204 1.0 1.0 1.0 138
1.0 0.19178756962870405 1.0 0.0 139
0.0 0.7157427580441437 0.0 0.0 141
0.06995581175623267 1.0 0.0 1.0 142
1.0 0.947869126448258 1.0 0.0 144
1.0 0.9199332407011317 1.0 0.0 145
1.5410314035903516 1.0 2.0 1.0 146
1.0 1.3277960210483994 1.0 2.0 149
1.9975612077537228 1.0 2.0 1.0 150
0.0 0.4556793543955485 0.0 0.0 151
0.8186357985477414 1.0 1.0 1.0 156
0.13401289714993778 1.0 0.0 1.0 160
0.7282185632054029 1.0 1.0 1.0 162
-0.6412238624334141 1.0 -1.0 1.0 163
0.0 0.3028389166269245 0.0 0.0 164
0.3207425231455525 1.0 0.0 1.0 165
0.32037357967693597 1.0 1.0 1.0 166
0.0 0.7235241889664898 0.0 0.0 167
1.0 1.1894579846404971 1.0 2.0 168
0.599038621233293 1.0 0.0 1.0 169
0.07992343518428723 1.0 1.0 1.0 170
-0.5713192950062895 1.0 -1.0 1.0 171
1.0 0.4127826002508426 1.0 0.0 172
0.0 0.8179731627217661 0.0 0.0 173
0.0 1.3976593972309728 0.0 2.0 174
0.08945876740592226 1.0 1.0 1.0 175
0.24581608744826045 1.0 1.0 1.0 176
1.2109047471214713 1.0 2.0 1.0 177
1.0 1.119187637241618 1.0 1.0 178
1.0 0.9119109239184238 1.0 0.0 179
0.1512008333165955 1.0 1.0 1.0 180
0.0 0.5348131639556983 0.0 1.0 181
0.0 1.0268436381804364 0.0 1.0 182
0.9901530581609104 1.0 0.0 1.0 183
0.0 1.1526086641846112 0.0 1.0 184
-0.4519139366891731 1.0 0.0 1.0 185
1.0 0.6982056518114325 1.0 1.0 186
1.0 0.9997640018213882 1.0 0.0 187
0.0 0.6268096995486443 0.0 1.0 188
0.0 1.2393754999094246 0.0 1.0 189
1.6936938828170436 1.0 2.0 1.0 62
1.0 1.3904902098452059 1.0 1.0 190
0.0 1.2533274627108009 0.0 1.0 191
0.0 0.3872062749910311 0.0 1.0 192
0.0 1.6477999879564393 0.0 1.0 193
-0.5955397434808326 1.0 0.0 1.0 194
1.0 0.30979930277400924 1.0 1.0 195
1.0 1.5977833079390242 1.0 1.0 196
1.6123566274758492 1.0 1.0 1.0 197
0.0 1.7405770789467954 0.0 1.0 198
0.0 0.1406166510546191 0.0 1.0 199
0.0 1.8822124744103246 0.0 1.0 200
1.0 1.9030880933310028 1.0 1.0 201
0.0 2.0 0.0 1.0 202
-1.0 1.0 0.0 1.0 203
1.0 0.0 1.0 1.0 204
2.0 1.0 1.0 1.0 205
0.9860793968139431 1.0 1.0 1.0 98
-0.5326683184860421 1.0 -1.0 1.0 111
1.0 0.149973964959217 1.0 0.0 121
0.0 0.11336860363707825 0.0 0.0 124
0.0 1.5592862519508623 0.0 2.0 125
0.7406413879984318 1.0 1.0 1.0 126
*** t = 70
0.0 1.8962561688440582 0.0 2.0 136
0.9245722034813166 1.0 1.0 1.0 138
1.0 0.058063168182451885 1.0 0.0 139
0.0 0.6069686036652934 0.0 0.0 141
0.0 0.9780489456493866 0.0 0.0 142
1.0 0.845262582770671 1.0 0.0 144
1.0 0.8104560428432965 1.0 0.0 145
1.6747698985161596 1.0 2.0 1.0 146
1.0 1.4571180222177549 1.0 2.0 149
0.0 0.31432820741752343 0.0 0.0 151
0.9398781851175908 1.0 1.0 1.0 156
0.009613756959933661 1.0 0.0 1.0 160
0.8516627462915032 1.0 1.0 1.0 162
-0.767471851851369 1.0 -1.0 1.0 163
0.0 0.1722880640597649 0.0 0.0 164
0.1915688710798258 1.0 0.0 1.0 165
0.4304047113166807 1.0 1.0 1.0 166
0.0 0.6171512047136973 0.0 0.0 167
1.0 1.2885794833605386 1.0 2.0 168
0.48229183966940076 1.0 0.0 1.0 169
0.17809829292831333 1.0 1.0 1.0 170
-0.7141665036432249 1.0 -1.0 1.0 171
1.0 0.26849010936455564 1.0 0.0 172
0.0 0.6997704789939427 0.0 0.0 173
0.0 1.552954885812192 0.0 2.0 174
0.21050974156213592 1.0 1.0 1.0 175
0.38424009716473384 1.0 1.0 1.0 176
1.345449719023857 1.0 2.0 1.0 177
1.0 1.0213195969351312 1.0 1.0 178
1.0 0.7910121376871375 1.0 0.0 179
0.29510093748116994 1.0 1.0 1.0 180
0.0 0.6112150445207981 0.0 1.0 181
0.0 0.8878213007776417 0.0 0.0 182
0.8458892093267547 1.0 0.0 1.0 183
0.0 1.0113767748820464 0.0 1.0 184
-0.360566259470702 1.0 0.0 1.0 185
1.0 0.8145732604466712 1.0 1.0 186
1.0 0.833058002124953 1.0 0.0 187
0.0 0.7521716394583732 0.0 1.0 188
0.0 1.0872505998913096 0.0 1.0 189
1.7510065186216615 1.0 2.0 1.0 62
1.0 1.268588251814247 1.0 1.0 190
0.0 1.066659328388501 0.0 1.0 191
0.0 0.5162750333213748 0.0 1.0 192
0.0 1.5303999839419191 0.0 1.0 193
-0.4607196579744435 1.0 0.0 1.0 194
1.0 0.4130657370320123 1.0 1.0 195
1.0 1.4637110772520323 1.0 1.0 196
1.483142169967799 1.0 1.0 1.0 197
0.0 1.610865618420193 0.0 1.0 198
0.0 0.2812333021092382 0.0 1.0 199
0.0 1.7644249488206492 0.0 1.0 200
1.0 1.8061761866620056 1.0 1.0 201
0.0 1.8620230146010508 0.0 1.0 202
-0.887679616133387 1.0 0.0 1.0 203
1.0 0.10275307097741355 1.0 1.0 204
1.8498611521990702 1.0 1.0 1.0 205
0.0 0.0 0.0 1.0 206
0.0 2.0 0.0 1.0 207
1.0 2.0 1.0 1.0 208
1.0 0.9571754775628014 1.0 0.0 98
-0.614367296501721 1.0 -1.0 1.0 111
1.0 0.04441744514289171 1.0 0.0 121
0.0 0.006456329697710789 0.0 0.0 124
0.0 1.6540746316527462 0.0 2.0 125
0.8075891336906792 1.0 1.0 1.0 126
*** t = 71
1.012052758185013 1.0 2.0 1.0 138
0.0 0.4981944492864431 0.0 0.0 141
0.0 0.8861420795425405 0.0 0.0 142
1.0 0.742656039093084 1.0 0.0 144
1.0 0.7009788449854614 1.0 0.0 145
1.8085083934419677 1.0 2.0 1.0 146
1.0 1.5864400233871103 1.0 2.0 149
0.0 0.17297706043949837 0.0 0.0 151
1.0611205716874403 1.0 2.0 1.0 156
-0.11478538323007045 1.0 -1.0 1.0 160
0.9751069293776035 1.0 1.0 1.0 162
-0.8937198412693239 1.0 -1.0 1.0 163
0.0 0.041737211492605286 0.0 0.0 164
0.06239521901409906 1.0 0.0 1.0 165
0.5404358429564253 1.0 1.0 1.0 166
0.0 0.5107782204609048 0.0 0.0 167
1.0 1.3877009820805801 1.0 2.0 168
0.3655450581055085 1.0 0.0 1.0 169
0.27627315067233943 1.0 1.0 1.0 170
-0.8570137122801602 1.0 -1.0 1.0 171
1.0 0.12419761847826866 1.0 0.0 172
0.0 0.5815677952661193 0.0 0.0 173
0.0 1.7082503743934112 0.0 2.0 174
0.33156071571834955 1.0 1.0 1.0 175
0.5226641068812072 1.0 1.0 1.0 176
1.4799946909262427 1.0 2.0 1.0 177
0.9234515566286443 1.0 0.0 1.0 178
1.0 0.6701133514558513 1.0 0.0 179
0.4390010416457444 1.0 1.0 1.0 180
0.0 0.6876169250858979 0.0 1.0 181
0.0 0.7487989633748469 0.0 0.0 182
0.701625360492599 1.0 0.0 1.0 183
-0.12985511442051847 1.0 -1.0 1.0 184
-0.26921858225223083 1.0 0.0 1.0 185
1.0 0.93094086908191 1.0 1.0 186
1.0 0.6663520024285177 1.0 0.0 187
0.0 0.8775335793681021 0.0 1.0 188
0.06487430012680545 1.0 1.0 1.0 189
1.8083191544262793 1.0 2.0 1.0 62
1.0 1.1466862937832882 1.0 1.0 190
0.12000880593379878 1.0 1.0 1.0 191
0.0 0.6453437916517185 0.0 1.0 192
0.0 1.412999979927399 0.0 1.0 193
-0.32589957246805434 1.0 0.0 1.0 194
1.0 0.5163321712900154 1.0 1.0 195
1.0 1.3296388465650404 1.0 1.0 196
1.3539277124597486 1.0 1.0 1.0 197
0.0 1.4811541578935907 0.0 1.0 198
0.0 0.4218499531638573 0.0 1.0 199
0.0 1.6466374232309737 0.0 1.0 200
1.0 1.7092642799930085 1.0 1.0 201
0.0 1.7240460292021016 0.0 1.0 202
-0.775359232266774 1.0 0.0 1.0 203
1.0 0.2055061419548271 1.0 1.0 204
1.6997223043981404 1.0 1.0 1.0 205
0.0 0.07155634826705613 0.0 1.0 206
0.0 1.8469265465432632 0.0 1.0 207
1.0 1.8684261207882578 1.0 1.0 208
0.0 2.0 0.0 1.0 209
1.0 0.9004303519395459 1.0 0.0 98
-0.6960662745173998 1.0 -1.0 1.0 111
0.0 1.74886301135463 0.0 2.0 125
0.8745368793829266 1.0 1.0 1.0 126
*** t = 72
1.0995333128887093 1.0 2.0 1.0 138
0.0 0.3894202949075928 0.0 0.0 141
0.0 0.7942352134356945 0.0 0.0 142
1.0 0.6400494954154969 1.0 0.0 144
1.0 0.5915016471276262 1.0 0.0 145
1.9422468883677757 1.0 2.0 1.0 146
1.0 1.7157620245564658 1.0 2.0 149
0.0 0.03162591346147331 0.0 0.0 151
1.1823629582572899 1.0 2.0 1.0 156
-0.23918452342007457 1.0 -1.0 1.0 160
1.0985511124637037 1.0 2.0 1.0 162
-0.06677843305162767 1.0 -1.0 1.0 165
0.65046697459617 1.0 1.0 1.0 166
0.0 0.4044052362081123 0.0 0.0 167
1.0 1.4868224808006216 1.0 2.0 168
0.2487982765416163 1.0 0.0 1.0 169
0.37444800841636555 1.0 1.0 1.0 170
-0.9998609209170956 1.0 -1.0 1.0 171
0.0 0.4633651115382959 0.0 0.0 173
0.0 1.8635458629746304 0.0 2.0 174
0.45261168987456324 1.0 1.0 1.0 175
0.6610881165976806 1.0 1.0 1.0 176
1.6145396628286284 1.0 2.0 1.0 177
0.8255835163221574 1.0 0.0 1.0 178
1.0 0.549214565224565 1.0 0.0 179
0.5829011458103188 1.0 1.0 1.0 180
0.0 0.7640188056509977 0.0 1.0 181
0.0 0.6097766259720521 0.0 0.0 182
0.5573615116584434 1.0 0.0 1.0 183
-0.2710870037230833 1.0 -1.0 1.0 184
-0.17787090503375969 1.0 0.0 1.0 185
0.9526915222828513 1.0 0.0 1.0 186
1.0 0.4996460027320824 1.0 0.0 187
0.0 1.0028955192778308 0.0 2.0 188
0.21699920014492047 1.0 1.0 1.0 189
1.8656317902308972 1.0 2.0 1.0 62
1.0 1.0247843357523294 1.0 1.0 190
0.30667694025609865 1.0 1.0 1.0 191
0.0 0.7744125499820622 0.0 1.0 192
0.0 1.2955999759128787 0.0 1.0 193
-0.19107948696166524 1.0 0.0 1.0 194
1.0 0.6195986055480185 1.0 1.0 195
1.0 1.1955666158780485 1.0 1.0 196
1.2247132549516984 1.0 1.0 1.0 197
0.0 1.3514426973669884 0.0 1.0 198
0.0 0.5624666042184764 0.0 1.0 199
0.0 1.5288498976412983 0.0 1.0 200
1.0 1.6123523733240113 1.0 1.0 201
0.0 1.5860690438031524 0.0 1.0 202
-0.6630388484001609 1.0 0.0 1.0 203
1.0 0.3082592129322407 1.0 1.0 204
1.5495834565972106 1.0 1.0 1.0 205
0.0 0.14311269653411227 0.0 1.0 206
0.0 1.6938530930865263 0.0 1.0 207
1.0 1.7368522415765155 1.0 1.0 208
0.0 1.8610205119346868 0.0 1.0 209
0.0 0.0 0.0 1.0 210
0.0 2.0 0.0 1.0 211
-1.0 1.0 0.0 1.0 212
1.0 0.0 1.0 1.0 213
1.0 2.0 1.0 1.0 214
2.0 1.0 1.0 1.0 215
1.0 0.8436852263162904 1.0 0.0 98
-0.7777652525330786 1.0 -1.0 1.0 111
0.0 1.8436513910565138 0.0 2.0 125
0.9414846250751739 1.0 1.0 1.0 126
*** t = 73
1.1870138675924056 1.0 2.0 1.0 138
0.0 0.2806461405287425 0.0 0.0 141
0.0 0.7023283473288484 0.0 0.0 142
1.0 0.5374429517379099 1.0 0.0 144
1.0 0.48202444926979104 1.0 0.0 145
1.0 1.8450840257258212 1.0 2.0 149
1.3036053448271394 1.0 2.0 1.0 156
-0.36358366361007866 1.0 -1.0 1.0 160
1.221995295549804 1.0 2.0 1.0 162
-0.1959520851173544 1.0 -1.0 1.0 165
0.7604981062359146 1.0 1.0 1.0 166
0.0 0.2980322519553198 0.0 0.0 167
1.0 1.5859439795206631 1.0 2.0 168
0.13205149497772406 1.0 0.0 1.0 169
0.4726228661603917 1.0 1.0 1.0 170
0.0 0.34516242781047246 0.0 0.0 173
0.5736626640307769 1.0 1.0 1.0 175
0.799512126314154 1.0 1.0 1.0 176
1.749084634731014 1.0 2.0 1.0 177
0.7277154760156705 1.0 0.0 1.0 178
1.0 0.4283157789932787 1.0 0.0 179
0.7268012499748933 1.0 1.0 1.0 180
0.0 0.8404206862160974 0.0 1.0 181
0.0 0.4707542885692573 0.0 0.0 182
0.4130976628242878 1.0 0.0 1.0 183
-0.41231889302564817 1.0 -1.0 1.0 184
-0.08652322781528853 1.0 0.0 1.0 185
0.8363239136476125 1.0 0.0 1.0 186
1.0 0.3329400030356471 1.0 0.0 187
0.0 1.1282574591875596 0.0 2.0 188
0.3691241001630355 1.0 1.0 1.0 189
1.922944426035515 1.0 2.0 1.0 62
1.0 0.9028823777213706 1.0 0.0 190
0.4933450745783985 1.0 1.0 1.0 191
0.0 0.9034813083124059 0.0 1.0 192
0.0 1.1781999718983585 0.0 1.0 193
-0.05625940145527614 1.0 0.0 1.0 194
1.0 0.7228650398060216 1.0 1.0 195
1.0 1.0614943851910565 1.0 1.0 196
1.095498797443648 1.0 1.0 1.0 197
0.0 1.221731236840386 0.0 1.0 198
0.0 0.7030832552730955 0.0 1.0 199
0.0 1.4110623720516229 0.0 1.0 200
1.0 1.515440466655014 1.0 1.0 201
0.0 1.4480920584042032 0.0 1.0 202
-0.5507184645335479 1.0 0.0 1.0 203
1.0 0.4110122839096542 1.0 1.0 204
1.3994446087962809 1.0 1.0 1.0 205
0.0 0.21466904480116838 0.0 1.0 206
0.0 1.5407796396297895 0.0 1.0 207
1.0 1.6052783623647733 1.0 1.0 208
0.0 1.7220410238693735 0.0 1.0 209
0.0 0.15832510307773073 0.0 1.0 210
0.0 1.9365357600029778 0.0 1.0 211
-0.8696764679310678 1.0 0.0 1.0 212
1.0 0.13788495510173152 1.0 1.0 213
1.0 1.9232832571869296 1.0 1.0 214
1.8622532455039464 1.0 1.0 1.0 215
0.0 2.0 0.0 1.0 216
1.0 0.7869401006930349 1.0 0.0 98
-0.8594642305487574 1.0 -1.0 1.0 111
0.0 1.9384397707583976 0.0 2.0 125
1.0 0.9915676292325787 1.0 0.0 126
*** t = 74
1.2744944222961019 1.0 2.0 1.0 138
0.0 0.1718719861498922 0.0 0.0 141
0.0 0.6104214812220023 0.0 0.0 142
1.0 0.4348364080603228 1.0 0.0 144
1.0 0.3725472514119559 1.0 0.0 145
1.0 1.9744060268951766 1.0 2.0 149
1.424847731396989 1.0 2.0 1.0 156
-0.48798280380008274 1.0 -1.0 1.0 160
1.345439478635904 1.0 2.0 1.0 162
-0.32512573718308113 1.0 -1.0 1.0 165
0.8705292378756593 1.0 1.0 1.0 166
0.0 0.19165926770252728 0.0 0.0 167
1.0 1.6850654782407046 1.0 2.0 168
0.015304713413831841 1.0 0.0 1.0 169
0.5707977239044177 1.0 1.0 1.0 170
0.0 0.22695974408264902 0.0 0.0 173
0.6947136381869906 1.0 1.0 1.0 175
0.9379361360306274 1.0 1.0 1.0 176
1.8836296066333997 1.0 2.0 1.0 177
0.6298474357091837 1.0 0.0 1.0 178
1.0 0.3074169927619924 1.0 0.0 179
0.8707013541394677 1.0 1.0 1.0 180
0.0 0.9168225667811972 0.0 1.0 181
0.0 0.3317319511664625 0.0 0.0 182
0.2688338139901322 1.0 0.0 1.0 183
-0.553550782328213 1.0 -1.0 1.0 184
0.0 0.9951755505968174 0.0 0.0 185
0.7199563050123737 1.0 0.0 1.0 186
1.0 0.1662340033392118 1.0 0.0 187
0.0 1.2536193990972884 0.0 2.0 188
0.5212490001811505 1.0 1.0 1.0 189
1.980257061840133 1.0 2.0 1.0 62
1.0 0.7809804196904118 1.0 0.0 190
0.6800132089006984 1.0 1.0 1.0 191
0.03255006664274962 1.0 1.0 1.0 192
0.0 1.0607999678838382 0.0 1.0 193
0.0 1.078560684051113 0.0 2.0 194
1.0 0.8261314740640247 1.0 1.0 195
0.9274221545040646 1.0 0.0 1.0 196
0.9662843399355978 1.0 0.0 1.0 197
0.0 1.0920197763137838 0.0 1.0 198
0.0 0.8436999063277145 0.0 1.0 199
0.0 1.2932748464619475 0.0 1.0 200
1.0 1.418528559986017 1.0 1.0 201
0.0 1.310115073005254 0.0 1.0 202
-0.4383980806669348 1.0 0.0 1.0 203
1.0 0.5137653548870678 1.0 1.0 204
1.249305760995351 1.0 1.0 1.0 205
0.0 0.28622539306822453 0.0 1.0 206
0.0 1.3877061861730526 0.0 1.0 207
1.0 1.473704483153031 1.0 1.0 208
0.0 1.5830615358040603 0.0 1.0 209
0.0 0.31665020615546147 0.0 1.0 210
0.0 1.8730715200059556 0.0 1.0 211
-0.7393529358621356 1.0 0.0 1.0 212
1.0 0.27576991020346303 1.0 1.0 213
1.0 1.8465665143738592 1.0 1.0 214
1.7245064910078929 1.0 1.0 1.0 215
0.0 1.8818172966861535 0.0 1.0 216
0.0 0.0 0.0 1.0 217
0.0 2.0 0.0 1.0 218
1.0 2.0 1.0 1.0 219
1.0 0.7301949750697794 1.0 0.0 98
-0.9411632085644362 1.0 -1.0 1.0 111
1.0 0.9246198835403313 1.0 0.0 126
*** t = 75
1.3619749769997982 1.0 2.0 1.0 138
0.0 0.06309783177104188 0.0 0.0 141
0.0 0.5185146151151563 0.0 0.0 142
1.0 0.3322298643827357 1.0 0.0 144
1.0 0.2630700535541207 1.0 0.0 145
1.5460901179668385 1.0 2.0 1.0 156
-0.6123819439900868 1.0 -1.0 1.0 160
1.4688836617220042 1.0 2.0 1.0 162
-0.45429938924880786 1.0 -1.0 1.0 165
0.9805603695154039 1.0 1.0 1.0 166
0.0 0.08528628344973475 0.0 0.0 167
1.0 1.7841869769607461 1.0 2.0 168
0.0 0.8985579318499396 0.0 0.0 169
0.6689725816484439 1.0 1.0 1.0 170
0.0 0.10875706035482559 0.0 0.0 173
0.8157646123432043 1.0 1.0 1.0 175
1.0763601457471008 1.0 2.0 1.0 176
0.5319793954026968 1.0 0.0 1.0 178
1.0 0.1865182065307061 1.0 0.0 179
1.0 0.9853985416959579 1.0 0.0 180
0.0 0.993224447346297 0.0 1.0 181
0.0 0.1927096137636677 0.0 0.0 182
0.12456996515597657 1.0 0.0 1.0 183
-0.6947826716307778 1.0 -1.0 1.0 184
0.0 0.9038278733783462 0.0 0.0 185
0.603588696377135 1.0 0.0 1.0 186
0.0 1.3789813390070171 0.0 2.0 188
0.6733739001992656 1.0 1.0 1.0 189
1.0 0.6590784616594529 1.0 0.0 190
0.8666813432229983 1.0 1.0 1.0 191
0.16161882497309332 1.0 1.0 1.0 192
0.0566000361306819 1.0 1.0 1.0 193
0.0 1.213380769557502 0.0 2.0 194
1.0 0.9293979083220277 1.0 1.0 195
0.7933499238170727 1.0 0.0 1.0 196
0.8370698824275475 1.0 0.0 1.0 197
-0.037691684212818544 1.0 -1.0 1.0 198
0.0 0.9843165573823336 0.0 1.0 199
0.0 1.175487320872272 0.0 1.0 200
1.0 1.3216166533170197 1.0 1.0 201
0.0 1.1721380876063048 0.0 1.0 202
-0.3260776968003217 1.0 0.0 1.0 203
1.0 0.6165184258644814 1.0 1.0 204
1.0991669131944213 1.0 1.0 1.0 205
0.0 0.3577817413352807 0.0 1.0 206
0.0 1.2346327327163158 0.0 1.0 207
1.0 1.3421306039412888 1.0 1.0 208
0.0 1.444082047738747 0.0 1.0 209
0.0 0.4749753092331922 0.0 1.0 210
0.0 1.8096072800089333 0.0 1.0 211
-0.6090294037932034 1.0 0.0 1.0 212
1.0 0.4136548653051946 1.0 1.0 213
1.0 1.7698497715607888 1.0 1.0 214
1.5867597365118393 1.0 1.0 1.0 215
0.0 1.763634593372307 0.0 1.0 216
0.0 0.08242956495199039 0.0 1.0 217
0.0 1.859868115739303 0.0 1.0 218
1.0 1.8897952308255053 1.0 1.0 219
0.0 2.0 0.0 1.0 220
-1.0 1.0 0.0 1.0 221
1.0 0.0 1.0 1.0 222
2.0 1.0 1.0 1.0 223
1.0 0.6734498494465239 1.0 0.0 98
1.0 0.8576721378480839 1.0 0.0 126
*** t = 76
1.4494555317034945 1.0 2.0 1.0 138
0.0 0.4266077490083102 0.0 0.0 142
1.0 0.22962332070514863 1.0 0.0 144
1.0 0.15359285569628553 1.0 0.0 145
1.667332504536688 1.0 2.0 1.0 156
-0.7367810841800909 1.0 -1.0 1.0 160
1.5923278448081044 1.0 2.0 1.0 162
-0.5834730413145346 1.0 -1.0 1.0 165
1.0 0.9094084988448514 1.0 0.0 166
1.0 1.8833084756807876 1.0 2.0 168
0.0 0.7818111502860474 0.0 0.0 169
0.76714743939247 1.0 1.0 1.0 170
0.936815586499418 1.0 1.0 1.0 175
1.214784155463574 1.0 2.0 1.0 176
0.4341113550962099 1.0 0.0 1.0 178
1.0 0.06561942029941982 1.0 0.0 179
1.0 0.8414984375313834 1.0 0.0 180
0.06962632791139675 1.0 1.0 1.0 181
0.0 0.05368727636087289 0.0 0.0 182
0.0 0.980306116321821 0.0 0.0 183
-0.8360145609333426 1.0 -1.0 1.0 184
0.0 0.8124801961598751 0.0 0.0 185
0.4872210877418962 1.0 0.0 1.0 186
0.0 1.504343278916746 0.0 2.0 188
0.8254988002173806 1.0 1.0 1.0 189
1.0 0.5371765036284941 1.0 0.0 190
1.0 0.9466505224547018 1.0 0.0 191
0.290687583303437 1.0 1.0 1.0 192
0.17400004014520204 1.0 1.0 1.0 193
0.0 1.348200855063891 0.0 2.0 194
0.9673356574199692 1.0 0.0 1.0 195
0.6592776931300808 1.0 0.0 1.0 196
0.7078554249194973 1.0 0.0 1.0 197
-0.16740314473942086 1.0 -1.0 1.0 198
-0.12493320843695269 1.0 -1.0 1.0 199
0.0 1.0576997952825966 0.0 1.0 200
1.0 1.2247047466480225 1.0 1.0 201
0.0 1.0341611022073556 0.0 1.0 202
-0.21375731293370864 1.0 0.0 1.0 203
1.0 0.719271496841895 1.0 1.0 204
0.9490280653934915 1.0 0.0 1.0 205
0.0 0.4293380896023368 0.0 1.0 206
0.0 1.081559279259579 0.0 1.0 207
1.0 1.2105567247295466 1.0 1.0 208
0.0 1.3051025596734338 0.0 1.0 209
0.0 0.6333004123109229 0.0 1.0 210
0.0 1.7461430400119111 0.0 1.0 211
-0.47870587172427115 1.0 0.0 1.0 212
1.0 0.5515398204069261 1.0 1.0 213
1.0 1.6931330287477184 1.0 1.0 214
1.4490129820157858 1.0 1.0 1.0 215
0.0 1.6454518900584605 0.0 1.0 216
0.0 0.16485912990398077 0.0 1.0 217
0.0 1.7197362314786062 0.0 1.0 218
1.0 1.7795904616510105 1.0 1.0 219
0.0 1.8630484167991337 0.0 1.0 220
-0.888214922319173 1.0 0.0 1.0 221
1.0 0.12074227118334419 1.0 1.0 222
1.871212087661509 1.0 1.0 1.0 223
0.0 0.0 0.0 1.0 224
0.0 2.0 0.0 1.0 225
1.0 0.6167047238232684 1.0 0.0 98
1.0 2.0 1.0 1.0 226
1.0 0.7907243921558366 1.0 0.0 126
*** t = 77
1.5369360864071908 1.0 2.0 1.0 138
0.0 0.33470088290146416 0.0 0.0 142
1.0 0.12701677702756153 1.0 0.0 144
1.0 0.04411565783845034 1.0 0.0 145
1.7885748911065376 1.0 2.0 1.0 156
-0.861180224370095 1.0 -1.0 1.0 160
1.7157720278942046 1.0 2.0 1.0 162
-0.7126466933802613 1.0 -1.0 1.0 165
1.0 0.7993773672051068 1.0 0.0 166
1.0 1.9824299744008291 1.0 2.0 168
0.0 0.6650643687221552 0.0 0.0 169
0.8653222971364961 1.0 1.0 1.0 170
1.0578665606556317 1.0 2.0 1.0 175
1.3532081651800474 1.0 2.0 1.0 176
0.336243314789723 1.0 0.0 1.0 178
1.0 0.697598333366809 1.0 0.0 180
0.1460282084764965 1.0 1.0 1.0 181
0.0 0.8360422674876653 0.0 0.0 183
-0.9772464502359074 1.0 -1.0 1.0 184
0.0 0.721132518941404 0.0 0.0 185
0.37085347910665745 1.0 0.0 1.0 186
0.0 1.6297052188264747 0.0 2.0 188
0.9776237002354957 1.0 1.0 1.0 189
1.0 0.41527454559753535 1.0 0.0 190
1.0 0.7599823881324019 1.0 0.0 191
0.4197563416337807 1.0 1.0 1.0 192
0.2914000441597222 1.0 1.0 1.0 193
0.0 1.48302094057028 0.0 2.0 194
0.8640692231619661 1.0 0.0 1.0 195
0.5252054624430889 1.0 0.0 1.0 196
0.578640967411447 1.0 0.0 1.0 197
-0.2971146052660232 1.0 -1.0 1.0 198
-0.2655498594915718 1.0 -1.0 1.0 199
0.060087730307078854 1.0 1.0 1.0 200
1.0 1.1277928399790254 1.0 1.0 201
-0.1038158831915936 1.0 -1.0 1.0 202
-0.10143692906709557 1.0 0.0 1.0 203
1.0 0.8220245678193085 1.0 1.0 204
0.7988892175925617 1.0 0.0 1.0 205
0.0 0.5008944378693929 0.0 1.0 206
0.07151417419715783 1.0 1.0 1.0 207
1.0 1.0789828455178043 1.0 1.0 208
0.0 1.1661230716081206 0.0 1.0 209
0.0 0.7916255153886537 0.0 1.0 210
0.0 1.682678800014889 0.0 1.0 211
-0.34838233965533894 1.0 0.0 1.0 212
1.0 0.6894247755086576 1.0 1.0 213
1.0 1.616416285934648 1.0 1.0 214
1.3112662275197322 1.0 1.0 1.0 215
0.0 1.527269186744614 0.0 1.0 216
0.0 0.24728869485597116 0.0 1.0 217
0.0 1.5796043472179093 0.0 1.0 218
1.0 1.6693856924765158 1.0 1.0 219
0.0 1.7260968335982674 0.0 1.0 220
-0.776429844638346 1.0 0.0 1.0 221
1.0 0.24148454236668837 1.0 1.0 222
1.742424175323018 1.0 1.0 1.0 223
0.0 0.1208028212476264 0.0 1.0 224
0.0 1.8423885103471207 0.0 1.0 225
1.0 0.5599595982000128 1.0 0.0 98
1.0 1.8240959345059888 1.0 1.0 226
0.0 2.0 0.0 1.0 227
1.0 0.7237766464635892 1.0 0.0 126
*** t = 78
1.6244166411108871 1.0 2.0 1.0 138
0.0 0.2427940167946181 0.0 0.0 142
1.0 0.024410233349974456 1.0 0.0 144
1.909817277676387 1.0 2.0 1.0 156
-0.9855793645600991 1.0 -1.0 1.0 160
1.8392162109803047 1.0 2.0 1.0 162
-0.841820345445988 1.0 -1.0 1.0 165
1.0 0.6893462355653621 1.0 0.0 166
0.0 0.5483175871582631 0.0 0.0 169
0.9634971548805222 1.0 1.0 1.0 170
1.1789175348118452 1.0 2.0 1.0 175
1.4916321748965207 1.0 2.0 1.0 176
0.23837527448323612 1.0 0.0 1.0 178
1.0 0.5536982292022345 1.0 0.0 180
0.22243008904159625 1.0 1.0 1.0 181
0.0 0.6917784186535096 0.0 0.0 183
0.0 0.6297848417229328 0.0 0.0 185
0.2544858704714187 1.0 0.0 1.0 186
0.0 1.7550671587362034 0.0 2.0 188
1.0 0.8702513997463892 1.0 0.0 189
1.0 0.2933725875665766 1.0 0.0 190
1.0 0.573314253810102 1.0 0.0 191
0.5488250999641244 1.0 1.0 1.0 192
0.4088000481742423 1.0 1.0 1.0 193
0.0 1.6178410260766691 0.0 2.0 194
0.760802788903963 1.0 0.0 1.0 195
0.39113323175609693 1.0 0.0 1.0 196
0.4494265099033967 1.0 0.0 1.0 197
-0.4268260657926255 1.0 -1.0 1.0 198
-0.4061665105461909 1.0 -1.0 1.0 199
0.17787525589675432 1.0 1.0 1.0 200
1.0 1.0308809333100282 1.0 1.0 201
-0.24179286859054278 1.0 -1.0 1.0 202
0.010883454799517495 1.0 1.0 1.0 203
1.0 0.9247776387967221 1.0 1.0 204
0.6487503697916319 1.0 0.0 1.0 205
0.0 0.5724507861364491 0.0 1.0 206
0.22458762765389462 1.0 1.0 1.0 207
0.9474089663060621 1.0 0.0 1.0 208
0.0 1.0271435835428073 0.0 1.0 209
0.0 0.9499506184663844 0.0 1.0 210
0.0 1.6192145600178667 0.0 1.0 211
-0.21805880758640675 1.0 0.0 1.0 212
1.0 0.827309730610389 1.0 1.0 213
1.0 1.5396995431215776 1.0 1.0 214
1.1735194730236786 1.0 1.0 1.0 215
0.0 1.4090864834307675 0.0 1.0 216
0.0 0.32971825980796154 0.0 1.0 217
0.0 1.4394724629572124 0.0 1.0 218
1.0 1.559180923302021 1.0 1.0 219
0.0 1.589145250397401 0.0 1.0 220
-0.664644766957519 1.0 0.0 1.0 221
1.0 0.36222681355003256 1.0 1.0 222
1.6136362629845271 1.0 1.0 1.0 223
0.0 0.2416056424952528 0.0 1.0 224
0.0 1.6847770206942414 0.0 1.0 225
1.0 0.5032144725767573 1.0 0.0 98
1.0 1.6481918690119777 1.0 1.0 226
0.0 1.8991379707339937 0.0 1.0 227
0.0 0.0 0.0 1.0 228
0.0 2.0 0.0 1.0 229
-1.0 1.0 0.0 1.0 230
1.0 0.0 1.0 1.0 231
1.0 2.0 1.0 1.0 232
2.0 1.0 1.0 1.0 233
1.0 0.6568289007713418 1.0 0.0 126
*** t = 79
1.7118971958145834 1.0 2.0 1.0 138
0.0 0.15088715068777203 0.0 0.0 142
1.962660394066405 1.0 2.0 1.0 162
-0.9709939975117148 1.0 -1.0 1.0 165
1.0 0.5793151039256175 1.0 0.0 166
0.0 0.43157080559437083 0.0 0.0 169
1.0616720126245482 1.0 2.0 1.0 170
1.2999685089680588 1.0 2.0 1.0 175
1.630056184612994 1.0 2.0 1.0 176
0.1405072341767492 1.0 0.0 1.0 178
1.0 0.4097981250376601 1.0 0.0 180
0.298831969606696 1.0 1.0 1.0 181
0.0 0.547514569819354 0.0 0.0 183
0.0 0.5384371645044617 0.0 0.0 185
0.13811826183617992 1.0 0.0 1.0 186
0.0 1.8804290986459322 0.0 2.0 188
1.0 0.7181264997282741 1.0 0.0 189
1.0 0.1714706295356178 1.0 0.0 190
1.0 0.38664611948780214 1.0 0.0 191
0.6778938582944681 1.0 1.0 1.0 192
0.5262000521887624 1.0 1.0 1.0 193
0.0 1.7526611115830582 0.0 2.0 194
0.6575363546459599 1.0 0.0 1.0 195
0.257061001069105 1.0 0.0 1.0 196
0.32021205239534645 1.0 0.0 1.0 197
-0.5565375263192278 1.0 -1.0 1.0 198
-0.54678316160081 1.0 -1.0 1.0 199
0.29566278148642977 1.0 1.0 1.0 200
0.933969026641031 1.0 0.0 1.0 201
-0.3797698539894919 1.0 -1.0 1.0 202
0.12320383866613056 1.0 1.0 1.0 203
0.9724692902258643 1.0 0.0 1.0 204
0.4986115219907021 1.0 0.0 1.0 205
0.0 0.6440071344035052 0.0 1.0 206
0.3776610811106314 1.0 1.0 1.0 207
0.8158350870943198 1.0 0.0 1.0 208
0.11183590452250591 1.0 1.0 1.0 209
0.0 1.108275721544115 0.0 2.0 210
0.0 1.5557503200208445 0.0 1.0 211
-0.08773527551747456 1.0 0.0 1.0 212
1.0 0.9651946857121205 1.0 1.0 213
1.0 1.4629828003085072 1.0 1.0 214
1.035772718527625 1.0 1.0 1.0 215
0.0 1.290903780116921 0.0 1.0 216
0.0 0.41214782475995193 0.0 1.0 217
0.0 1.2993405786965155 0.0 1.0 218
1.0 1.4489761541275263 1.0 1.0 219
0.0 1.4521936671965348 0.0 1.0 220
-0.5528596892766919 1.0 0.0 1.0 221
1.0 0.48296908473337674 1.0 1.0 222
1.4848483506460362 1.0 1.0 1.0 223
0.0 0.36240846374287916 0.0 1.0 224
0.0 1.527165531041362 0.0 1.0 225
1.0 0.4464693469535018 1.0 0.0 98
1.0 1.4722878035179665 1.0 1.0 226
0.0 1.7982759414679874 0.0 1.0 227
0.0 0.09873224731290063 0.0 1.0 228
0.0 1.9002382371827755 0.0 1.0 229
-0.8597859032020919 1.0 0.0 1.0 230
1.0 0.11553447333058062 1.0 1.0 231
1.0 1.9003508793397053 1.0 1.0 232
1.8971169128246184 1.0 1.0 1.0 233
0.0 2.0 0.0 1.0 234
1.0 0.5898811550790944 1.0 0.0 126
*** t = 80
1.7993777505182798 1.0 2.0 1.0 138
0.0 0.05898028458092597 0.0 0.0 142
1.0 0.46928397228587276 1.0 0.0 166
0.0 0.3148240240304786 0.0 0.0 169
1.1598468703685743 1.0 2.0 1.0 170
1.4210194831242724 1.0 2.0 1.0 175
1.7684801943294672 1.0 2.0 1.0 176
0.0426391938702623 1.0 0.0 1.0 178
1.0 0.26589802087308567 1.0 0.0 180
0.3752338501717958 1.0 1.0 1.0 181
0.0 0.4032507209851984 0.0 0.0 183
0.0 0.4470894872859905 0.0 0.0 185
0.021750653200941175 1.0 0.0 1.0 186
1.0 0.5660015997101591 1.0 0.0 189
1.0 0.04956867150465903 1.0 0.0 190
1.0 0.19997798516550228 1.0 0.0 191
0.8069626166248118 1.0 1.0 1.0 192
0.6436000562032825 1.0 1.0 1.0 193
0.0 1.8874811970894472 0.0 2.0 194
0.5542699203879569 1.0 0.0 1.0 195
0.12298877038211306 1.0 0.0 1.0 196
0.19099759488729615 1.0 0.0 1.0 197
-0.6862489868458301 1.0 -1.0 1.0 198
-0.687399812655429 1.0 -1.0 1.0 199
0.41345030707610525 1.0 1.0 1.0 200
0.8370571199720338 1.0 0.0 1.0 201
-0.5177468393884411 1.0 -1.0 1.0 202
0.23552422253274363 1.0 1.0 1.0 203
0.8697162192484507 1.0 0.0 1.0 204
0.34847267418977224 1.0 0.0 1.0 205
0.0 0.7155634826705614 0.0 1.0 206
0.5307345345673682 1.0 1.0 1.0 207
0.6842612078825776 1.0 0.0 1.0 208
0.25081539258781915 1.0 1.0 1.0 209
0.0 1.2666008246218459 0.0 2.0 210
0.0 1.4922860800238222 0.0 1.0 211
0.0 1.0425882565514577 0.0 2.0 212
1.1030796408138521 1.0 2.0 1.0 213
1.0 1.3862660574954369 1.0 1.0 214
1.0 0.8980259640315716 1.0 0.0 215
0.0 1.1727210768030745 0.0 1.0 216
0.0 0.4945773897119423 0.0 1.0 217
0.0 1.1592086944358186 0.0 1.0 218
1.0 1.3387713849530316 1.0 1.0 219
0.0 1.3152420839956684 0.0 1.0 220
-0.4410746115958649 1.0 0.0 1.0 221
1.0 0.6037113559167209 1.0 1.0 222
1.3560604383075452 1.0 1.0 1.0 223
0.0 0.4832112849905056 0.0 1.0 224
0.0 1.3695540413884828 0.0 1.0 225
1.0 0.3897242213302463 1.0 0.0 98
1.0 1.2963837380239553 1.0 1.0 226
0.0 1.6974139122019811 0.0 1.0 227
0.0 0.19746449462580126 0.0 1.0 228
0.0 1.800476474365551 0.0 1.0 229
-0.7195718064041838 1.0 0.0 1.0 230
1.0 0.23106894666116123 1.0 1.0 231
1.0 1.8007017586794105 1.0 1.0 232
1.7942338256492367 1.0 1.0 1.0 233
0.0 1.895397227675466 0.0 1.0 234
0.0 0.0 0.0 1.0 235
0.0 2.0 0.0 1.0 236
1.0 2.0 1.0 1.0 237
1.0 0.5229334093868471 1.0 0.0 126
*** t = 81
1.886858305221976 1.0 2.0 1.0 138
1.0 0.35925284064612806 1.0 0.0 166
0.0 0.19807724246658637 0.0 0.0 169
1.2580217281126003 1.0 2.0 1.0 170
1.542070457280486 1.0 2.0 1.0 175
1.9069042040459405 1.0 2.0 1.0 176
-0.05522884643622461 1.0 -1.0 1.0 178
1.0 0.12199791670851123 1.0 0.0 180
0.45163573073689556 1.0 1.0 1.0 181
0.0 0.25898687215104277 0.0 0.0 183
0.0 0.35574181006751937 0.0 0.0 185
-0.09461695543429757 1.0 -1.0 1.0 186
1.0 0.41387669969204405 1.0 0.0 189
1.0 0.013309850843202409 1.0 0.0 191
0.9360313749551555 1.0 1.0 1.0 192
0.7610000602178026 1.0 1.0 1.0 193
0.4510034861299538 1.0 0.0 1.0 195
-0.01108346030487889 1.0 -1.0 1.0 196
0.061783137379245845 1.0 0.0 1.0 197
-0.8159604473724325 1.0 -1.0 1.0 198
-0.8280164637100481 1.0 -1.0 1.0 199
0.5312378326657807 1.0 1.0 1.0 200
0.7401452133030366 1.0 0.0 1.0 201
-0.6557238247873903 1.0 -1.0 1.0 202
0.3478446063993567 1.0 1.0 1.0 203
0.7669631482710371 1.0 0.0 1.0 204
0.1983338263888424 1.0 0.0 1.0 205
0.0 0.7871198309376175 0.0 1.0 206
0.683807988024105 1.0 1.0 1.0 207
0.5526873286708354 1.0 0.0 1.0 208
0.3897948806531324 1.0 1.0 1.0 209
0.0 1.4249259276995767 0.0 2.0 210
0.0 1.4288218400268 0.0 1.0 211
0.0 1.17291178862039 0.0 2.0 212
1.2409645959155837 1.0 2.0 1.0 213
1.0 1.3095493146823665 1.0 1.0 214
1.0 0.7602792095355182 1.0 0.0 215
0.0 1.054538373489228 0.0 1.0 216
0.0 0.5770069546639327 0.0 1.0 217
0.0 1.0190768101751218 0.0 1.0 218
1.0 1.2285666157785369 1.0 1.0 219
0.0 1.1782905007948021 0.0 1.0 220
-0.3292895339150379 1.0 0.0 1.0 221
1.0 0.724453627100065 1.0 1.0 222
1.2272725259690542 1.0 1.0 1.0 223
0.0 0.604014106238132 0.0 1.0 224
0.0 1.2119425517356035 0.0 1.0 225
1.0 0.3329790957069908 1.0 0.0 98
1.0 1.1204796725299442 1.0 1.0 226
0.0 1.5965518829359748 0.0 1.0 227
0.0 0.2961967419387019 0.0 1.0 228
0.0 1.7007147115483265 0.0 1.0 229
-0.5793577096062758 1.0 0.0 1.0 230
1.0 0.3466034199917418 1.0 1.0 231
1.0 1.7010526380191158 1.0 1.0 232
1.691350738473855 1.0 1.0 1.0 233
0.0 1.790794455350932 0.0 1.0 234
0.0 0.13182551467601264 0.0 1.0 235
0.0 1.8596625055592866 0.0 1.0 236
1.0 1.8627758516508284 1.0 1.0 237
0.0 2.0 0.0 1.0 238
-1.0 1.0 0.0 1.0 239
1.0 0.0 1.0 1.0 240
2.0 1.0 1.0 1.0 241
1.0 0.4559856636945997 1.0 0.0 126
*** t = 82
1.9743388599256724 1.0 2.0 1.0 138
1.0 0.24922170900638335 1.0 0.0 166
0.0 0.08133046090269415 0.0 0.0 169
1.3561965858566263 1.0 2.0 1.0 170
1.6631214314366995 1.0 2.0 1.0 175
-0.15309688674271152 1.0 -1.0 1.0 178
0.5280376113019953 1.0 1.0 1.0 181
0.0 0.11472302331688716 0.0 0.0 183
0.0 0.2643941328490482 0.0 0.0 185
-0.2109845640695363 1.0 -1.0 1.0 186
1.0 0.26175179967392903 1.0 0.0 189
1.0651001332854992 1.0 2.0 1.0 192
0.8784000642323228 1.0 1.0 1.0 193
0.3477370518719507 1.0 0.0 1.0 195
-0.14515569099187084 1.0 -1.0 1.0 196
-0.06743132012880446 1.0 -1.0 1.0 197
-0.9456719078990348 1.0 -1.0 1.0 198
-0.9686331147646672 1.0 -1.0 1.0 199
0.6490253582554562 1.0 1.0 1.0 200
0.6432333066340394 1.0 0.0 1.0 201
-0.7937008101863395 1.0 -1.0 1.0 202
0.4601649902659698 1.0 1.0 1.0 203
0.6642100772936235 1.0 0.0 1.0 204
0.04819497858791255 1.0 0.0 1.0 205
0.0 0.8586761792046737 0.0 1.0 206
0.8368814414808419 1.0 1.0 1.0 207
0.4211134494590932 1.0 0.0 1.0 208
0.5287743687184456 1.0 1.0 1.0 209
0.0 1.5832510307773076 0.0 2.0 210
0.0 1.3653576000297778 0.0 1.0 211
0.0 1.3032353206893221 0.0 2.0 212
1.3788495510173153 1.0 2.0 1.0 213
1.0 1.232832571869296 1.0 1.0 214
1.0 0.6225324550394647 1.0 0.0 215
0.06364432982461857 1.0 1.0 1.0 216
0.0 0.6594365196159231 0.0 1.0 217
0.0 0.8789449259144249 0.0 0.0 218
1.0 1.1183618466040421 1.0 1.0 219
0.0 1.0413389175939358 0.0 1.0 220
-0.2175044562342109 1.0 0.0 1.0 221
1.0 0.8451958982834091 1.0 1.0 222
1.0984846136305633 1.0 1.0 1.0 223
0.0 0.7248169274857584 0.0 1.0 224
0.0 1.0543310620827242 0.0 1.0 225
1.0 0.2762339700837353 1.0 0.0 98
0.9445756070359329 1.0 0.0 1.0 226
0.0 1.4956898536699685 0.0 1.0 227
0.0 0.3949289892516025 0.0 1.0 228
0.0 1.600952948731102 0.0 1.0 229
-0.43914361280836767 1.0 0.0 1.0 230
1.0 0.46213789332232247 1.0 1.0 231
1.0 1.601403517358821 1.0 1.0 232
1.5884676512984734 1.0 1.0 1.0 233
0.0 1.686191683026398 0.0 1.0 234
0.0 0.2636510293520253 0.0 1.0 235
0.0 1.7193250111185732 0.0 1.0 236
1.0 1.7255517033016567 1.0 1.0 237
0.0 1.8772820353732846 0.0 1.0 238
-0.8452270314212085 1.0 0.0 1.0 239
1.0 0.09824587670338225 1.0 1.0 240
1.9055970923598142 1.0 1.0 1.0 241
0.0 0.0 0.0 1.0 242
0.0 2.0 0.0 1.0 243
1.0 2.0 1.0 1.0 244
1.0 0.3890379180023523 1.0 0.0 126
*** t = 83
1.0 0.13919057736663865 1.0 0.0 166
1.4543714436006523 1.0 2.0 1.0 170
1.7841724055929131 1.0 2.0 1.0 175
-0.2509649270491984 1.0 -1.0 1.0 178
0.6044394918670951 1.0 1.0 1.0 181
0.0 0.17304645563057708 0.0 0.0 185
-0.32735217270477507 1.0 -1.0 1.0 186
1.0 0.10962689965581401 1.0 0.0 189
1.1941688916158428 1.0 2.0 1.0 192
0.9958000682468429 1.0 1.0 1.0 193
0.24447061761394762 1.0 0.0 1.0 195
-0.2792279216788628 1.0 -1.0 1.0 196
-0.19664577763685476 1.0 -1.0 1.0 197
0.7668128838451316 1.0 1.0 1.0 200
0.5463213999650423 1.0 0.0 1.0 201
-0.9316777955852887 1.0 -1.0 1.0 202
0.5724853741325828 1.0 1.0 1.0 203
0.5614570063162099 1.0 0.0 1.0 204
0.0 1.1019438692130172 0.0 2.0 205
0.0 0.9302325274717298 0.0 1.0 206
0.9899548949375787 1.0 1.0 1.0 207
0.289539570247351 1.0 0.0 1.0 208
0.6677538567837589 1.0 1.0 1.0 209
0.0 1.7415761338550384 0.0 2.0 210
0.0 1.3018933600327556 0.0 1.0 211
0.0 1.4335588527582543 0.0 2.0 212
1.516734506119047 1.0 2.0 1.0 213
1.0 1.1561158290562257 1.0 1.0 214
1.0 0.4847857005434113 1.0 0.0 215
0.1818270331384651 1.0 1.0 1.0 216
0.0 0.7418660845679135 0.0 1.0 217
0.0 0.738813041653728 0.0 0.0 218
1.0 1.0081570774295474 1.0 1.0 219
0.09561266560693049 1.0 1.0 1.0 220
-0.10571937855338392 1.0 0.0 1.0 221
1.0 0.9659381694667533 1.0 1.0 222
0.9696967012920723 1.0 0.0 1.0 223
0.0 0.8456197487333849 0.0 1.0 224
0.0 0.8967195724298448 0.0 0.0 225
1.0 0.21948884446047975 1.0 0.0 98
0.7686715415419216 1.0 0.0 1.0 226
0.0 1.3948278244039622 0.0 1.0 227
0.0 0.49366123656450317 0.0 1.0 228
0.0 1.5011911859138776 0.0 1.0 229
-0.2989295160104596 1.0 0.0 1.0 230
1.0 0.5776723666529031 1.0 1.0 231
1.0 1.5017543966985263 1.0 1.0 232
1.4855845641230918 1.0 1.0 1.0 233
0.0 1.5815889107018641 0.0 1.0 234
0.0 0.3954765440280379 0.0 1.0 235
0.0 1.5789875166778597 0.0 1.0 236
1.0 1.5883275549524851 1.0 1.0 237
0.0 1.7545640707465693 0.0 1.0 238
-0.690454062842417 1.0 0.0 1.0 239
1.0 0.1964917534067645 1.0 1.0 240
1.8111941847196285 1.0 1.0 1.0 241
0.0 0.16330429889696244 0.0 1.0 242
0.0 1.9033870989866286 0.0 1.0 243
1.0 1.8892428986533825 1.0 1.0 244
0.0 2.0 0.0 1.0 245
1.0 0.32209017231010495 1.0 0.0 126
*** t = 84
1.0 0.02915944572689394 1.0 0.0 166
1.5525463013446783 1.0 2.0 1.0 170
1.9052233797491267 1.0 2.0 1.0 175
-0.34883296735568536 1.0 -1.0 1.0 178
0.6808413724321949 1.0 1.0 1.0 181
0.0 0.08169877841210592 0.0 0.0 185
-0.44371978134001383 1.0 -1.0 1.0 186
1.3232376499461864 1.0 2.0 1.0 192
1.0 1.113200072261363 1.0 2.0 193
0.14120418335594453 1.0 0.0 1.0 195
-0.4133001523658547 1.0 -1.0 1.0 196
-0.32586023514490503 1.0 -1.0 1.0 197
0.884600409434807 1.0 1.0 1.0 200
0.44940949329604507 1.0 0.0 1.0 201
0.6848057579991959 1.0 1.0 1.0 203
0.45870393533879633 1.0 0.0 1.0 204
0.0 1.252082717013947 0.0 2.0 205
-0.0017888757387859305 1.0 -1.0 1.0 206
1.0 1.1430283483943156 1.0 2.0 207
0.1579656910356088 1.0 0.0 1.0 208
0.8067333448490721 1.0 1.0 1.0 209
0.0 1.8999012369327692 0.0 2.0 210
0.0 1.2384291200357334 0.0 1.0 211
0.0 1.5638823848271866 0.0 2.0 212
1.6546194612207785 1.0 2.0 1.0 213
1.0 1.0793990862431553 1.0 1.0 214
1.0 0.34703894604735785 1.0 0.0 215
0.30000973645231166 1.0 1.0 1.0 216
0.0 0.8242956495199039 0.0 1.0 217
0.0 0.5986811573930311 0.0 0.0 218
1.0 0.8979523082550527 1.0 0.0 219
0.2325642488077968 1.0 1.0 1.0 220
0.0 0.993934300872557 0.0 0.0 221
1.0866804406500974 1.0 2.0 1.0 222
0.8409087889535813 1.0 0.0 1.0 223
0.0 0.9664225699810113 0.0 1.0 224
0.0 0.7391080827769654 0.0 0.0 225
1.0 0.16274371883722422 1.0 0.0 98
0.5927674760479104 1.0 0.0 1.0 226
0.0 1.293965795137956 0.0 1.0 227
0.0 0.5923934838774038 0.0 1.0 228
0.0 1.401429423096653 0.0 1.0 229
-0.1587154192125515 1.0 0.0 1.0 230
1.0 0.6932068399834838 1.0 1.0 231
1.0 1.4021052760382315 1.0 1.0 232
1.3827014769477102 1.0 1.0 1.0 233
0.0 1.4769861383773302 0.0 1.0 234
0.0 0.5273020587040506 0.0 1.0 235
0.0 1.4386500222371463 0.0 1.0 236
1.0 1.4511034066033135 1.0 1.0 237
0.0 1.631846106119854 0.0 1.0 238
-0.5356810942636254 1.0 0.0 1.0 239
1.0 0.29473763011014675 1.0 1.0 240
1.7167912770794427 1.0 1.0 1.0 241
0.0 0.32660859779392487 0.0 1.0 242
0.0 1.8067741979732572 0.0 1.0 243
1.0 1.778485797306765 1.0 1.0 244
0.0 1.8955678157733278 0.0 1.0 245
0.0 0.0 0.0 1.0 246
0.0 2.0 0.0 1.0 247
-1.0 1.0 0.0 1.0 248
1.0 0.0 1.0 1.0 249
1.0 2.0 1.0 1.0 250
2.0 1.0 1.0 1.0 251
1.0 0.2551424266178576 1.0 0.0 126
*** t = 85
1.6507211590887043 1.0 2.0 1.0 170
-0.44670100766217224 1.0 -1.0 1.0 178
0.7572432529972947 1.0 1.0 1.0 181
-0.5600873899752525 1.0 -1.0 1.0 186
1.45230640827653 1.0 2.0 1.0 192
1.0 1.2306000762758833 1.0 2.0 193
0.03793774909794145 1.0 0.0 1.0 195
-0.5473723830528466 1.0 -1.0 1.0 196
-0.4550746926529553 1.0 -1.0 1.0 197
1.0 1.0023879350244824 1.0 2.0 200
0.3524975866270479 1.0 0.0 1.0 201
0.7971261418658089 1.0 1.0 1.0 203
0.3559508643613828 1.0 0.0 1.0 204
0.0 1.4022215648148768 0.0 2.0 205
-0.07334522400584206 1.0 -1.0 1.0 206
1.0 1.2961018018510524 1.0 2.0 207
0.02639181182386663 1.0 0.0 1.0 208
0.9457128329143853 1.0 1.0 1.0 209
0.0 1.1749648800387111 0.0 1.0 211
0.0 1.6942059168961188 0.0 2.0 212
1.7925044163225101 1.0 2.0 1.0 213
1.0 1.0026823434300849 1.0 1.0 214
1.0 0.20929219155130438 1.0 0.0 215
0.41819243976615816 1.0 1.0 1.0 216
0.0 0.9067252144718942 0.0 1.0 217
0.0 0.4585492731323342 0.0 0.0 218
1.0 0.787747539080558 1.0 0.0 219
0.3695158320086631 1.0 1.0 1.0 220
0.0 0.88214922319173 0.0 0.0 221
1.2074227118334415 1.0 2.0 1.0 222
0.7121208766150904 1.0 0.0 1.0 223
0.08722539122863768 1.0 1.0 1.0 224
0.0 0.581496593124086 0.0 0.0 225
1.0 0.10599859321396868 1.0 0.0 98
0.4168634105538991 1.0 0.0 1.0 226
0.0 1.1931037658719497 0.0 1.0 227
0.0 0.6911257311903044 0.0 1.0 228
0.0 1.3016676602794286 0.0 1.0 229
-0.018501322414643417 1.0 0.0 1.0 230
1.0 0.8087413133140644 1.0 1.0 231
1.0 1.3024561553779368 1.0 1.0 232
1.2798183897723285 1.0 1.0 1.0 233
0.0 1.3723833660527962 0.0 1.0 234
0.0 0.6591275733800632 0.0 1.0 235
0.0 1.298312527796433 0.0 1.0 236
1.0 1.3138792582541419 1.0 1.0 237
0.0 1.5091281414931386 0.0 1.0 238
-0.3809081256848339 1.0 0.0 1.0 239
1.0 0.392983506813529 1.0 1.0 240
1.622388369439257 1.0 1.0 1.0 241
0.0 0.48991289669088733 0.0 1.0 242
0.0 1.7101612969598858 0.0 1.0 243
1.0 1.6677286959601474 1.0 1.0 244
0.0 1.7911356315466556 0.0 1.0 245
0.0 0.1297927128502301 0.0 1.0 246
0.0 1.876046707840495 0.0 1.0 247
-0.8836955497977486 1.0 0.0 1.0 248
1.0 0.13045300876149013 1.0 1.0 249
1.0 1.8072763573846926 1.0 1.0 250
1.9191103043800322 1.0 1.0 1.0 251
0.0 2.0 0.0 1.0 252
1.0 0.1881946809256102 1.0 0.0 126
*** t = 86
1.7488960168327303 1.0 2.0 1.0 170
-0.5445690479686591 1.0 -1.0 1.0 178
0.8336451335623944 1.0 1.0 1.0 181
-0.6764549986104913 1.0 -1.0 1.0 186
1.5813751666068736 1.0 2.0 1.0 192
1.0 1.3480000802904035 1.0 2.0 193
0.0 0.9346713148399384 0.0 0.0 195
-0.6814446137398386 1.0 -1.0 1.0 196
-0.5842891501610056 1.0 -1.0 1.0 197
1.0 1.1201754606141578 1.0 2.0 200
0.2555856799580507 1.0 0.0 1.0 201
0.9094465257324219 1.0 1.0 1.0 203
0.25319779338396925 1.0 0.0 1.0 204
0.0 1.5523604126158066 0.0 2.0 205
-0.14490157227289818 1.0 -1.0 1.0 206
1.0 1.4491752553077892 1.0 2.0 207
0.0 0.8948179326121244 0.0 0.0 208
1.0 0.9153076790203014 1.0 0.0 209
0.0 1.111500640041689 0.0 1.0 211
0.0 1.824529448965051 0.0 2.0 212
1.9303893714242417 1.0 2.0 1.0 213
1.0740343993829855 1.0 2.0 1.0 214
1.0 0.0715454370552509 1.0 0.0 215
0.5363751430800047 1.0 1.0 1.0 216
0.0 0.9891547794238846 0.0 1.0 217
0.0 0.3184173888716373 0.0 0.0 218
1.0 0.6775427699060632 1.0 0.0 219
0.5064674152095294 1.0 1.0 1.0 220
0.0 0.7703641455109029 0.0 0.0 221
1.3281649830167856 1.0 2.0 1.0 222
0.5833329642765994 1.0 0.0 1.0 223
0.20802821247626407 1.0 1.0 1.0 224
0.0 0.42388510347120656 0.0 0.0 225
1.0 0.04925346759071315 1.0 0.0 98
0.24095934505988784 1.0 0.0 1.0 226
0.0 1.0922417366059434 0.0 1.0 227
0.0 0.789857978503205 0.0 1.0 228
0.0 1.201905897462204 0.0 1.0 229
0.12171277438326467 1.0 1.0 1.0 230
1.0 0.924275786644645 1.0 1.0 231
1.0 1.202807034717642 1.0 1.0 232
1.176935302596947 1.0 1.0 1.0 233
0.0 1.2677805937282622 0.0 1.0 234
0.0 0.7909530880560759 0.0 1.0 235
0.0 1.1579750333557195 0.0 1.0 236
1.0 1.1766551099049702 1.0 1.0 237
0.0 1.3864101768664232 0.0 1.0 238
-0.22613515710604234 1.0 0.0 1.0 239
1.0 0.49122938351691126 1.0 1.0 240
1.5279854617990711 1.0 1.0 1.0 241
0.0 0.6532171955878497 0.0 1.0 242
0.0 1.6135483959465144 0.0 1.0 243
1.0 1.5569715946135299 1.0 1.0 244
0.0 1.6867034473199833 0.0 1.0 245
0.0 0.2595854257004602 0.0 1.0 246
0.0 1.75209341568099 0.0 1.0 247
-0.7673910995954971 1.0 0.0 1.0 248
1.0 0.26090601752298026 1.0 1.0 249
1.0 1.6145527147693852 1.0 1.0 250
1.8382206087600643 1.0 1.0 1.0 251
0.0 1.8843045826102556 0.0 1.0 252
0.0 0.0 0.0 1.0 253
1.0 0.12124693523336282 1.0 0.0 126
0.0 2.0 0.0 1.0 254
1.0 2.0 1.0 1.0 255
*** t = 87
0.0 2.0 0.0 1.0 256
-1.0 1.0 0.0 1.0 257
1.0 0.0 1.0 1.0 258
2.0 1.0 1.0 1.0 259
1.8470708745767563 1.0 2.0 1.0 170
-0.642437088275146 1.0 -1.0 1.0 178
0.9100470141274942 1.0 1.0 1.0 181
-0.7928226072457301 1.0 -1.0 1.0 186
1.7104439249372172 1.0 2.0 1.0 192
1.0 1.4654000843049237 1.0 2.0 193
0.0 0.8314048805819353 0.0 0.0 195
-0.8155168444268305 1.0 -1.0 1.0 196
-0.7135036076690559 1.0 -1.0 1.0 197
1.0 1.2379629862038333 1.0 2.0 200
0.15867377328905352 1.0 0.0 1.0 201
1.0 1.021766909599035 1.0 2.0 203
0.1504447224065557 1.0 0.0 1.0 204
0.0 1.7024992604167364 0.0 2.0 205
-0.21645792053995433 1.0 -1.0 1.0 206
1.0 1.602248708764526 1.0 2.0 207
0.0 0.7632440534003821 0.0 0.0 208
1.0 0.7763281909549882 1.0 0.0 209
0.0 1.0480364000446667 0.0 1.0 211
0.0 1.9548529810339832 0.0 2.0 212
1.150751142196056 1.0 2.0 1.0 214
0.6545578463938512 1.0 1.0 1.0 216
0.0 1.071584344375875 0.0 2.0 217
0.0 0.1782855046109404 0.0 0.0 218
1.0 0.5673380007315685 1.0 0.0 219
0.6434189984103957 1.0 1.0 1.0 220
0.0 0.6585790678300759 0.0 0.0 221
1.4489072542001298 1.0 2.0 1.0 222
0.45454505193810846 1.0 0.0 1.0 223
0.32883103372389044 1.0 1.0 1.0 224
0.0 0.26627361381832715 0.0 0.0 225
0.06505527956587659 1.0 0.0 1.0 226
0.0 0.9913797073399371 0.0 0.0 227
0.0 0.8885902258161057 0.0 1.0 228
0.0 1.1021441346449796 0.0 1.0 229
0.26192687118117275 1.0 1.0 1.0 230
0.9601897400247743 1.0 0.0 1.0 231
1.0 1.1031579140573473 1.0 1.0 232
1.0740522154215653 1.0 1.0 1.0 233
0.0 1.1631778214037283 0.0 1.0 234
0.0 0.9227786027320886 0.0 1.0 235
0.0 1.017637538915006 0.0 1.0 236
1.0 1.0394309615557986 1.0 1.0 237
0.0 1.2636922122397078 0.0 1.0 238
-0.07136218852725079 1.0 0.0 1.0 239
1.0 0.5894752602202935 1.0 1.0 240
1.4335825541588854 1.0 1.0 1.0 241
0.0 0.8165214944848121 0.0 1.0 242
0.0 1.516935494933143 0.0 1.0 243
1.0 1.4462144932669123 1.0 1.0 244
0.0 1.5822712630933111 0.0 1.0 245
0.0 0.38937813855069037 0.0 1.0 246
0.0 1.628140123521485 0.0 1.0 247
-0.6510866493932457 1.0 0.0 1.0 248
1.0 0.3913590262844704 1.0 1.0 249
1.0 1.4218290721540778 1.0 1.0 250
1.7573309131400965 1.0 1.0 1.0 251
0.0 1.7686091652205111 0.0 1.0 252
0.0 0.10227393683231883 0.0 1.0 253
1.0 0.05429918954111543 1.0 0.0 126
0.0 1.858689075521817 0.0 1.0 254
1.0 1.8791191023134317 1.0 1.0 255
*** t = 88
0.0 1.8939984342998537 0.0 1.0 256
-0.8444382662025137 1.0 0.0 1.0 257
1.0 0.15779517581738317 1.0 1.0 258
1.875697493138187 1.0 1.0 1.0 259
0.0 0.0 0.0 1.0 260
0.0 2.0 0.0 1.0 261
1.0 2.0 1.0 1.0 262
1.9452457323207824 1.0 2.0 1.0 170
-0.7403051285816329 1.0 -1.0 1.0 178
0.986448894692594 1.0 1.0 1.0 181
-0.9091902158809688 1.0 -1.0 1.0 186
1.8395126832675608 1.0 2.0 1.0 192
1.0 1.582800088319444 1.0 2.0 193
0.0 0.7281384463239322 0.0 0.0 195
-0.9495890751138224 1.0 -1.0 1.0 196
-0.8427180651771061 1.0 -1.0 1.0 197
1.0 1.3557505117935087 1.0 2.0 200
0.06176186662005634 1.0 0.0 1.0 201
1.0 1.134087293465648 1.0 2.0 203
0.047691651429142154 1.0 0.0 1.0 204
0.0 1.8526381082176662 0.0 2.0 205
-0.2880142688070105 1.0 -1.0 1.0 206
1.0 1.755322162221263 1.0 2.0 207
0.0 0.6316701741886399 0.0 0.0 208
1.0 0.6373487028896749 1.0 0.0 209
-0.015427839952355443 1.0 -1.0 1.0 211
1.2274678850091263 1.0 2.0 1.0 214
0.7727405497076977 1.0 1.0 1.0 216
0.0 1.1540139093278654 0.0 2.0 217
0.0 0.0381536203502435 0.0 0.0 218
1.0 0.4571332315570738 1.0 0.0 219
0.780370581611262 1.0 1.0 1.0 220
0.0 0.5467939901492489 0.0 0.0 221
1.569649525383474 1.0 2.0 1.0 222
0.3257571395996175 1.0 0.0 1.0 223
0.44963385497151687 1.0 1.0 1.0 224
0.0 0.10866212416544777 0.0 0.0 225
-0.11084878592813466 1.0 -1.0 1.0 226
0.0 0.8905176780739308 0.0 0.0 227
0.0 0.9873224731290063 0.0 1.0 228
0.0 1.0023823718277551 0.0 1.0 229
0.40214096797908083 1.0 1.0 1.0 230
0.8446552666941937 1.0 0.0 1.0 231
1.0 1.0035087933970526 1.0 1.0 232
1.0 1.0288308717538164 1.0 2.0 233
0.0 1.0585750490791943 0.0 1.0 234
0.0546041174081012 1.0 1.0 1.0 235
0.12269995552570725 1.0 1.0 1.0 236
0.902206813206627 1.0 0.0 1.0 237
0.0 1.1409742476129925 0.0 1.0 238
0.0 1.0834107800515407 0.0 2.0 239
1.0 0.6877211369236758 1.0 1.0 240
1.3391796465186996 1.0 1.0 1.0 241
0.0 0.9798257933817746 0.0 1.0 242
0.0 1.4203225939197717 0.0 1.0 243
1.0 1.3354573919202948 1.0 1.0 244
0.0 1.477839078866639 0.0 1.0 245
0.0 0.5191708514009205 0.0 1.0 246
0.0 1.50418683136198 0.0 1.0 247
-0.5347821991909942 1.0 0.0 1.0 248
1.0 0.5218120350459605 1.0 1.0 249
1.0 1.2291054295387704 1.0 1.0 250
1.6764412175201286 1.0 1.0 1.0 251
0.0 1.6529137478307667 0.0 1.0 252
0.0 0.20454787366463767 0.0 1.0 253
0.0 1.7173781510436341 0.0 1.0 254
1.0 1.7582382046268634 1.0 1.0 255
*** t = 89
0.0 1.7879968685997074 0.0 1.0 256
-0.6888765324050274 1.0 0.0 1.0 257
1.0 0.31559035163476634 1.0 1.0 258
1.7513949862763738 1.0 1.0 1.0 259
0.0 0.10428616583484135 0.0 1.0 260
0.0 1.8501809218953051 0.0 1.0 261
1.0 1.8741249615262658 1.0 1.0 262
0.0 2.0 0.0 1.0 263
-0.8381731688881198 1.0 -1.0 1.0 178
1.0628507752576937 1.0 2.0 1.0 181
1.9685814415979044 1.0 2.0 1.0 192
1.0 1.7002000923339642 1.0 2.0 193
0.0 0.6248720120659291 0.0 0.0 195
-0.9719325226851564 1.0 -1.0 1.0 197
1.0 1.4735380373831841 1.0 2.0 200
-0.035150040048940845 1.0 -1.0 1.0 201
1.0 1.2464076773322612 1.0 2.0 203
0.0 0.9449385804517286 0.0 0.0 204
-0.3595706170740666 1.0 -1.0 1.0 206
1.0 1.9083956156779998 1.0 2.0 207
0.0 0.5000962949768977 0.0 0.0 208
1.0 0.4983692148243617 1.0 0.0 209
-0.07889207994937758 1.0 -1.0 1.0 211
1.3041846278221967 1.0 2.0 1.0 214
0.8909232530215442 1.0 1.0 1.0 216
0.0 1.2364434742798558 0.0 2.0 217
1.0 0.34692846238257913 1.0 0.0 219
0.9173221648121284 1.0 1.0 1.0 220
0.0 0.4350089124684219 0.0 0.0 221
1.690391796566818 1.0 2.0 1.0 222
0.19696922726112656 1.0 0.0 1.0 223
0.5704366762191433 1.0 1.0 1.0 224
-0.2867528514221459 1.0 -1.0 1.0 226
0.0 0.7896556488079245 0.0 0.0 227
0.08605472044190697 1.0 1.0 1.0 228
0.0973793909894693 1.0 1.0 1.0 229
0.5423550647769889 1.0 1.0 1.0 230
0.729120793363613 1.0 0.0 1.0 231
1.0961403272632422 1.0 2.0 1.0 232
1.0 1.131713958929198 1.0 2.0 233
0.04602772324533973 1.0 1.0 1.0 234
0.18642963208411384 1.0 1.0 1.0 235
0.2630374499664206 1.0 1.0 1.0 236
0.7649826648574554 1.0 0.0 1.0 237
0.0 1.0182562829862771 0.0 1.0 238
0.0 1.2381837486303322 0.0 2.0 239
1.0 0.785967013627058 1.0 1.0 240
1.2447767388785138 1.0 1.0 1.0 241
0.143130092278737 1.0 1.0 1.0 242
0.0 1.3237096929064003 0.0 1.0 243
1.0 1.2247002905736772 1.0 1.0 244
0.0 1.3734068946399667 0.0 1.0 245
0.0 0.6489635642511505 0.0 1.0 246
0.0 1.380233539202475 0.0 1.0 247
-0.41847774898874274 1.0 0.0 1.0 248
1.0 0.6522650438074507 1.0 1.0 249
1.0 1.036381786923463 1.0 1.0 250
1.5955515219001608 1.0 1.0 1.0 251
0.0 1.5372183304410223 0.0 1.0 252
0.0 0.3068218104969565 0.0 1.0 253
0.0 1.5760672265654512 0.0 1.0 254
1.0 1.6373573069402951 1.0 1.0 255
*** t = 90
0.0 1.6819953028995611 0.0 1.0 256
-0.5333147986075412 1.0 0.0 1.0 257
1.0 0.4733855274521495 1.0 1.0 258
1.6270924794145607 1.0 1.0 1.0 259
0.0 0.2085723316696827 0.0 1.0 260
0.0 1.7003618437906103 0.0 1.0 261
1.0 1.7482499230525317 1.0 1.0 262
0.0 1.8791561692918 0.0 1.0 263
0.0 0.0 0.0 1.0 264
0.0 2.0 0.0 1.0 265
-1.0 1.0 0.0 1.0 266
1.0 0.0 1.0 1.0 267
1.0 2.0 1.0 1.0 268
2.0 1.0 1.0 1.0 269
-0.9360412091946066 1.0 -1.0 1.0 178
1.1392526558227933 1.0 2.0 1.0 181
1.0 1.8176000963484844 1.0 2.0 193
0.0 0.521605577807926 0.0 0.0 195
1.0 1.5913255629728595 1.0 2.0 200
-0.13206194671793803 1.0 -1.0 1.0 201
1.0 1.3587280611988743 1.0 2.0 203
0.0 0.842185509474315 0.0 0.0 204
-0.43112696534112277 1.0 -1.0 1.0 206
0.0 0.3685224157651555 0.0 0.0 208
1.0 0.35938972675904846 1.0 0.0 209
-0.14235631994639972 1.0 -1.0 1.0 211
1.380901370635267 1.0 2.0 1.0 214
1.0091059563353908 1.0 2.0 1.0 216
0.0 1.3188730392318462 0.0 2.0 217
1.0 0.23672369320808445 1.0 0.0 219
1.0 1.0542737480129947 1.0 2.0 220
0.0 0.32322383478759487 0.0 0.0 221
1.8111340677501622 1.0 2.0 1.0 222
0.06818131492263563 1.0 0.0 1.0 223
0.6912394974667697 1.0 1.0 1.0 224
-0.4626569169161572 1.0 -1.0 1.0 226
0.0 0.6887936195419182 0.0 0.0 227
0.1847869677548076 1.0 1.0 1.0 228
0.19714115380669373 1.0 1.0 1.0 229
0.682569161574897 1.0 1.0 1.0 230
0.6135863200330324 1.0 0.0 1.0 231
1.195789447923537 1.0 2.0 1.0 232
1.0 1.2345970461045797 1.0 2.0 233
0.15063049556987376 1.0 1.0 1.0 234
0.31825514676012645 1.0 1.0 1.0 235
0.40337494440713395 1.0 1.0 1.0 236
0.6277585165082837 1.0 0.0 1.0 237
0.10446168164043818 1.0 1.0 1.0 238
0.0 1.3929567172091237 0.0 2.0 239
1.0 0.8842128903304403 1.0 1.0 240
1.150373831238328 1.0 1.0 1.0 241
0.3064343911756994 1.0 1.0 1.0 242
0.0 1.227096791893029 0.0 1.0 243
1.0 1.1139431892270597 1.0 1.0 244
0.0 1.2689747104132945 0.0 1.0 245
0.0 0.7787562771013806 0.0 1.0 246
0.0 1.25628024704297 0.0 1.0 247
-0.30217329878649124 1.0 0.0 1.0 248
1.0 0.7827180525689408 1.0 1.0 249
1.0 0.8436581443081557 1.0 0.0 250
1.514661826280193 1.0 1.0 1.0 251
0.0 1.4215229130512779 0.0 1.0 252
0.0 0.40909574732927534 0.0 1.0 253
0.0 1.4347563020872682 0.0 1.0 254
1.0 1.5164764092537268 1.0 1.0 255
*** t = 91
0.0 1.5759937371994148 0.0 1.0 256
-0.3777530648100549 1.0 0.0 1.0 257
1.0 0.6311807032695327 1.0 1.0 258
1.5027899725527476 1.0 1.0 1.0 259
0.0 0.31285849750452405 0.0 1.0 260
0.0 1.5505427656859154 0.0 1.0 261
1.0 1.6223748845787975 1.0 1.0 262
0.0 1.7583123385836 0.0 1.0 263
0.0 0.20472911469929475 0.0 1.0 264
0.0 1.8771863633089885 0.0 1.0 265
-0.8313208074748375 1.0 0.0 1.0 266
1.0 0.13683753632825416 1.0 1.0 267
1.0 1.9055724608565994 1.0 1.0 268
1.9044983864491065 1.0 1.0 1.0 269
0.0 2.0 0.0 1.0 270
1.215654536387893 1.0 2.0 1.0 181
1.0 1.9350001003630046 1.0 2.0 193
0.0 0.41833914354992296 0.0 0.0 195
1.0 1.709113088562535 1.0 2.0 200
-0.2289738533869352 1.0 -1.0 1.0 201
1.0 1.4710484450654875 1.0 2.0 203
0.0 0.7394324384969014 0.0 0.0 204
-0.5026833136081789 1.0 -1.0 1.0 206
0.0 0.2369485365534133 0.0 0.0 208
1.0 0.22041023869373522 1.0 0.0 209
-0.20582055994342185 1.0 -1.0 1.0 211
1.4576181134483375 1.0 2.0 1.0 214
1.1272886596492373 1.0 2.0 1.0 216
0.0 1.4013026041838366 0.0 2.0 217
1.0 0.12651892403358977 1.0 0.0 219
1.0 1.191225331213861 1.0 2.0 220
0.0 0.21143875710676788 0.0 0.0 221
1.9318763389335063 1.0 2.0 1.0 222
0.0 0.9393934025841447 0.0 0.0 223
0.8120423187143961 1.0 1.0 1.0 224
-0.6385609824101685 1.0 -1.0 1.0 226
0.0 0.5879315902759119 0.0 0.0 227
0.2835192150677082 1.0 1.0 1.0 228
0.29690291662391816 1.0 1.0 1.0 229
0.8227832583728051 1.0 1.0 1.0 230
0.49805184670245173 1.0 0.0 1.0 231
1.2954385685838317 1.0 2.0 1.0 232
1.0 1.3374801332799613 1.0 2.0 233
0.2552332678944078 1.0 1.0 1.0 234
0.4500806614361391 1.0 1.0 1.0 235
0.5437124388478473 1.0 1.0 1.0 236
0.49053436815911206 1.0 0.0 1.0 237
0.22717964626715348 1.0 1.0 1.0 238
0.0 1.5477296857879153 0.0 2.0 239
1.0 0.9824587670338225 1.0 1.0 240
1.0559709235981423 1.0 1.0 1.0 241
0.4697386900726619 1.0 1.0 1.0 242
0.0 1.1304838908796575 0.0 1.0 243
1.0 1.0031860878804422 1.0 1.0 244
0.0 1.1645425261866222 0.0 1.0 245
0.0 0.9085489899516107 0.0 1.0 246
0.0 1.132326954883465 0.0 1.0 247
-0.18586884858423974 1.0 0.0 1.0 248
1.0 0.9131710613304309 1.0 1.0 249
1.0 0.6509345016928483 1.0 0.0 250
1.4337721306602251 1.0 1.0 1.0 251
0.0 1.3058274956615334 0.0 1.0 252
0.0 0.5113696841615942 0.0 1.0 253
0.0 1.2934453776090853 0.0 1.0 254
1.0 1.3955955115671586 1.0 1.0 255
*** t = 92
0.0 1.4699921714992685 0.0 1.0 256
-0.22219133101256858 1.0 0.0 1.0 257
1.0 0.7889758790869159 1.0 1.0 258
1.3784874656909345 1.0 1.0 1.0 259
0.0 0.4171446633393654 0.0 1.0 260
0.0 1.4007236875812206 0.0 1.0 261
1.0 1.4964998461050634 1.0 1.0 262
0.0 1.6374685078753999 0.0 1.0 263
0.0 0.4094582293985895 0.0 1.0 264
0.0 1.754372726617977 0.0 1.0 265
-0.662641614949675 1.0 0.0 1.0 266
1.0 0.2736750726565083 1.0 1.0 267
1.0 1.8111449217131987 1.0 1.0 268
1.808996772898213 1.0 1.0 1.0 269
0.0 1.8794008969202916 0.0 1.0 270
0.0 0.0 0.0 1.0 271
0.0 2.0 0.0 1.0 272
1.0 2.0 1.0 1.0 273
1.2920564169529927 1.0 2.0 1.0 181
0.0 0.3150727092919199 0.0 0.0 195
1.0 1.8269006141522104 1.0 2.0 200
-0.3258857600559324 1.0 -1.0 1.0 201
1.0 1.5833688289321006 1.0 2.0 203
0.0 0.6366793675194878 0.0 0.0 204
-0.574239661875235 1.0 -1.0 1.0 206
0.0 0.10537465734167112 0.0 0.0 208
1.0 0.08143075062842198 1.0 0.0 209
-0.26928479994044396 1.0 -1.0 1.0 211
1.5343348562614079 1.0 2.0 1.0 214
1.2454713629630838 1.0 2.0 1.0 216
0.0 1.483732169135827 0.0 2.0 217
1.0 0.016314154859095098 1.0 0.0 219
1.0 1.3281769144147273 1.0 2.0 220
0.0 0.09965367942594089 0.0 0.0 221
0.0 0.8106054902456538 0.0 0.0 223
0.9328451399620226 1.0 1.0 1.0 224
-0.8144650479041797 1.0 -1.0 1.0 226
0.0 0.4870695610099056 0.0 0.0 227
0.38225146238060886 1.0 1.0 1.0 228
0.3966646794411426 1.0 1.0 1.0 229
0.9629973551707132 1.0 1.0 1.0 230
0.3825173733718711 1.0 0.0 1.0 231
1.3950876892441264 1.0 2.0 1.0 232
1.0 1.440363220455343 1.0 2.0 233
0.35983604021894183 1.0 1.0 1.0 234
0.5819061761121518 1.0 1.0 1.0 235
0.6840499332885606 1.0 1.0 1.0 236
0.3533102198099404 1.0 0.0 1.0 237
0.3498976108938688 1.0 1.0 1.0 238
0.0 1.7025026543667068 0.0 2.0 239
0.9192953562627952 1.0 0.0 1.0 240
0.9615680159579566 1.0 0.0 1.0 241
0.6330429889696243 1.0 1.0 1.0 242
0.0 1.0338709898662861 0.0 1.0 243
0.8924289865338246 1.0 0.0 1.0 244
0.0 1.06011034195995 0.0 1.0 245
0.03834170280184082 1.0 1.0 1.0 246
0.0 1.00837366272396 0.0 1.0 247
-0.06956439838198825 1.0 0.0 1.0 248
1.043624070091921 1.0 2.0 1.0 249
1.0 0.4582108590775409 1.0 0.0 250
1.3528824350402573 1.0 1.0 1.0 251
0.0 1.190132078271789 0.0 1.0 252
0.0 0.6136436209939131 0.0 1.0 253
0.0 1.1521344531309023 0.0 1.0 254
1.0 1.2747146138805903 1.0 1.0 255
*** t = 93
0.0 1.3639906057991222 0.0 1.0 256
-0.06662959721508227 1.0 0.0 1.0 257
1.0 0.9467710549042991 1.0 1.0 258
1.2541849588291214 1.0 1.0 1.0 259
0.0 0.5214308291742067 0.0 1.0 260
0.0 1.2509046094765257 0.0 1.0 261
1.0 1.3706248076313292 1.0 1.0 262
0.0 1.5166246771671998 0.0 1.0 263
0.0 0.6141873440978842 0.0 1.0 264
0.0 1.6315590899269654 0.0 1.0 265
-0.4939624224245125 1.0 0.0 1.0 266
1.0 0.4105126089847625 1.0 1.0 267
1.0 1.7167173825697981 1.0 1.0 268
1.7134951593473196 1.0 1.0 1.0 269
0.0 1.758801793840583 0.0 1.0 270
0.0 0.1463607196647043 0.0 1.0 271
0.0 1.8368312371714004 0.0 1.0 272
1.0 1.8875350262820796 1.0 1.0 273
0.0 2.0 0.0 1.0 274
-1.0 1.0 0.0 1.0 275
1.0 0.0 1.0 1.0 276
2.0 1.0 1.0 1.0 277
1.3684582975180923 1.0 2.0 1.0 181
0.0 0.2118062750339168 0.0 0.0 195
1.0 1.9446881397418858 1.0 2.0 200
-0.4227976667249296 1.0 -1.0 1.0 201
1.0 1.6956892127987138 1.0 2.0 203
0.0 0.5339262965420742 0.0 0.0 204
-0.6457960101422912 1.0 -1.0 1.0 206
-0.3327490399374661 1.0 -1.0 1.0 211
1.6110515990744783 1.0 2.0 1.0 214
1.3636540662769303 1.0 2.0 1.0 216
0.0 1.5661617340878173 0.0 2.0 217
1.0 1.4651284976155936 1.0 2.0 220
0.0 0.6818175779071628 0.0 0.0 223
1.053647961209649 1.0 2.0 1.0 224
-0.990369113398191 1.0 -1.0 1.0 226
0.0 0.3862075317438993 0.0 0.0 227
0.4809837096935095 1.0 1.0 1.0 228
0.496426442258367 1.0 1.0 1.0 229
1.0 1.1032114519686211 1.0 2.0 230
0.26698290004129044 1.0 0.0 1.0 231
1.4947368099044211 1.0 2.0 1.0 232
1.0 1.5432463076307246 1.0 2.0 233
0.46443881254347585 1.0 1.0 1.0 234
0.7137316907881645 1.0 1.0 1.0 235
0.8243874277292739 1.0 1.0 1.0 236
0.2160860714607687 1.0 0.0 1.0 237
0.4726155755205841 1.0 1.0 1.0 238
0.0 1.8572756229454983 0.0 2.0 239
0.821049479559413 1.0 0.0 1.0 240
0.8671651083177709 1.0 0.0 1.0 241
0.7963472878665867 1.0 1.0 1.0 242
-0.06274191114708519 1.0 -1.0 1.0 243
0.7816718851872071 1.0 0.0 1.0 244
0.04432184226672228 1.0 1.0 1.0 245
0.16813441565207093 1.0 1.0 1.0 246
-0.11557962943554521 1.0 -1.0 1.0 247
0.0 0.9532599481797368 0.0 0.0 248
1.1740770788534112 1.0 2.0 1.0 249
1.0 0.2654872164622335 1.0 0.0 250
1.2719927394202895 1.0 1.0 1.0 251
0.0 1.0744366608820446 0.0 1.0 252
0.0 0.715917557826232 0.0 1.0 253
0.0 1.0108235286527194 0.0 1.0 254
1.0 1.153833716194022 1.0 1.0 255
*** t = 94
0.0 1.257989040098976 0.0 1.0 256
0.0 0.9110678634175959 0.0 0.0 257
1.1045662307216824 1.0 2.0 1.0 258
1.1298824519673083 1.0 1.0 1.0 259
0.0 0.625716995009048 0.0 1.0 260
0.0 1.1010855313718309 0.0 1.0 261
1.0 1.244749769157595 1.0 1.0 262
0.0 1.3957808464589998 0.0 1.0 263
0.0 0.818916458797179 0.0 1.0 264
0.0 1.5087454532359539 0.0 1.0 265
-0.32528322989935 1.0 0.0 1.0 266
1.0 0.5473501453130166 1.0 1.0 267
1.0 1.6222898434263975 1.0 1.0 268
1.617993545796426 1.0 1.0 1.0 269
0.0 1.6382026907608747 0.0 1.0 270
0.0 0.2927214393294086 0.0 1.0 271
0.0 1.6736624743428008 0.0 1.0 272
1.0 1.7750700525641592 1.0 1.0 273
0.0 1.8418996259692868 0.0 1.0 274
-0.840365854554697 1.0 0.0 1.0 275
1.0 0.2079979411181589 1.0 1.0 276
1.8593676622159498 1.0 1.0 1.0 277
0.0 0.0 0.0 1.0 278
0.0 2.0 0.0 1.0 279
1.0 2.0 1.0 1.0 280
1.444860178083192 1.0 2.0 1.0 181
0.0 0.10853984077591372 0.0 0.0 195
-0.5197095733939268 1.0 -1.0 1.0 201
1.0 1.808009596665327 1.0 2.0 203
0.0 0.4311732255646607 0.0 0.0 204
-0.7173523584093473 1.0 -1.0 1.0 206
-0.3962132799344882 1.0 -1.0 1.0 211
1.6877683418875487 1.0 2.0 1.0 214
1.4818367695907768 1.0 2.0 1.0 216
0.0 1.6485912990398077 0.0 2.0 217
1.0 1.60208008081646 1.0 2.0 220
0.0 0.5530296655686718 0.0 0.0 223
1.1744507824572754 1.0 2.0 1.0 224
0.0 0.28534550247789303 0.0 0.0 227
0.5797159570064101 1.0 1.0 1.0 228
0.5961882050755914 1.0 1.0 1.0 229
1.0 1.2434255487665293 1.0 2.0 230
0.15144842671070982 1.0 0.0 1.0 231
1.594385930564716 1.0 2.0 1.0 232
1.0 1.6461293948061062 1.0 2.0 233
0.5690415848680099 1.0 1.0 1.0 234
0.8455572054641771 1.0 1.0 1.0 235
0.9647249221699872 1.0 1.0 1.0 236
0.07886192311159701 1.0 0.0 1.0 237
0.5953335401472994 1.0 1.0 1.0 238
0.7228036028560307 1.0 0.0 1.0 240
0.7727622006775853 1.0 0.0 1.0 241
0.9596515867635491 1.0 1.0 1.0 242
-0.1593548121604565 1.0 -1.0 1.0 243
0.6709147838405896 1.0 0.0 1.0 244
0.1487540264933946 1.0 1.0 1.0 245
0.2979271285023011 1.0 1.0 1.0 246
-0.23953292159505032 1.0 -1.0 1.0 247
0.0 0.8369554979774854 0.0 0.0 248
1.3045300876149013 1.0 2.0 1.0 249
1.0 0.07276357384692614 1.0 0.0 250
1.1911030438003216 1.0 1.0 1.0 251
0.04125875650769993 1.0 1.0 1.0 252
0.0 0.8181914946585509 0.0 1.0 253
0.13048739582546356 1.0 1.0 1.0 254
1.0 1.0329528185074537 1.0 1.0 255
*** t = 95
0.0 1.1519874743988296 0.0 1.0 256
0.0 0.7555061296201097 0.0 0.0 257
1.2623614065390656 1.0 2.0 1.0 258
1.0055799451054952 1.0 1.0 1.0 259
0.0 0.7300031608438893 0.0 1.0 260
0.0 0.951266453267136 0.0 0.0 261
1.0 1.118874730683861 1.0 1.0 262
0.0 1.2749370157507998 0.0 1.0 263
0.0 1.0236455734964738 0.0 2.0 264
0.0 1.3859318165449424 0.0 1.0 265
-0.15660403737418746 1.0 0.0 1.0 266
1.0 0.6841876816412708 1.0 1.0 267
1.0 1.5278623042829969 1.0 1.0 268
1.5224919322455326 1.0 1.0 1.0 269
0.0 1.5176035876811662 0.0 1.0 270
0.0 0.43908215899411285 0.0 1.0 271
0.0 1.5104937115142012 0.0 1.0 272
1.0 1.6626050788462388 1.0 1.0 273
0.0 1.6837992519385736 0.0 1.0 274
-0.6807317091093941 1.0 0.0 1.0 275
1.0 0.4159958822363178 1.0 1.0 276
1.7187353244318997 1.0 1.0 1.0 277
0.0 0.10072912572620567 0.0 1.0 278
0.0 1.8744705868361624 0.0 1.0 279
1.0 1.8072654114160471 1.0 1.0 280
0.0 2.0 0.0 1.0 281
1.5212620586482917 1.0 2.0 1.0 181
0.0 0.005273406517910639 0.0 0.0 195
-0.6166214800629239 1.0 -1.0 1.0 201
1.0 1.92032998053194 1.0 2.0 203
0.0 0.32842015458724716 0.0 0.0 204
-0.7889087066764034 1.0 -1.0 1.0 206
-0.4596775199315103 1.0 -1.0 1.0 211
1.764485084700619 1.0 2.0 1.0 214
1.6000194729046233 1.0 2.0 1.0 216
0.0 1.731020863991798 0.0 2.0 217
1.0 1.7390316640173262 1.0 2.0 220
0.0 0.4242417532301809 0.0 0.0 223
1.2952536037049018 1.0 2.0 1.0 224
0.0 0.18448347321188674 0.0 0.0 227
0.6784482043193107 1.0 1.0 1.0 228
0.6959499678928158 1.0 1.0 1.0 229
1.0 1.3836396455644375 1.0 2.0 230
0.035913953380129204 1.0 0.0 1.0 231
1.6940350512250106 1.0 2.0 1.0 232
1.0 1.7490124819814878 1.0 2.0 233
0.673644357192544 1.0 1.0 1.0 234
0.9773827201401898 1.0 1.0 1.0 235
1.0 0.8949375833892995 1.0 0.0 236
0.0 1.0583622252375746 0.0 2.0 237
0.7180515047740148 1.0 1.0 1.0 238
0.6245577261526485 1.0 0.0 1.0 240
0.6783592930373996 1.0 0.0 1.0 241
1.0 0.8770441143394885 1.0 0.0 242
-0.2559677131738278 1.0 -1.0 1.0 243
0.560157682493972 1.0 0.0 1.0 244
0.25318621072006686 1.0 1.0 1.0 245
0.42771984135253116 1.0 1.0 1.0 246
-0.3634862137545554 1.0 -1.0 1.0 247
0.0 0.7206510477752339 0.0 0.0 248
1.4349830963763914 1.0 2.0 1.0 249
1.1102133481803538 1.0 1.0 1.0 251
0.15695417389744445 1.0 1.0 1.0 252
0.0 0.9204654314908698 0.0 1.0 253
0.27179832030364653 1.0 1.0 1.0 254
0.9120719208208854 1.0 0.0 1.0 255
*** t = 96
0.0 1.0459859086986834 0.0 1.0 256
0.0 0.5999443958226234 0.0 0.0 257
1.4201565823564488 1.0 2.0 1.0 258
0.8812774382436822 1.0 0.0 1.0 259
0.0 0.8342893266787306 0.0 1.0 260
0.0 0.8014473751624411 0.0 0.0 261
0.9929996922101267 1.0 0.0 1.0 262
0.0 1.1540931850425997 0.0 1.0 263
0.0 1.2283746881957684 0.0 2.0 264
0.0 1.2631181798539308 0.0 1.0 265
0.01207515515097507 1.0 1.0 1.0 266
1.0 0.8210252179695249 1.0 1.0 267
1.0 1.4334347651395962 1.0 1.0 268
1.426990318694639 1.0 1.0 1.0 269
0.0 1.3970044846014578 0.0 1.0 270
0.0 0.5854428786588172 0.0 1.0 271
0.0 1.3473249486856016 0.0 1.0 272
1.0 1.5501401051283183 1.0 1.0 273
0.0 1.5256988779078604 0.0 1.0 274
-0.5210975636640911 1.0 0.0 1.0 275
1.0 0.6239938233544766 1.0 1.0 276
1.5781029866478495 1.0 1.0 1.0 277
0.0 0.20145825145241134 0.0 1.0 278
0.0 1.7489411736723248 0.0 1.0 279
1.0 1.6145308228320943 1.0 1.0 280
0.0 1.8684908734700985 0.0 1.0 281
0.0 0.0 0.0 1.0 282
0.0 2.0 0.0 1.0 283
-1.0 1.0 0.0 1.0 284
1.0 0.0 1.0 1.0 285
1.0 2.0 1.0 1.0 286
2.0 1.0 1.0 1.0 287
1.5976639392133913 1.0 2.0 1.0 181
-0.7135333867319211 1.0 -1.0 1.0 201
0.0 0.22566708360983362 0.0 0.0 204
-0.8604650549434596 1.0 -1.0 1.0 206
-0.5231417599285324 1.0 -1.0 1.0 211
1.8412018275136894 1.0 2.0 1.0 214
1.7182021762184698 1.0 2.0 1.0 216
0.0 1.8134504289437885 0.0 2.0 217
1.0 1.8759832472181925 1.0 2.0 220
0.0 0.2954538408916899 0.0 0.0 223
1.4160564249525283 1.0 2.0 1.0 224
0.0 0.08362144394588046 0.0 0.0 227
0.7771804516322114 1.0 1.0 1.0 228
0.7957117307100403 1.0 1.0 1.0 229
1.0 1.5238537423623457 1.0 2.0 230
-0.07962051995045141 1.0 -1.0 1.0 231
1.7936841718853054 1.0 2.0 1.0 232
1.0 1.8518955691568695 1.0 2.0 233
0.7782471295170781 1.0 1.0 1.0 234
1.0 1.1092082348162025 1.0 2.0 235
1.0 0.7546000889485862 1.0 0.0 236
0.0 1.1955863735867462 0.0 2.0 237
0.8407694694007302 1.0 1.0 1.0 238
0.5263118494492662 1.0 0.0 1.0 240
0.583956385397214 1.0 0.0 1.0 241
1.0 0.7137398154425261 1.0 0.0 242
-0.3525806141871991 1.0 -1.0 1.0 243
0.4494005811473544 1.0 0.0 1.0 244
0.3576183949467392 1.0 1.0 1.0 245
0.5575125542027612 1.0 1.0 1.0 246
-0.48743950591406054 1.0 -1.0 1.0 247
0.0 0.6043465975729825 0.0 0.0 248
1.5654361051378816 1.0 2.0 1.0 249
1.029323652560386 1.0 1.0 1.0 251
0.27264959128718896 1.0 1.0 1.0 252
0.022739368323188625 1.0 1.0 1.0 253
0.41310924478182953 1.0 1.0 1.0 254
0.7911910231343171 1.0 0.0 1.0 255
*** t = 97
0.06001565700146294 1.0 1.0 1.0 256
0.0 0.4443826620251371 0.0 0.0 257
1.577951758173832 1.0 2.0 1.0 258
0.7569749313818692 1.0 0.0 1.0 259
0.0 0.9385754925135719 0.0 1.0 260
0.0 0.6516282970577463 0.0 0.0 261
0.8671246537363926 1.0 0.0 1.0 262
0.0 1.0332493543343997 0.0 1.0 263
0.0 1.4331038028950631 0.0 2.0 264
0.0 1.1403045431629193 0.0 1.0 265
0.1807543476761376 1.0 1.0 1.0 266
1.0 0.957862754297779 1.0 1.0 267
1.0 1.3390072259961956 1.0 1.0 268
1.3314887051437456 1.0 1.0 1.0 269
0.0 1.2764053815217493 0.0 1.0 270
0.0 0.7318035983235215 0.0 1.0 271
0.0 1.184156185857002 0.0 1.0 272
1.0 1.437675131410398 1.0 1.0 273
0.0 1.3675985038771472 0.0 1.0 274
-0.36146341821878814 1.0 0.0 1.0 275
1.0 0.8319917644726356 1.0 1.0 276
1.4374706488637994 1.0 1.0 1.0 277
0.0 0.302187377178617 0.0 1.0 278
0.0 1.6234117605084872 0.0 1.0 279
1.0 1.4217962342481414 1.0 1.0 280
0.0 1.736981746940197 0.0 1.0 281
0.0 0.1418650253522479 0.0 1.0 282
0.0 1.8678589768937086 0.0 1.0 283
-0.8851699304449308 1.0 0.0 1.0 284
1.0 0.14750815879527177 1.0 1.0 285
1.0 1.9191057836082333 1.0 1.0 286
1.864247831041808 1.0 1.0 1.0 287
0.0 2.0 0.0 1.0 288
1.674065819778491 1.0 2.0 1.0 181
-0.8104452934009183 1.0 -1.0 1.0 201
0.0 0.12291401263242006 0.0 0.0 204
-0.9320214032105157 1.0 -1.0 1.0 206
-0.5866059999255545 1.0 -1.0 1.0 211
1.9179185703267598 1.0 2.0 1.0 214
1.8363848795323163 1.0 2.0 1.0 216
0.0 1.8958799938957789 0.0 2.0 217
0.0 0.16666592855319898 0.0 0.0 223
1.5368592462001547 1.0 2.0 1.0 224
0.875912698945112 1.0 1.0 1.0 228
0.8954734935272648 1.0 1.0 1.0 229
1.0 1.664067839160254 1.0 2.0 230
-0.19515499328103203 1.0 -1.0 1.0 231
1.8933332925456001 1.0 2.0 1.0 232
1.0 1.9547786563322511 1.0 2.0 233
0.8828499018416122 1.0 1.0 1.0 234
1.0 1.241033749492215 1.0 2.0 235
1.0 0.6142625945078729 1.0 0.0 236
0.0 1.3328105219359179 0.0 2.0 237
0.9634874340274455 1.0 1.0 1.0 238
0.428065972745884 1.0 0.0 1.0 240
0.4895534777570283 1.0 0.0 1.0 241
1.0 0.5504355165455637 1.0 0.0 242
-0.4491935152005704 1.0 -1.0 1.0 243
0.33864347980073684 1.0 0.0 1.0 244
0.4620505791734115 1.0 1.0 1.0 245
0.6873052670529913 1.0 1.0 1.0 246
-0.6113927980735656 1.0 -1.0 1.0 247
0.0 0.488042147370731 0.0 0.0 248
1.6958891138993717 1.0 2.0 1.0 249
0.9484339569404181 1.0 0.0 1.0 251
0.3883450086769335 1.0 1.0 1.0 252
0.12501330515550746 1.0 1.0 1.0 253
0.5544201692600125 1.0 1.0 1.0 254
0.6703101254477488 1.0 0.0 1.0 255
*** t = 98
0.16601722270160924 1.0 1.0 1.0 256
0.0 0.2888209282276508 0.0 0.0 257
1.7357469339912153 1.0 2.0 1.0 258
0.6326724245200562 1.0 0.0 1.0 259
-0.04286165834841321 1.0 -1.0 1.0 260
0.0 0.5018092189530514 0.0 0.0 261
0.7412496152626584 1.0 0.0 1.0 262
0.0 0.9124055236261996 0.0 0.0 263
0.0 1.6378329175943578 0.0 2.0 264
0.0 1.0174909064719078 0.0 1.0 265
0.34943354020130013 1.0 1.0 1.0 266
0.9052997093739669 1.0 0.0 1.0 267
1.0 1.244579686852795 1.0 1.0 268
1.2359870915928521 1.0 1.0 1.0 269
0.0 1.1558062784420409 0.0 1.0 270
0.0 0.8781643179882258 0.0 1.0 271
0.0 1.0209874230284024 0.0 1.0 272
1.0 1.3252101576924775 1.0 1.0 273
0.0 1.209498129846434 0.0 1.0 274
-0.2018292727734852 1.0 0.0 1.0 275
1.0399897055907945 1.0 2.0 1.0 276
1.2968383110797492 1.0 1.0 1.0 277
0.0 0.40291650290482267 0.0 1.0 278
0.0 1.4978823473446496 0.0 1.0 279
1.0 1.2290616456641885 1.0 1.0 280
0.0 1.6054726204102954 0.0 1.0 281
0.0 0.2837300507044958 0.0 1.0 282
0.0 1.7357179537874172 0.0 1.0 283
-0.7703398608898615 1.0 0.0 1.0 284
1.0 0.29501631759054353 1.0 1.0 285
1.0 1.8382115672164665 1.0 1.0 286
1.728495662083616 1.0 1.0 1.0 287
0.0 1.8702987009799878 0.0 1.0 288
0.0 0.0 0.0 1.0 289
0.0 2.0 0.0 1.0 290
1.0 2.0 1.0 1.0 291
1.7504677003435907 1.0 2.0 1.0 181
-0.9073572000699155 1.0 -1.0 1.0 201
0.0 0.02016094165500651 0.0 0.0 204
-0.6500702399225766 1.0 -1.0 1.0 211
1.9946353131398302 1.0 2.0 1.0 214
1.9545675828461628 1.0 2.0 1.0 216
0.0 1.9783095588477693 0.0 2.0 217
0.0 0.037878016214708043 0.0 0.0 223
1.657662067447781 1.0 2.0 1.0 224
0.9746449462580127 1.0 1.0 1.0 228
0.9952352563444893 1.0 1.0 1.0 229
1.0 1.804281935958162 1.0 2.0 230
-0.3106894666116127 1.0 -1.0 1.0 231
1.9929824132058949 1.0 2.0 1.0 232
0.9874526741661462 1.0 1.0 1.0 234
1.0 1.3728592641682276 1.0 2.0 235
1.0 0.4739251000671596 1.0 0.0 236
0.0 1.4700346702850895 0.0 2.0 237
1.0 1.0862053986541609 1.0 2.0 238
0.32982009604250173 1.0 0.0 1.0 240
0.3951505701168426 1.0 0.0 1.0 241
1.0 0.38713121764860126 1.0 0.0 242
-0.5458064162139417 1.0 -1.0 1.0 243
0.22788637845411924 1.0 0.0 1.0 244
0.5664827634000839 1.0 1.0 1.0 245
0.8170979799032214 1.0 1.0 1.0 246
-0.7353460902330707 1.0 -1.0 1.0 247
0.0 0.3717376971684795 0.0 0.0 248
1.8263421226608618 1.0 2.0 1.0 249
0.8675442613204503 1.0 0.0 1.0 251
0.504040426066678 1.0 1.0 1.0 252
0.2272872419878263 1.0 1.0 1.0 253
0.6957310937381954 1.0 1.0 1.0 254
0.5494292277611805 1.0 0.0 1.0 255
*** t = 99
0.27201878840175553 1.0 1.0 1.0 256
0.0 0.1332591944301645 0.0 0.0 257
1.8935421098085985 1.0 2.0 1.0 258
0.5083699176582432 1.0 0.0 1.0 259
-0.14714782418325456 1.0 -1.0 1.0 260
0.0 0.35199014084835656 0.0 0.0 261
0.6153745767889243 1.0 0.0 1.0 262
0.0 0.7915616929179996 0.0 0.0 263
0.0 1.8425620322936525 0.0 2.0 264
0.0 0.8946772697808963 0.0 0.0 265
0.5181127327264626 1.0 1.0 1.0 266
0.7684621730457127 1.0 0.0 1.0 267
1.0 1.1501521477093943 1.0 1.0 268
1.1404854780419587 1.0 1.0 1.0 269
0.0 1.0352071753623324 0.0 1.0 270
0.0 1.02452503765293 0.0 2.0 271
0.14218133980019718 1.0 1.0 1.0 272
1.0 1.212745183974557 1.0 1.0 273
0.0 1.0513977558157208 0.0 1.0 274
-0.04219512732818226 1.0 0.0 1.0 275
1.2479876467089535 1.0 2.0 1.0 276
1.156205973295699 1.0 1.0 1.0 277
0.0 0.5036456286310284 0.0 1.0 278
0.0 1.372352934180812 0.0 1.0 279
1.0 1.0363270570802356 1.0 1.0 280
0.0 1.4739634938803938 0.0 1.0 281
0.0 0.42559507605674374 0.0 1.0 282
0.0 1.6035769306811258 0.0 1.0 283
-0.6555097913347923 1.0 0.0 1.0 284
1.0 0.44252447638581527 1.0 1.0 285
1.0 1.7573173508246998 1.0 1.0 286
1.592743493125424 1.0 1.0 1.0 287
0.0 1.7405974019599757 0.0 1.0 288
0.0 0.10867978082650173 0.0 1.0 289
0.0 1.8337090972967327 0.0 1.0 290
1.0 1.91002372911568 1.0 1.0 291
0.0 2.0 0.0 1.0 292
-1.0 1.0 0.0 1.0 293
1.0 0.0 1.0 1.0 294
2.0 1.0 1.0 1.0 295
1.8268695809086903 1.0 2.0 1.0 181
-0.7135344799195987 1.0 -1.0 1.0 211
1.7784648886954075 1.0 2.0 1.0 224
1.0 0.9266228064290867 1.0 0.0 228
1.0 0.9050029808382862 1.0 0.0 229
1.0 1.9444960327560703 1.0 2.0 230
-0.4262239399421933 1.0 -1.0 1.0 231
1.0920554464906802 1.0 2.0 1.0 234
1.0 1.5046847788442401 1.0 2.0 235
1.0 0.3335876056264463 1.0 0.0 236
0.0 1.6072588186342611 0.0 2.0 237
1.0 1.2089233632808762 1.0 2.0 238
0.23157421933911948 1.0 0.0 1.0 240
0.30074766247665696 1.0 0.0 1.0 241
1.0 0.22382691875163882 1.0 0.0 242
-0.6424193172273129 1.0 -1.0 1.0 243
0.11712927710750165 1.0 0.0 1.0 244
0.6709149476267562 1.0 1.0 1.0 245
0.9468906927534515 1.0 1.0 1.0 246
-0.8592993823925759 1.0 -1.0 1.0 247
0.0 0.255433246966228 0.0 0.0 248
1.956795131422352 1.0 2.0 1.0 249
0.7866545657004824 1.0 0.0 1.0 251
0.6197358434564225 1.0 1.0 1.0 252
0.32956117882014513 1.0 1.0 1.0 253
0.8370420182163784 1.0 1.0 1.0 254
0.4285483300746123 1.0 0.0 1.0 255
*** t = 100
0.3780203541019018 1.0 1.0 1.0 256
0.3840674107964302 1.0 0.0 1.0 259
-0.2514339900180959 1.0 -1.0 1.0 260
0.0 0.20217106274366167 0.0 0.0 261
0.4894995383151901 1.0 0.0 1.0 262
0.0 0.6707178622097996 0.0 0.0 263
0.0 0.7718636330898849 0.0 0.0 265
0.6867919252516251 1.0 1.0 1.0 266
0.6316246367174586 1.0 0.0 1.0 267
1.0 1.0557246085659937 1.0 1.0 268
1.0449838644910652 1.0 1.0 1.0 269
0.08539192771737597 1.0 1.0 1.0 270
0.0 1.1708857573176343 0.0 2.0 271
0.30535010262879675 1.0 1.0 1.0 272
1.0 1.1002802102566367 1.0 1.0 273
0.0 0.8932973817850077 0.0 0.0 274
0.0 0.8825609818828793 0.0 0.0 275
1.4559855878271124 1.0 2.0 1.0 276
1.015573635511649 1.0 1.0 1.0 277
0.0 0.604374754357234 0.0 1.0 278
0.0 1.2468235210169745 0.0 1.0 279
1.0 0.8435924684962829 1.0 0.0 280
0.0 1.3424543673504923 0.0 1.0 281
0.0 0.5674601014089916 0.0 1.0 282
0.0 1.4714359075748344 0.0 1.0 283
-0.540679721779723 1.0 0.0 1.0 284
1.0 0.5900326351810871 1.0 1.0 285
1.0 1.676423134432933 1.0 1.0 286
1.456991324167232 1.0 1.0 1.0 287
0.0 1.6108961029399635 0.0 1.0 288
0.0 0.21735956165300346 0.0 1.0 289
0.0 1.6674181945934654 0.0 1.0 290
1.0 1.8200474582313602 1.0 1.0 291
0.0 1.8537075423585576 0.0 1.0 292
-0.8360307232771133 1.0 0.0 1.0 293
1.0 0.1295391046539052 1.0 1.0 294
1.8635407503985397 1.0 1.0 1.0 295
0.0 0.0 0.0 1.0 296
0.0 2.0 0.0 1.0 297
1.0 2.0 1.0 1.0 298
1.90327146147379 1.0 2.0 1.0 181
-0.7769987199166208 1.0 -1.0 1.0 211
1.899267709943034 1.0 2.0 1.0 224
1.0 0.827890559116186 1.0 0.0 228
1.0 0.8052412180210617 1.0 0.0 229
-0.541758413272774 1.0 -1.0 1.0 231
1.1966582188152142 1.0 2.0 1.0 234
1.0 1.6365102935202527 1.0 2.0 235
1.0 0.19325011118573296 1.0 0.0 236
0.0 1.7444829669834327 0.0 2.0 237
1.0 1.3316413279075916 1.0 2.0 238
0.13332834263573723 1.0 0.0 1.0 240
0.2063447548364713 1.0 0.0 1.0 241
1.0 0.060522619854676385 1.0 0.0 242
-0.7390322182406842 1.0 -1.0 1.0 243
0.006372175760884058 1.0 0.0 1.0 244
0.7753471318534285 1.0 1.0 1.0 245
1.0766834056036816 1.0 2.0 1.0 246
-0.983252674552081 1.0 -1.0 1.0 247
0.0 0.1391287967639765 0.0 0.0 248
0.7057648700805146 1.0 0.0 1.0 251
0.7354312608461671 1.0 1.0 1.0 252
0.43183511565246396 1.0 1.0 1.0 253
0.9783529426945613 1.0 1.0 1.0 254
0.30766743238804406 1.0 0.0 1.0 255
